id,set_id,set_name,local_id,name,tcgdex_state,tcgdex_reason,ptcgio_state,ptcgio_reason,ptcgio_status,id_match,number_match,name_match,set_match,alias_state,alias_asset_liveness,outcome,sensitivity_outcome
2011bw-1,2011bw,McDonald's Collection 2011,1,Snivy,T2_TCGDEX_ENTITY_PRESENT_IMAGE_ABSENT,card_image_absent,,,,,,,,A0_NOT_APPLICABLE,ASSET_NOT_APPLICABLE,,
2011bw-10,2011bw,McDonald's Collection 2011,10,Klink,T2_TCGDEX_ENTITY_PRESENT_IMAGE_ABSENT,card_image_absent,,,,,,,,A0_NOT_APPLICABLE,ASSET_NOT_APPLICABLE,,
2011bw-11,2011bw,McDonald's Collection 2011,11,Pidove,T2_TCGDEX_ENTITY_PRESENT_IMAGE_ABSENT,card_image_absent,,,,,,,,A0_NOT_APPLICABLE,ASSET_NOT_APPLICABLE,,
2011bw-12,2011bw,McDonald's Collection 2011,12,Audino,T2_TCGDEX_ENTITY_PRESENT_IMAGE_ABSENT,card_image_absent,,,,,,,,A0_NOT_APPLICABLE,ASSET_NOT_APPLICABLE,,
2011bw-2,2011bw,McDonald's Collection 2011,2,Maractus,T2_TCGDEX_ENTITY_PRESENT_IMAGE_ABSENT,card_image_absent,,,,,,,,A0_NOT_APPLICABLE,ASSET_NOT_APPLICABLE,,
2011bw-3,2011bw,McDonald's Collection 2011,3,Tepig,T2_TCGDEX_ENTITY_PRESENT_IMAGE_ABSENT,card_image_absent,,,,,,,,A0_NOT_APPLICABLE,ASSET_NOT_APPLICABLE,,
2011bw-4,2011bw,McDonald's Collection 2011,4,Oshawott,T2_TCGDEX_ENTITY_PRESENT_IMAGE_ABSENT,card_image_absent,,,,,,,,A0_NOT_APPLICABLE,ASSET_NOT_APPLICABLE,,
2011bw-5,2011bw,McDonald's Collection 2011,5,Alomomola,T2_TCGDEX_ENTITY_PRESENT_IMAGE_ABSENT,card_image_absent,,,,,,,,A0_NOT_APPLICABLE,ASSET_NOT_APPLICABLE,,
2011bw-6,2011bw,McDonald's Collection 2011,6,Blitzle,T2_TCGDEX_ENTITY_PRESENT_IMAGE_ABSENT,card_image_absent,,,,,,,,A0_NOT_APPLICABLE,ASSET_NOT_APPLICABLE,,
2011bw-7,2011bw,McDonald's Collection 2011,7,Munna,T2_TCGDEX_ENTITY_PRESENT_IMAGE_ABSENT,card_image_absent,,,,,,,,A0_NOT_APPLICABLE,ASSET_NOT_APPLICABLE,,
2011bw-8,2011bw,McDonald's Collection 2011,8,Sandile,T2_TCGDEX_ENTITY_PRESENT_IMAGE_ABSENT,card_image_absent,,,,,,,,A0_NOT_APPLICABLE,ASSET_NOT_APPLICABLE,,
2011bw-9,2011bw,McDonald's Collection 2011,9,Zorua,T2_TCGDEX_ENTITY_PRESENT_IMAGE_ABSENT,card_image_absent,,,,,,,,A0_NOT_APPLICABLE,ASSET_NOT_APPLICABLE,,
2012bw-1,2012bw,McDonald's Collection 2012,1,Servine,T2_TCGDEX_ENTITY_PRESENT_IMAGE_ABSENT,card_image_absent,,,,,,,,A0_NOT_APPLICABLE,ASSET_NOT_APPLICABLE,,
2012bw-10,2012bw,McDonald's Collection 2012,10,Scraggy,T2_TCGDEX_ENTITY_PRESENT_IMAGE_ABSENT,card_image_absent,,,,,,,,A0_NOT_APPLICABLE,ASSET_NOT_APPLICABLE,,
2012bw-11,2012bw,McDonald's Collection 2012,11,Klang,T2_TCGDEX_ENTITY_PRESENT_IMAGE_ABSENT,card_image_absent,,,,,,,,A0_NOT_APPLICABLE,ASSET_NOT_APPLICABLE,,
2012bw-12,2012bw,McDonald's Collection 2012,12,Axew,T2_TCGDEX_ENTITY_PRESENT_IMAGE_ABSENT,card_image_absent,,,,,,,,A0_NOT_APPLICABLE,ASSET_NOT_APPLICABLE,,
2012bw-2,2012bw,McDonald's Collection 2012,2,Pansage,T2_TCGDEX_ENTITY_PRESENT_IMAGE_ABSENT,card_image_absent,,,,,,,,A0_NOT_APPLICABLE,ASSET_NOT_APPLICABLE,,
2012bw-3,2012bw,McDonald's Collection 2012,3,Dwebble,T2_TCGDEX_ENTITY_PRESENT_IMAGE_ABSENT,card_image_absent,,,,,,,,A0_NOT_APPLICABLE,ASSET_NOT_APPLICABLE,,
2012bw-4,2012bw,McDonald's Collection 2012,4,Pignite,T2_TCGDEX_ENTITY_PRESENT_IMAGE_ABSENT,card_image_absent,,,,,,,,A0_NOT_APPLICABLE,ASSET_NOT_APPLICABLE,,
2012bw-5,2012bw,McDonald's Collection 2012,5,Dewott,T2_TCGDEX_ENTITY_PRESENT_IMAGE_ABSENT,card_image_absent,,,,,,,,A0_NOT_APPLICABLE,ASSET_NOT_APPLICABLE,,
2012bw-6,2012bw,McDonald's Collection 2012,6,Emolga,T2_TCGDEX_ENTITY_PRESENT_IMAGE_ABSENT,card_image_absent,,,,,,,,A0_NOT_APPLICABLE,ASSET_NOT_APPLICABLE,,
2012bw-7,2012bw,McDonald's Collection 2012,7,Woobat,T2_TCGDEX_ENTITY_PRESENT_IMAGE_ABSENT,card_image_absent,,,,,,,,A0_NOT_APPLICABLE,ASSET_NOT_APPLICABLE,,
2012bw-8,2012bw,McDonald's Collection 2012,8,Drilbur,T2_TCGDEX_ENTITY_PRESENT_IMAGE_ABSENT,card_image_absent,,,,,,,,A0_NOT_APPLICABLE,ASSET_NOT_APPLICABLE,,
2012bw-9,2012bw,McDonald's Collection 2012,9,Purrloin,T2_TCGDEX_ENTITY_PRESENT_IMAGE_ABSENT,card_image_absent,,,,,,,,A0_NOT_APPLICABLE,ASSET_NOT_APPLICABLE,,
2014xy-1,2014xy,McDonald's Collection 2014,1,Weedle,T2_TCGDEX_ENTITY_PRESENT_IMAGE_ABSENT,card_image_absent,,,,,,,,A0_NOT_APPLICABLE,ASSET_NOT_APPLICABLE,,
2014xy-10,2014xy,McDonald's Collection 2014,10,Bunnelby,T2_TCGDEX_ENTITY_PRESENT_IMAGE_ABSENT,card_image_absent,,,,,,,,A0_NOT_APPLICABLE,ASSET_NOT_APPLICABLE,,
2014xy-11,2014xy,McDonald's Collection 2014,11,Fletchling,T2_TCGDEX_ENTITY_PRESENT_IMAGE_ABSENT,card_image_absent,,,,,,,,A0_NOT_APPLICABLE,ASSET_NOT_APPLICABLE,,
2014xy-12,2014xy,McDonald's Collection 2014,12,Furfrou,T2_TCGDEX_ENTITY_PRESENT_IMAGE_ABSENT,card_image_absent,,,,,,,,A0_NOT_APPLICABLE,ASSET_NOT_APPLICABLE,,
2014xy-2,2014xy,McDonald's Collection 2014,2,Chespin,T2_TCGDEX_ENTITY_PRESENT_IMAGE_ABSENT,card_image_absent,,,,,,,,A0_NOT_APPLICABLE,ASSET_NOT_APPLICABLE,,
2014xy-3,2014xy,McDonald's Collection 2014,3,Fennekin,T2_TCGDEX_ENTITY_PRESENT_IMAGE_ABSENT,card_image_absent,,,,,,,,A0_NOT_APPLICABLE,ASSET_NOT_APPLICABLE,,
2014xy-4,2014xy,McDonald's Collection 2014,4,Froakie,T2_TCGDEX_ENTITY_PRESENT_IMAGE_ABSENT,card_image_absent,,,,,,,,A0_NOT_APPLICABLE,ASSET_NOT_APPLICABLE,,
2014xy-5,2014xy,McDonald's Collection 2014,5,Pikachu,T2_TCGDEX_ENTITY_PRESENT_IMAGE_ABSENT,card_image_absent,,,,,,,,A0_NOT_APPLICABLE,ASSET_NOT_APPLICABLE,,
2014xy-6,2014xy,McDonald's Collection 2014,6,Inkay,T2_TCGDEX_ENTITY_PRESENT_IMAGE_ABSENT,card_image_absent,,,,,,,,A0_NOT_APPLICABLE,ASSET_NOT_APPLICABLE,,
2014xy-7,2014xy,McDonald's Collection 2014,7,Honedge,T2_TCGDEX_ENTITY_PRESENT_IMAGE_ABSENT,card_image_absent,,,,,,,,A0_NOT_APPLICABLE,ASSET_NOT_APPLICABLE,,
2014xy-8,2014xy,McDonald's Collection 2014,8,Snubbull,T2_TCGDEX_ENTITY_PRESENT_IMAGE_ABSENT,card_image_absent,,,,,,,,A0_NOT_APPLICABLE,ASSET_NOT_APPLICABLE,,
2014xy-9,2014xy,McDonald's Collection 2014,9,Swirlix,T2_TCGDEX_ENTITY_PRESENT_IMAGE_ABSENT,card_image_absent,,,,,,,,A0_NOT_APPLICABLE,ASSET_NOT_APPLICABLE,,
2015xy-1,2015xy,McDonald's Collection 2015,1,Treecko,T2_TCGDEX_ENTITY_PRESENT_IMAGE_ABSENT,card_image_absent,,,,,,,,A0_NOT_APPLICABLE,ASSET_NOT_APPLICABLE,,
2015xy-10,2015xy,McDonald's Collection 2015,10,Marill,T2_TCGDEX_ENTITY_PRESENT_IMAGE_ABSENT,card_image_absent,,,,,,,,A0_NOT_APPLICABLE,ASSET_NOT_APPLICABLE,,
2015xy-11,2015xy,McDonald's Collection 2015,11,Zigzagoon,T2_TCGDEX_ENTITY_PRESENT_IMAGE_ABSENT,card_image_absent,,,,,,,,A0_NOT_APPLICABLE,ASSET_NOT_APPLICABLE,,
2015xy-12,2015xy,McDonald's Collection 2015,12,Skitty,T2_TCGDEX_ENTITY_PRESENT_IMAGE_ABSENT,card_image_absent,,,,,,,,A0_NOT_APPLICABLE,ASSET_NOT_APPLICABLE,,
2015xy-2,2015xy,McDonald's Collection 2015,2,Lotad,T2_TCGDEX_ENTITY_PRESENT_IMAGE_ABSENT,card_image_absent,,,,,,,,A0_NOT_APPLICABLE,ASSET_NOT_APPLICABLE,,
2015xy-3,2015xy,McDonald's Collection 2015,3,Torchic,T2_TCGDEX_ENTITY_PRESENT_IMAGE_ABSENT,card_image_absent,,,,,,,,A0_NOT_APPLICABLE,ASSET_NOT_APPLICABLE,,
2015xy-4,2015xy,McDonald's Collection 2015,4,Staryu,T2_TCGDEX_ENTITY_PRESENT_IMAGE_ABSENT,card_image_absent,,,,,,,,A0_NOT_APPLICABLE,ASSET_NOT_APPLICABLE,,
2015xy-5,2015xy,McDonald's Collection 2015,5,Mudkip,T2_TCGDEX_ENTITY_PRESENT_IMAGE_ABSENT,card_image_absent,,,,,,,,A0_NOT_APPLICABLE,ASSET_NOT_APPLICABLE,,
2015xy-6,2015xy,McDonald's Collection 2015,6,Pikachu,T2_TCGDEX_ENTITY_PRESENT_IMAGE_ABSENT,card_image_absent,,,,,,,,A0_NOT_APPLICABLE,ASSET_NOT_APPLICABLE,,
2015xy-7,2015xy,McDonald's Collection 2015,7,Electrike,T2_TCGDEX_ENTITY_PRESENT_IMAGE_ABSENT,card_image_absent,,,,,,,,A0_NOT_APPLICABLE,ASSET_NOT_APPLICABLE,,
2015xy-8,2015xy,McDonald's Collection 2015,8,Rhyhorn,T2_TCGDEX_ENTITY_PRESENT_IMAGE_ABSENT,card_image_absent,,,,,,,,A0_NOT_APPLICABLE,ASSET_NOT_APPLICABLE,,
2015xy-9,2015xy,McDonald's Collection 2015,9,Meditite,T2_TCGDEX_ENTITY_PRESENT_IMAGE_ABSENT,card_image_absent,,,,,,,,A0_NOT_APPLICABLE,ASSET_NOT_APPLICABLE,,
2016xy-1,2016xy,McDonald's Collection 2016,1,Vulpix,T2_TCGDEX_ENTITY_PRESENT_IMAGE_ABSENT,card_image_absent,,,,,,,,A0_NOT_APPLICABLE,ASSET_NOT_APPLICABLE,,
2016xy-10,2016xy,McDonald's Collection 2016,10,Dedenne,T2_TCGDEX_ENTITY_PRESENT_IMAGE_ABSENT,card_image_absent,,,,,,,,A0_NOT_APPLICABLE,ASSET_NOT_APPLICABLE,,
2016xy-11,2016xy,McDonald's Collection 2016,11,Meowth,T2_TCGDEX_ENTITY_PRESENT_IMAGE_ABSENT,card_image_absent,,,,,,,,A0_NOT_APPLICABLE,ASSET_NOT_APPLICABLE,,
2016xy-12,2016xy,McDonald's Collection 2016,12,Eevee,T2_TCGDEX_ENTITY_PRESENT_IMAGE_ABSENT,card_image_absent,,,,,,,,A0_NOT_APPLICABLE,ASSET_NOT_APPLICABLE,,
2016xy-2,2016xy,McDonald's Collection 2016,2,Torchic,T2_TCGDEX_ENTITY_PRESENT_IMAGE_ABSENT,card_image_absent,,,,,,,,A0_NOT_APPLICABLE,ASSET_NOT_APPLICABLE,,
2016xy-3,2016xy,McDonald's Collection 2016,3,Fennekin,T2_TCGDEX_ENTITY_PRESENT_IMAGE_ABSENT,card_image_absent,,,,,,,,A0_NOT_APPLICABLE,ASSET_NOT_APPLICABLE,,
2016xy-4,2016xy,McDonald's Collection 2016,4,Magikarp,T2_TCGDEX_ENTITY_PRESENT_IMAGE_ABSENT,card_image_absent,,,,,,,,A0_NOT_APPLICABLE,ASSET_NOT_APPLICABLE,,
2016xy-5,2016xy,McDonald's Collection 2016,5,Totodile,T2_TCGDEX_ENTITY_PRESENT_IMAGE_ABSENT,card_image_absent,,,,,,,,A0_NOT_APPLICABLE,ASSET_NOT_APPLICABLE,,
2016xy-6,2016xy,McDonald's Collection 2016,6,Pikachu,T2_TCGDEX_ENTITY_PRESENT_IMAGE_ABSENT,card_image_absent,,,,,,,,A0_NOT_APPLICABLE,ASSET_NOT_APPLICABLE,,
2016xy-7,2016xy,McDonald's Collection 2016,7,Scraggy,T2_TCGDEX_ENTITY_PRESENT_IMAGE_ABSENT,card_image_absent,,,,,,,,A0_NOT_APPLICABLE,ASSET_NOT_APPLICABLE,,
2016xy-8,2016xy,McDonald's Collection 2016,8,Jigglypuff,T2_TCGDEX_ENTITY_PRESENT_IMAGE_ABSENT,card_image_absent,,,,,,,,A0_NOT_APPLICABLE,ASSET_NOT_APPLICABLE,,
2016xy-9,2016xy,McDonald's Collection 2016,9,Togepi,T2_TCGDEX_ENTITY_PRESENT_IMAGE_ABSENT,card_image_absent,,,,,,,,A0_NOT_APPLICABLE,ASSET_NOT_APPLICABLE,,
2017sm-1,2017sm,McDonald's Collection 2017,1,Rowlet,T2_TCGDEX_ENTITY_PRESENT_IMAGE_ABSENT,card_image_absent,,,,,,,,A0_NOT_APPLICABLE,ASSET_NOT_APPLICABLE,,
2017sm-10,2017sm,McDonald's Collection 2017,10,Cutiefly,T2_TCGDEX_ENTITY_PRESENT_IMAGE_ABSENT,card_image_absent,,,,,,,,A0_NOT_APPLICABLE,ASSET_NOT_APPLICABLE,,
2017sm-11,2017sm,McDonald's Collection 2017,11,Pikipek,T2_TCGDEX_ENTITY_PRESENT_IMAGE_ABSENT,card_image_absent,,,,,,,,A0_NOT_APPLICABLE,ASSET_NOT_APPLICABLE,,
2017sm-12,2017sm,McDonald's Collection 2017,12,Yungoos,T2_TCGDEX_ENTITY_PRESENT_IMAGE_ABSENT,card_image_absent,,,,,,,,A0_NOT_APPLICABLE,ASSET_NOT_APPLICABLE,,
2017sm-2,2017sm,McDonald's Collection 2017,2,Grubbin,T2_TCGDEX_ENTITY_PRESENT_IMAGE_ABSENT,card_image_absent,,,,,,,,A0_NOT_APPLICABLE,ASSET_NOT_APPLICABLE,,
2017sm-3,2017sm,McDonald's Collection 2017,3,Litten,T2_TCGDEX_ENTITY_PRESENT_IMAGE_ABSENT,card_image_absent,,,,,,,,A0_NOT_APPLICABLE,ASSET_NOT_APPLICABLE,,
2017sm-4,2017sm,McDonald's Collection 2017,4,Popplio,T2_TCGDEX_ENTITY_PRESENT_IMAGE_ABSENT,card_image_absent,,,,,,,,A0_NOT_APPLICABLE,ASSET_NOT_APPLICABLE,,
2017sm-5,2017sm,McDonald's Collection 2017,5,Pikachu,T2_TCGDEX_ENTITY_PRESENT_IMAGE_ABSENT,card_image_absent,,,,,,,,A0_NOT_APPLICABLE,ASSET_NOT_APPLICABLE,,
2017sm-6,2017sm,McDonald's Collection 2017,6,Cosmog,T2_TCGDEX_ENTITY_PRESENT_IMAGE_ABSENT,card_image_absent,,,,,,,,A0_NOT_APPLICABLE,ASSET_NOT_APPLICABLE,,
2017sm-7,2017sm,McDonald's Collection 2017,7,Crabrawler,T2_TCGDEX_ENTITY_PRESENT_IMAGE_ABSENT,card_image_absent,,,,,,,,A0_NOT_APPLICABLE,ASSET_NOT_APPLICABLE,,
2017sm-8,2017sm,McDonald's Collection 2017,8,Alolan Meowth,T2_TCGDEX_ENTITY_PRESENT_IMAGE_ABSENT,card_image_absent,,,,,,,,A0_NOT_APPLICABLE,ASSET_NOT_APPLICABLE,,
2017sm-9,2017sm,McDonald's Collection 2017,9,Alolan Diglett,T2_TCGDEX_ENTITY_PRESENT_IMAGE_ABSENT,card_image_absent,,,,,,,,A0_NOT_APPLICABLE,ASSET_NOT_APPLICABLE,,
2018sm-1,2018sm,McDonald's Collection 2018,1,Growlithe,T2_TCGDEX_ENTITY_PRESENT_IMAGE_ABSENT,card_image_absent,,,,,,,,A0_NOT_APPLICABLE,ASSET_NOT_APPLICABLE,,
2018sm-10,2018sm,McDonald's Collection 2018,10,Chansey,T2_TCGDEX_ENTITY_PRESENT_IMAGE_ABSENT,card_image_absent,,,,,,,,A0_NOT_APPLICABLE,ASSET_NOT_APPLICABLE,,
2018sm-11,2018sm,McDonald's Collection 2018,11,Eevee,T2_TCGDEX_ENTITY_PRESENT_IMAGE_ABSENT,card_image_absent,,,,,,,,A0_NOT_APPLICABLE,ASSET_NOT_APPLICABLE,,
2018sm-12,2018sm,McDonald's Collection 2018,12,Porygon,T2_TCGDEX_ENTITY_PRESENT_IMAGE_ABSENT,card_image_absent,,,,,,,,A0_NOT_APPLICABLE,ASSET_NOT_APPLICABLE,,
2018sm-2,2018sm,McDonald's Collection 2018,2,Psyduck,T2_TCGDEX_ENTITY_PRESENT_IMAGE_ABSENT,card_image_absent,,,,,,,,A0_NOT_APPLICABLE,ASSET_NOT_APPLICABLE,,
2018sm-3,2018sm,McDonald's Collection 2018,3,Horsea,T2_TCGDEX_ENTITY_PRESENT_IMAGE_ABSENT,card_image_absent,,,,,,,,A0_NOT_APPLICABLE,ASSET_NOT_APPLICABLE,,
2018sm-4,2018sm,McDonald's Collection 2018,4,Pikachu,T2_TCGDEX_ENTITY_PRESENT_IMAGE_ABSENT,card_image_absent,,,,,,,,A0_NOT_APPLICABLE,ASSET_NOT_APPLICABLE,,
2018sm-5,2018sm,McDonald's Collection 2018,5,Slowpoke,T2_TCGDEX_ENTITY_PRESENT_IMAGE_ABSENT,card_image_absent,,,,,,,,A0_NOT_APPLICABLE,ASSET_NOT_APPLICABLE,,
2018sm-6,2018sm,McDonald's Collection 2018,6,Machop,T2_TCGDEX_ENTITY_PRESENT_IMAGE_ABSENT,card_image_absent,,,,,,,,A0_NOT_APPLICABLE,ASSET_NOT_APPLICABLE,,
2018sm-7,2018sm,McDonald's Collection 2018,7,Cubone,T2_TCGDEX_ENTITY_PRESENT_IMAGE_ABSENT,card_image_absent,,,,,,,,A0_NOT_APPLICABLE,ASSET_NOT_APPLICABLE,,
2018sm-8,2018sm,McDonald's Collection 2018,8,Magnemite,T2_TCGDEX_ENTITY_PRESENT_IMAGE_ABSENT,card_image_absent,,,,,,,,A0_NOT_APPLICABLE,ASSET_NOT_APPLICABLE,,
2018sm-9,2018sm,McDonald's Collection 2018,9,Dratini,T2_TCGDEX_ENTITY_PRESENT_IMAGE_ABSENT,card_image_absent,,,,,,,,A0_NOT_APPLICABLE,ASSET_NOT_APPLICABLE,,
2019sm-1,2019sm,McDonald's Collection 2019,1,Caterpie,T2_TCGDEX_ENTITY_PRESENT_IMAGE_ABSENT,card_image_absent,,,,,,,,A0_NOT_APPLICABLE,ASSET_NOT_APPLICABLE,,
2019sm-10,2019sm,McDonald's Collection 2019,10,Alolan Meowth,T2_TCGDEX_ENTITY_PRESENT_IMAGE_ABSENT,card_image_absent,,,,,,,,A0_NOT_APPLICABLE,ASSET_NOT_APPLICABLE,,
2019sm-11,2019sm,McDonald's Collection 2019,11,Alolan Dugtrio,T2_TCGDEX_ENTITY_PRESENT_IMAGE_ABSENT,card_image_absent,,,,,,,,A0_NOT_APPLICABLE,ASSET_NOT_APPLICABLE,,
2019sm-12,2019sm,McDonald's Collection 2019,12,Eevee,T2_TCGDEX_ENTITY_PRESENT_IMAGE_ABSENT,card_image_absent,,,,,,,,A0_NOT_APPLICABLE,ASSET_NOT_APPLICABLE,,
2019sm-2,2019sm,McDonald's Collection 2019,2,Alolan Exeggutor,T2_TCGDEX_ENTITY_PRESENT_IMAGE_ABSENT,card_image_absent,,,,,,,,A0_NOT_APPLICABLE,ASSET_NOT_APPLICABLE,,
2019sm-3,2019sm,McDonald's Collection 2019,3,Magmar,T2_TCGDEX_ENTITY_PRESENT_IMAGE_ABSENT,card_image_absent,,,,,,,,A0_NOT_APPLICABLE,ASSET_NOT_APPLICABLE,,
2019sm-4,2019sm,McDonald's Collection 2019,4,Alolan Sandshrew,T2_TCGDEX_ENTITY_PRESENT_IMAGE_ABSENT,card_image_absent,,,,,,,,A0_NOT_APPLICABLE,ASSET_NOT_APPLICABLE,,
2019sm-5,2019sm,McDonald's Collection 2019,5,Lapras,T2_TCGDEX_ENTITY_PRESENT_IMAGE_ABSENT,card_image_absent,,,,,,,,A0_NOT_APPLICABLE,ASSET_NOT_APPLICABLE,,
2019sm-6,2019sm,McDonald's Collection 2019,6,Pikachu,T2_TCGDEX_ENTITY_PRESENT_IMAGE_ABSENT,card_image_absent,,,,,,,,A0_NOT_APPLICABLE,ASSET_NOT_APPLICABLE,,
2019sm-7,2019sm,McDonald's Collection 2019,7,Gastly,T2_TCGDEX_ENTITY_PRESENT_IMAGE_ABSENT,card_image_absent,,,,,,,,A0_NOT_APPLICABLE,ASSET_NOT_APPLICABLE,,
2019sm-8,2019sm,McDonald's Collection 2019,8,Mankey,T2_TCGDEX_ENTITY_PRESENT_IMAGE_ABSENT,card_image_absent,,,,,,,,A0_NOT_APPLICABLE,ASSET_NOT_APPLICABLE,,
2019sm-9,2019sm,McDonald's Collection 2019,9,Onix,T2_TCGDEX_ENTITY_PRESENT_IMAGE_ABSENT,card_image_absent,,,,,,,,A0_NOT_APPLICABLE,ASSET_NOT_APPLICABLE,,
2021swsh-1,2021swsh,McDonald's Collection 2021,1,Bulbasaur,T2_TCGDEX_ENTITY_PRESENT_IMAGE_ABSENT,card_image_absent,,,,,,,,A0_NOT_APPLICABLE,ASSET_NOT_APPLICABLE,,
2021swsh-10,2021swsh,McDonald's Collection 2021,10,Cyndaquil,T2_TCGDEX_ENTITY_PRESENT_IMAGE_ABSENT,card_image_absent,,,,,,,,A0_NOT_APPLICABLE,ASSET_NOT_APPLICABLE,,
2021swsh-11,2021swsh,McDonald's Collection 2021,11,Torchic,T2_TCGDEX_ENTITY_PRESENT_IMAGE_ABSENT,card_image_absent,,,,,,,,A0_NOT_APPLICABLE,ASSET_NOT_APPLICABLE,,
2021swsh-12,2021swsh,McDonald's Collection 2021,12,Chimchar,T2_TCGDEX_ENTITY_PRESENT_IMAGE_ABSENT,card_image_absent,,,,,,,,A0_NOT_APPLICABLE,ASSET_NOT_APPLICABLE,,
2021swsh-13,2021swsh,McDonald's Collection 2021,13,Tepig,T2_TCGDEX_ENTITY_PRESENT_IMAGE_ABSENT,card_image_absent,,,,,,,,A0_NOT_APPLICABLE,ASSET_NOT_APPLICABLE,,
2021swsh-14,2021swsh,McDonald's Collection 2021,14,Fennekin,T2_TCGDEX_ENTITY_PRESENT_IMAGE_ABSENT,card_image_absent,,,,,,,,A0_NOT_APPLICABLE,ASSET_NOT_APPLICABLE,,
2021swsh-15,2021swsh,McDonald's Collection 2021,15,Litten,T2_TCGDEX_ENTITY_PRESENT_IMAGE_ABSENT,card_image_absent,,,,,,,,A0_NOT_APPLICABLE,ASSET_NOT_APPLICABLE,,
2021swsh-16,2021swsh,McDonald's Collection 2021,16,Scorbunny,T2_TCGDEX_ENTITY_PRESENT_IMAGE_ABSENT,card_image_absent,,,,,,,,A0_NOT_APPLICABLE,ASSET_NOT_APPLICABLE,,
2021swsh-17,2021swsh,McDonald's Collection 2021,17,Squirtle,T2_TCGDEX_ENTITY_PRESENT_IMAGE_ABSENT,card_image_absent,,,,,,,,A0_NOT_APPLICABLE,ASSET_NOT_APPLICABLE,,
2021swsh-18,2021swsh,McDonald's Collection 2021,18,Totodile,T2_TCGDEX_ENTITY_PRESENT_IMAGE_ABSENT,card_image_absent,,,,,,,,A0_NOT_APPLICABLE,ASSET_NOT_APPLICABLE,,
2021swsh-19,2021swsh,McDonald's Collection 2021,19,Mudkip,T2_TCGDEX_ENTITY_PRESENT_IMAGE_ABSENT,card_image_absent,,,,,,,,A0_NOT_APPLICABLE,ASSET_NOT_APPLICABLE,,
2021swsh-2,2021swsh,McDonald's Collection 2021,2,Chikorita,T2_TCGDEX_ENTITY_PRESENT_IMAGE_ABSENT,card_image_absent,,,,,,,,A0_NOT_APPLICABLE,ASSET_NOT_APPLICABLE,,
2021swsh-20,2021swsh,McDonald's Collection 2021,20,Piplup,T2_TCGDEX_ENTITY_PRESENT_IMAGE_ABSENT,card_image_absent,,,,,,,,A0_NOT_APPLICABLE,ASSET_NOT_APPLICABLE,,
2021swsh-21,2021swsh,McDonald's Collection 2021,21,Oshawott,T2_TCGDEX_ENTITY_PRESENT_IMAGE_ABSENT,card_image_absent,,,,,,,,A0_NOT_APPLICABLE,ASSET_NOT_APPLICABLE,,
2021swsh-22,2021swsh,McDonald's Collection 2021,22,Froakie,T2_TCGDEX_ENTITY_PRESENT_IMAGE_ABSENT,card_image_absent,,,,,,,,A0_NOT_APPLICABLE,ASSET_NOT_APPLICABLE,,
2021swsh-23,2021swsh,McDonald's Collection 2021,23,Popplio,T2_TCGDEX_ENTITY_PRESENT_IMAGE_ABSENT,card_image_absent,,,,,,,,A0_NOT_APPLICABLE,ASSET_NOT_APPLICABLE,,
2021swsh-24,2021swsh,McDonald's Collection 2021,24,Sobble,T2_TCGDEX_ENTITY_PRESENT_IMAGE_ABSENT,card_image_absent,,,,,,,,A0_NOT_APPLICABLE,ASSET_NOT_APPLICABLE,,
2021swsh-25,2021swsh,McDonald's Collection 2021,25,Pikachu,T2_TCGDEX_ENTITY_PRESENT_IMAGE_ABSENT,card_image_absent,,,,,,,,A0_NOT_APPLICABLE,ASSET_NOT_APPLICABLE,,
2021swsh-3,2021swsh,McDonald's Collection 2021,3,Treecko,T2_TCGDEX_ENTITY_PRESENT_IMAGE_ABSENT,card_image_absent,,,,,,,,A0_NOT_APPLICABLE,ASSET_NOT_APPLICABLE,,
2021swsh-4,2021swsh,McDonald's Collection 2021,4,Turtwig,T2_TCGDEX_ENTITY_PRESENT_IMAGE_ABSENT,card_image_absent,,,,,,,,A0_NOT_APPLICABLE,ASSET_NOT_APPLICABLE,,
2021swsh-5,2021swsh,McDonald's Collection 2021,5,Snivy,T2_TCGDEX_ENTITY_PRESENT_IMAGE_ABSENT,card_image_absent,,,,,,,,A0_NOT_APPLICABLE,ASSET_NOT_APPLICABLE,,
2021swsh-6,2021swsh,McDonald's Collection 2021,6,Chespin,T2_TCGDEX_ENTITY_PRESENT_IMAGE_ABSENT,card_image_absent,,,,,,,,A0_NOT_APPLICABLE,ASSET_NOT_APPLICABLE,,
2021swsh-7,2021swsh,McDonald's Collection 2021,7,Rowlet,T2_TCGDEX_ENTITY_PRESENT_IMAGE_ABSENT,card_image_absent,,,,,,,,A0_NOT_APPLICABLE,ASSET_NOT_APPLICABLE,,
2021swsh-8,2021swsh,McDonald's Collection 2021,8,Grookey,T2_TCGDEX_ENTITY_PRESENT_IMAGE_ABSENT,card_image_absent,,,,,,,,A0_NOT_APPLICABLE,ASSET_NOT_APPLICABLE,,
2021swsh-9,2021swsh,McDonald's Collection 2021,9,Charmander,T2_TCGDEX_ENTITY_PRESENT_IMAGE_ABSENT,card_image_absent,,,,,,,,A0_NOT_APPLICABLE,ASSET_NOT_APPLICABLE,,
2022swsh-1,2022swsh,McDonald's Collection 2022,1,Ledyba,T2_TCGDEX_ENTITY_PRESENT_IMAGE_ABSENT,card_image_absent,,,,,,,,A0_NOT_APPLICABLE,ASSET_NOT_APPLICABLE,,
2022swsh-10,2022swsh,McDonald's Collection 2022,10,Tynamo,T2_TCGDEX_ENTITY_PRESENT_IMAGE_ABSENT,card_image_absent,,,,,,,,A0_NOT_APPLICABLE,ASSET_NOT_APPLICABLE,,
2022swsh-11,2022swsh,McDonald's Collection 2022,11,Cutiefly,T2_TCGDEX_ENTITY_PRESENT_IMAGE_ABSENT,card_image_absent,,,,,,,,A0_NOT_APPLICABLE,ASSET_NOT_APPLICABLE,,
2022swsh-12,2022swsh,McDonald's Collection 2022,12,Bewear,T2_TCGDEX_ENTITY_PRESENT_IMAGE_ABSENT,card_image_absent,,,,,,,,A0_NOT_APPLICABLE,ASSET_NOT_APPLICABLE,,
2022swsh-13,2022swsh,McDonald's Collection 2022,13,Pangoro,T2_TCGDEX_ENTITY_PRESENT_IMAGE_ABSENT,card_image_absent,,,,,,,,A0_NOT_APPLICABLE,ASSET_NOT_APPLICABLE,,
2022swsh-14,2022swsh,McDonald's Collection 2022,14,Drampa,T2_TCGDEX_ENTITY_PRESENT_IMAGE_ABSENT,card_image_absent,,,,,,,,A0_NOT_APPLICABLE,ASSET_NOT_APPLICABLE,,
2022swsh-15,2022swsh,McDonald's Collection 2022,15,Smeargle,T2_TCGDEX_ENTITY_PRESENT_IMAGE_ABSENT,card_image_absent,,,,,,,,A0_NOT_APPLICABLE,ASSET_NOT_APPLICABLE,,
2022swsh-2,2022swsh,McDonald's Collection 2022,2,Rowlet,T2_TCGDEX_ENTITY_PRESENT_IMAGE_ABSENT,card_image_absent,,,,,,,,A0_NOT_APPLICABLE,ASSET_NOT_APPLICABLE,,
2022swsh-3,2022swsh,McDonald's Collection 2022,3,Gossifleur,T2_TCGDEX_ENTITY_PRESENT_IMAGE_ABSENT,card_image_absent,,,,,,,,A0_NOT_APPLICABLE,ASSET_NOT_APPLICABLE,,
2022swsh-4,2022swsh,McDonald's Collection 2022,4,Growlithe,T2_TCGDEX_ENTITY_PRESENT_IMAGE_ABSENT,card_image_absent,,,,,,,,A0_NOT_APPLICABLE,ASSET_NOT_APPLICABLE,,
2022swsh-5,2022swsh,McDonald's Collection 2022,5,Victini,T2_TCGDEX_ENTITY_PRESENT_IMAGE_ABSENT,card_image_absent,,,,,,,,A0_NOT_APPLICABLE,ASSET_NOT_APPLICABLE,,
2022swsh-6,2022swsh,McDonald's Collection 2022,6,Lapras,T2_TCGDEX_ENTITY_PRESENT_IMAGE_ABSENT,card_image_absent,,,,,,,,A0_NOT_APPLICABLE,ASSET_NOT_APPLICABLE,,
2022swsh-7,2022swsh,McDonald's Collection 2022,7,Pikachu,T2_TCGDEX_ENTITY_PRESENT_IMAGE_ABSENT,card_image_absent,,,,,,,,A0_NOT_APPLICABLE,ASSET_NOT_APPLICABLE,,
2022swsh-8,2022swsh,McDonald's Collection 2022,8,Chinchou,T2_TCGDEX_ENTITY_PRESENT_IMAGE_ABSENT,card_image_absent,,,,,,,,A0_NOT_APPLICABLE,ASSET_NOT_APPLICABLE,,
2022swsh-9,2022swsh,McDonald's Collection 2022,9,Flaaffy,T2_TCGDEX_ENTITY_PRESENT_IMAGE_ABSENT,card_image_absent,,,,,,,,A0_NOT_APPLICABLE,ASSET_NOT_APPLICABLE,,
2023sv-1,2023sv,McDonald's Collection 2023,1,Sprigatito,T2_TCGDEX_ENTITY_PRESENT_IMAGE_ABSENT,card_image_absent,,,,,,,,A0_NOT_APPLICABLE,ASSET_NOT_APPLICABLE,,
2023sv-10,2023sv,McDonald's Collection 2023,10,Sandaconda,T2_TCGDEX_ENTITY_PRESENT_IMAGE_ABSENT,card_image_absent,,,,,,,,A0_NOT_APPLICABLE,ASSET_NOT_APPLICABLE,,
2023sv-11,2023sv,McDonald's Collection 2023,11,Klawf,T2_TCGDEX_ENTITY_PRESENT_IMAGE_ABSENT,card_image_absent,,,,,,,,A0_NOT_APPLICABLE,ASSET_NOT_APPLICABLE,,
2023sv-12,2023sv,McDonald's Collection 2023,12,Blissey,T2_TCGDEX_ENTITY_PRESENT_IMAGE_ABSENT,card_image_absent,,,,,,,,A0_NOT_APPLICABLE,ASSET_NOT_APPLICABLE,,
2023sv-13,2023sv,McDonald's Collection 2023,13,Tandemaus,T2_TCGDEX_ENTITY_PRESENT_IMAGE_ABSENT,card_image_absent,,,,,,,,A0_NOT_APPLICABLE,ASSET_NOT_APPLICABLE,,
2023sv-14,2023sv,McDonald's Collection 2023,14,Cyclizar,T2_TCGDEX_ENTITY_PRESENT_IMAGE_ABSENT,card_image_absent,,,,,,,,A0_NOT_APPLICABLE,ASSET_NOT_APPLICABLE,,
2023sv-15,2023sv,McDonald's Collection 2023,15,Kirlia,T2_TCGDEX_ENTITY_PRESENT_IMAGE_ABSENT,card_image_absent,,,,,,,,A0_NOT_APPLICABLE,ASSET_NOT_APPLICABLE,,
2023sv-2,2023sv,McDonald's Collection 2023,2,Fuecoco,T2_TCGDEX_ENTITY_PRESENT_IMAGE_ABSENT,card_image_absent,,,,,,,,A0_NOT_APPLICABLE,ASSET_NOT_APPLICABLE,,
2023sv-3,2023sv,McDonald's Collection 2023,3,Quaxly,T2_TCGDEX_ENTITY_PRESENT_IMAGE_ABSENT,card_image_absent,,,,,,,,A0_NOT_APPLICABLE,ASSET_NOT_APPLICABLE,,
2023sv-4,2023sv,McDonald's Collection 2023,4,Cetoddle,T2_TCGDEX_ENTITY_PRESENT_IMAGE_ABSENT,card_image_absent,,,,,,,,A0_NOT_APPLICABLE,ASSET_NOT_APPLICABLE,,
2023sv-5,2023sv,McDonald's Collection 2023,5,Cetitan,T2_TCGDEX_ENTITY_PRESENT_IMAGE_ABSENT,card_image_absent,,,,,,,,A0_NOT_APPLICABLE,ASSET_NOT_APPLICABLE,,
2023sv-6,2023sv,McDonald's Collection 2023,6,Pikachu,T2_TCGDEX_ENTITY_PRESENT_IMAGE_ABSENT,card_image_absent,,,,,,,,A0_NOT_APPLICABLE,ASSET_NOT_APPLICABLE,,
2023sv-7,2023sv,McDonald's Collection 2023,7,Pawmi,T2_TCGDEX_ENTITY_PRESENT_IMAGE_ABSENT,card_image_absent,,,,,,,,A0_NOT_APPLICABLE,ASSET_NOT_APPLICABLE,,
2023sv-8,2023sv,McDonald's Collection 2023,8,Kilowattrel,T2_TCGDEX_ENTITY_PRESENT_IMAGE_ABSENT,card_image_absent,,,,,,,,A0_NOT_APPLICABLE,ASSET_NOT_APPLICABLE,,
2023sv-9,2023sv,McDonald's Collection 2023,9,Flittle,T2_TCGDEX_ENTITY_PRESENT_IMAGE_ABSENT,card_image_absent,,,,,,,,A0_NOT_APPLICABLE,ASSET_NOT_APPLICABLE,,
2024sv-1,2024sv,McDonald's Collection 2024,1,Charizard,T2_TCGDEX_ENTITY_PRESENT_IMAGE_ABSENT,card_image_absent,,,,,,,,A0_NOT_APPLICABLE,ASSET_NOT_APPLICABLE,,
2024sv-10,2024sv,McDonald's Collection 2024,10,Hydreigon,T2_TCGDEX_ENTITY_PRESENT_IMAGE_ABSENT,card_image_absent,,,,,,,,A0_NOT_APPLICABLE,ASSET_NOT_APPLICABLE,,
2024sv-11,2024sv,McDonald's Collection 2024,11,Roaring Moon,T2_TCGDEX_ENTITY_PRESENT_IMAGE_ABSENT,card_image_absent,,,,,,,,A0_NOT_APPLICABLE,ASSET_NOT_APPLICABLE,,
2024sv-12,2024sv,McDonald's Collection 2024,12,Dragonite,T2_TCGDEX_ENTITY_PRESENT_IMAGE_ABSENT,card_image_absent,,,,,,,,A0_NOT_APPLICABLE,ASSET_NOT_APPLICABLE,,
2024sv-13,2024sv,McDonald's Collection 2024,13,Eevee,T2_TCGDEX_ENTITY_PRESENT_IMAGE_ABSENT,card_image_absent,,,,,,,,A0_NOT_APPLICABLE,ASSET_NOT_APPLICABLE,,
2024sv-14,2024sv,McDonald's Collection 2024,14,Rayquaza,T2_TCGDEX_ENTITY_PRESENT_IMAGE_ABSENT,card_image_absent,,,,,,,,A0_NOT_APPLICABLE,ASSET_NOT_APPLICABLE,,
2024sv-15,2024sv,McDonald's Collection 2024,15,Drampa,T2_TCGDEX_ENTITY_PRESENT_IMAGE_ABSENT,card_image_absent,,,,,,,,A0_NOT_APPLICABLE,ASSET_NOT_APPLICABLE,,
2024sv-2,2024sv,McDonald's Collection 2024,2,Pikachu,T2_TCGDEX_ENTITY_PRESENT_IMAGE_ABSENT,card_image_absent,,,,,,,,A0_NOT_APPLICABLE,ASSET_NOT_APPLICABLE,,
2024sv-3,2024sv,McDonald's Collection 2024,3,Miraidon,T2_TCGDEX_ENTITY_PRESENT_IMAGE_ABSENT,card_image_absent,,,,,,,,A0_NOT_APPLICABLE,ASSET_NOT_APPLICABLE,,
2024sv-4,2024sv,McDonald's Collection 2024,4,Jigglypuff,T2_TCGDEX_ENTITY_PRESENT_IMAGE_ABSENT,card_image_absent,,,,,,,,A0_NOT_APPLICABLE,ASSET_NOT_APPLICABLE,,
2024sv-5,2024sv,McDonald's Collection 2024,5,Hatenna,T2_TCGDEX_ENTITY_PRESENT_IMAGE_ABSENT,card_image_absent,,,,,,,,A0_NOT_APPLICABLE,ASSET_NOT_APPLICABLE,,
2024sv-6,2024sv,McDonald's Collection 2024,6,Dragapult,T2_TCGDEX_ENTITY_PRESENT_IMAGE_ABSENT,card_image_absent,,,,,,,,A0_NOT_APPLICABLE,ASSET_NOT_APPLICABLE,,
2024sv-7,2024sv,McDonald's Collection 2024,7,Quagsire,T2_TCGDEX_ENTITY_PRESENT_IMAGE_ABSENT,card_image_absent,,,,,,,,A0_NOT_APPLICABLE,ASSET_NOT_APPLICABLE,,
2024sv-8,2024sv,McDonald's Collection 2024,8,Koraidon,T2_TCGDEX_ENTITY_PRESENT_IMAGE_ABSENT,card_image_absent,,,,,,,,A0_NOT_APPLICABLE,ASSET_NOT_APPLICABLE,,
2024sv-9,2024sv,McDonald's Collection 2024,9,Umbreon,T2_TCGDEX_ENTITY_PRESENT_IMAGE_ABSENT,card_image_absent,,,,,,,,A0_NOT_APPLICABLE,ASSET_NOT_APPLICABLE,,
B1a-088,B1a,Crimson Blaze,088,Oddish,T2_TCGDEX_ENTITY_PRESENT_IMAGE_ABSENT,brief_image_absent_field_projected,,,,,,,,A0_NOT_APPLICABLE,ASSET_NOT_APPLICABLE,,
B2a-001,B2a,Paldean Wonders,001,Sprigatito,T2_TCGDEX_ENTITY_PRESENT_IMAGE_ABSENT,card_image_absent,,,,,,,,A0_NOT_APPLICABLE,ASSET_NOT_APPLICABLE,,
B2a-002,B2a,Paldean Wonders,002,Floragato,T2_TCGDEX_ENTITY_PRESENT_IMAGE_ABSENT,card_image_absent,,,,,,,,A0_NOT_APPLICABLE,ASSET_NOT_APPLICABLE,,
B2a-003,B2a,Paldean Wonders,003,Meowscarada,T2_TCGDEX_ENTITY_PRESENT_IMAGE_ABSENT,card_image_absent,,,,,,,,A0_NOT_APPLICABLE,ASSET_NOT_APPLICABLE,,
B2a-004,B2a,Paldean Wonders,004,Tarountula,T2_TCGDEX_ENTITY_PRESENT_IMAGE_ABSENT,card_image_absent,,,,,,,,A0_NOT_APPLICABLE,ASSET_NOT_APPLICABLE,,
B2a-005,B2a,Paldean Wonders,005,Spidops,T2_TCGDEX_ENTITY_PRESENT_IMAGE_ABSENT,card_image_absent,,,,,,,,A0_NOT_APPLICABLE,ASSET_NOT_APPLICABLE,,
B2a-006,B2a,Paldean Wonders,006,Nymble,T2_TCGDEX_ENTITY_PRESENT_IMAGE_ABSENT,card_image_absent,,,,,,,,A0_NOT_APPLICABLE,ASSET_NOT_APPLICABLE,,
B2a-007,B2a,Paldean Wonders,007,Smoliv,T2_TCGDEX_ENTITY_PRESENT_IMAGE_ABSENT,card_image_absent,,,,,,,,A0_NOT_APPLICABLE,ASSET_NOT_APPLICABLE,,
B2a-008,B2a,Paldean Wonders,008,Dolliv,T2_TCGDEX_ENTITY_PRESENT_IMAGE_ABSENT,card_image_absent,,,,,,,,A0_NOT_APPLICABLE,ASSET_NOT_APPLICABLE,,
B2a-009,B2a,Paldean Wonders,009,Arboliva,T2_TCGDEX_ENTITY_PRESENT_IMAGE_ABSENT,card_image_absent,,,,,,,,A0_NOT_APPLICABLE,ASSET_NOT_APPLICABLE,,
B2a-010,B2a,Paldean Wonders,010,Bramblin,T2_TCGDEX_ENTITY_PRESENT_IMAGE_ABSENT,card_image_absent,,,,,,,,A0_NOT_APPLICABLE,ASSET_NOT_APPLICABLE,,
B2a-011,B2a,Paldean Wonders,011,Brambleghast,T2_TCGDEX_ENTITY_PRESENT_IMAGE_ABSENT,card_image_absent,,,,,,,,A0_NOT_APPLICABLE,ASSET_NOT_APPLICABLE,,
B2a-012,B2a,Paldean Wonders,012,Capsakid,T2_TCGDEX_ENTITY_PRESENT_IMAGE_ABSENT,card_image_absent,,,,,,,,A0_NOT_APPLICABLE,ASSET_NOT_APPLICABLE,,
B2a-013,B2a,Paldean Wonders,013,Scovillain,T2_TCGDEX_ENTITY_PRESENT_IMAGE_ABSENT,card_image_absent,,,,,,,,A0_NOT_APPLICABLE,ASSET_NOT_APPLICABLE,,
B2a-014,B2a,Paldean Wonders,014,Rellor,T2_TCGDEX_ENTITY_PRESENT_IMAGE_ABSENT,card_image_absent,,,,,,,,A0_NOT_APPLICABLE,ASSET_NOT_APPLICABLE,,
B2a-015,B2a,Paldean Wonders,015,Wo-Chien,T2_TCGDEX_ENTITY_PRESENT_IMAGE_ABSENT,card_image_absent,,,,,,,,A0_NOT_APPLICABLE,ASSET_NOT_APPLICABLE,,
B2a-016,B2a,Paldean Wonders,016,Fuecoco,T2_TCGDEX_ENTITY_PRESENT_IMAGE_ABSENT,card_image_absent,,,,,,,,A0_NOT_APPLICABLE,ASSET_NOT_APPLICABLE,,
B2a-017,B2a,Paldean Wonders,017,Crocalor,T2_TCGDEX_ENTITY_PRESENT_IMAGE_ABSENT,card_image_absent,,,,,,,,A0_NOT_APPLICABLE,ASSET_NOT_APPLICABLE,,
B2a-018,B2a,Paldean Wonders,018,Skeledirge,T2_TCGDEX_ENTITY_PRESENT_IMAGE_ABSENT,card_image_absent,,,,,,,,A0_NOT_APPLICABLE,ASSET_NOT_APPLICABLE,,
B2a-019,B2a,Paldean Wonders,019,Charcadet,T2_TCGDEX_ENTITY_PRESENT_IMAGE_ABSENT,card_image_absent,,,,,,,,A0_NOT_APPLICABLE,ASSET_NOT_APPLICABLE,,
B2a-020,B2a,Paldean Wonders,020,Armarouge,T2_TCGDEX_ENTITY_PRESENT_IMAGE_ABSENT,card_image_absent,,,,,,,,A0_NOT_APPLICABLE,ASSET_NOT_APPLICABLE,,
B2a-021,B2a,Paldean Wonders,021,Chi-Yu,T2_TCGDEX_ENTITY_PRESENT_IMAGE_ABSENT,card_image_absent,,,,,,,,A0_NOT_APPLICABLE,ASSET_NOT_APPLICABLE,,
B2a-022,B2a,Paldean Wonders,022,Quaxly,T2_TCGDEX_ENTITY_PRESENT_IMAGE_ABSENT,card_image_absent,,,,,,,,A0_NOT_APPLICABLE,ASSET_NOT_APPLICABLE,,
B2a-023,B2a,Paldean Wonders,023,Quaxwell,T2_TCGDEX_ENTITY_PRESENT_IMAGE_ABSENT,card_image_absent,,,,,,,,A0_NOT_APPLICABLE,ASSET_NOT_APPLICABLE,,
B2a-024,B2a,Paldean Wonders,024,Quaquaval,T2_TCGDEX_ENTITY_PRESENT_IMAGE_ABSENT,card_image_absent,,,,,,,,A0_NOT_APPLICABLE,ASSET_NOT_APPLICABLE,,
B2a-025,B2a,Paldean Wonders,025,Wiglett,T2_TCGDEX_ENTITY_PRESENT_IMAGE_ABSENT,card_image_absent,,,,,,,,A0_NOT_APPLICABLE,ASSET_NOT_APPLICABLE,,
B2a-026,B2a,Paldean Wonders,026,Wugtrio,T2_TCGDEX_ENTITY_PRESENT_IMAGE_ABSENT,card_image_absent,,,,,,,,A0_NOT_APPLICABLE,ASSET_NOT_APPLICABLE,,
B2a-027,B2a,Paldean Wonders,027,Finizen,T2_TCGDEX_ENTITY_PRESENT_IMAGE_ABSENT,card_image_absent,,,,,,,,A0_NOT_APPLICABLE,ASSET_NOT_APPLICABLE,,
B2a-028,B2a,Paldean Wonders,028,Palafin,T2_TCGDEX_ENTITY_PRESENT_IMAGE_ABSENT,card_image_absent,,,,,,,,A0_NOT_APPLICABLE,ASSET_NOT_APPLICABLE,,
B2a-029,B2a,Paldean Wonders,029,Cetoddle,T2_TCGDEX_ENTITY_PRESENT_IMAGE_ABSENT,card_image_absent,,,,,,,,A0_NOT_APPLICABLE,ASSET_NOT_APPLICABLE,,
B2a-030,B2a,Paldean Wonders,030,Cetitan,T2_TCGDEX_ENTITY_PRESENT_IMAGE_ABSENT,card_image_absent,,,,,,,,A0_NOT_APPLICABLE,ASSET_NOT_APPLICABLE,,
B2a-031,B2a,Paldean Wonders,031,Veluza,T2_TCGDEX_ENTITY_PRESENT_IMAGE_ABSENT,card_image_absent,,,,,,,,A0_NOT_APPLICABLE,ASSET_NOT_APPLICABLE,,
B2a-032,B2a,Paldean Wonders,032,Dondozo,T2_TCGDEX_ENTITY_PRESENT_IMAGE_ABSENT,card_image_absent,,,,,,,,A0_NOT_APPLICABLE,ASSET_NOT_APPLICABLE,,
B2a-033,B2a,Paldean Wonders,033,Tatsugiri,T2_TCGDEX_ENTITY_PRESENT_IMAGE_ABSENT,card_image_absent,,,,,,,,A0_NOT_APPLICABLE,ASSET_NOT_APPLICABLE,,
B2a-034,B2a,Paldean Wonders,034,Frigibax,T2_TCGDEX_ENTITY_PRESENT_IMAGE_ABSENT,card_image_absent,,,,,,,,A0_NOT_APPLICABLE,ASSET_NOT_APPLICABLE,,
B2a-035,B2a,Paldean Wonders,035,Arctibax,T2_TCGDEX_ENTITY_PRESENT_IMAGE_ABSENT,card_image_absent,,,,,,,,A0_NOT_APPLICABLE,ASSET_NOT_APPLICABLE,,
B2a-036,B2a,Paldean Wonders,036,Baxcalibur,T2_TCGDEX_ENTITY_PRESENT_IMAGE_ABSENT,card_image_absent,,,,,,,,A0_NOT_APPLICABLE,ASSET_NOT_APPLICABLE,,
B2a-037,B2a,Paldean Wonders,037,Chien-Pao,T2_TCGDEX_ENTITY_PRESENT_IMAGE_ABSENT,card_image_absent,,,,,,,,A0_NOT_APPLICABLE,ASSET_NOT_APPLICABLE,,
B2a-038,B2a,Paldean Wonders,038,Pawmi,T2_TCGDEX_ENTITY_PRESENT_IMAGE_ABSENT,card_image_absent,,,,,,,,A0_NOT_APPLICABLE,ASSET_NOT_APPLICABLE,,
B2a-039,B2a,Paldean Wonders,039,Pawmo,T2_TCGDEX_ENTITY_PRESENT_IMAGE_ABSENT,card_image_absent,,,,,,,,A0_NOT_APPLICABLE,ASSET_NOT_APPLICABLE,,
B2a-040,B2a,Paldean Wonders,040,Pawmot,T2_TCGDEX_ENTITY_PRESENT_IMAGE_ABSENT,card_image_absent,,,,,,,,A0_NOT_APPLICABLE,ASSET_NOT_APPLICABLE,,
B2a-041,B2a,Paldean Wonders,041,Tadbulb,T2_TCGDEX_ENTITY_PRESENT_IMAGE_ABSENT,card_image_absent,,,,,,,,A0_NOT_APPLICABLE,ASSET_NOT_APPLICABLE,,
B2a-042,B2a,Paldean Wonders,042,Bellibolt,T2_TCGDEX_ENTITY_PRESENT_IMAGE_ABSENT,card_image_absent,,,,,,,,A0_NOT_APPLICABLE,ASSET_NOT_APPLICABLE,,
B2a-043,B2a,Paldean Wonders,043,Wattrel,T2_TCGDEX_ENTITY_PRESENT_IMAGE_ABSENT,card_image_absent,,,,,,,,A0_NOT_APPLICABLE,ASSET_NOT_APPLICABLE,,
B2a-044,B2a,Paldean Wonders,044,Kilowattrel,T2_TCGDEX_ENTITY_PRESENT_IMAGE_ABSENT,card_image_absent,,,,,,,,A0_NOT_APPLICABLE,ASSET_NOT_APPLICABLE,,
B2a-045,B2a,Paldean Wonders,045,Miraidon,T2_TCGDEX_ENTITY_PRESENT_IMAGE_ABSENT,card_image_absent,,,,,,,,A0_NOT_APPLICABLE,ASSET_NOT_APPLICABLE,,
B2a-046,B2a,Paldean Wonders,046,Fidough,T2_TCGDEX_ENTITY_PRESENT_IMAGE_ABSENT,card_image_absent,,,,,,,,A0_NOT_APPLICABLE,ASSET_NOT_APPLICABLE,,
B2a-047,B2a,Paldean Wonders,047,Dachsbun,T2_TCGDEX_ENTITY_PRESENT_IMAGE_ABSENT,card_image_absent,,,,,,,,A0_NOT_APPLICABLE,ASSET_NOT_APPLICABLE,,
B2a-048,B2a,Paldean Wonders,048,Ceruledge,T2_TCGDEX_ENTITY_PRESENT_IMAGE_ABSENT,card_image_absent,,,,,,,,A0_NOT_APPLICABLE,ASSET_NOT_APPLICABLE,,
B2a-049,B2a,Paldean Wonders,049,Rabsca,T2_TCGDEX_ENTITY_PRESENT_IMAGE_ABSENT,card_image_absent,,,,,,,,A0_NOT_APPLICABLE,ASSET_NOT_APPLICABLE,,
B2a-050,B2a,Paldean Wonders,050,Flittle,T2_TCGDEX_ENTITY_PRESENT_IMAGE_ABSENT,card_image_absent,,,,,,,,A0_NOT_APPLICABLE,ASSET_NOT_APPLICABLE,,
B2a-051,B2a,Paldean Wonders,051,Espathra,T2_TCGDEX_ENTITY_PRESENT_IMAGE_ABSENT,card_image_absent,,,,,,,,A0_NOT_APPLICABLE,ASSET_NOT_APPLICABLE,,
B2a-052,B2a,Paldean Wonders,052,Greavard,T2_TCGDEX_ENTITY_PRESENT_IMAGE_ABSENT,card_image_absent,,,,,,,,A0_NOT_APPLICABLE,ASSET_NOT_APPLICABLE,,
B2a-053,B2a,Paldean Wonders,053,Houndstone,T2_TCGDEX_ENTITY_PRESENT_IMAGE_ABSENT,card_image_absent,,,,,,,,A0_NOT_APPLICABLE,ASSET_NOT_APPLICABLE,,
B2a-054,B2a,Paldean Wonders,054,Gimmighoul,T2_TCGDEX_ENTITY_PRESENT_IMAGE_ABSENT,card_image_absent,,,,,,,,A0_NOT_APPLICABLE,ASSET_NOT_APPLICABLE,,
B2a-055,B2a,Paldean Wonders,055,Mankey,T2_TCGDEX_ENTITY_PRESENT_IMAGE_ABSENT,card_image_absent,,,,,,,,A0_NOT_APPLICABLE,ASSET_NOT_APPLICABLE,,
B2a-056,B2a,Paldean Wonders,056,Primeape,T2_TCGDEX_ENTITY_PRESENT_IMAGE_ABSENT,card_image_absent,,,,,,,,A0_NOT_APPLICABLE,ASSET_NOT_APPLICABLE,,
B2a-057,B2a,Paldean Wonders,057,Annihilape,T2_TCGDEX_ENTITY_PRESENT_IMAGE_ABSENT,card_image_absent,,,,,,,,A0_NOT_APPLICABLE,ASSET_NOT_APPLICABLE,,
B2a-058,B2a,Paldean Wonders,058,Paldean Tauros,T2_TCGDEX_ENTITY_PRESENT_IMAGE_ABSENT,card_image_absent,,,,,,,,A0_NOT_APPLICABLE,ASSET_NOT_APPLICABLE,,
B2a-059,B2a,Paldean Wonders,059,Toedscool,T2_TCGDEX_ENTITY_PRESENT_IMAGE_ABSENT,card_image_absent,,,,,,,,A0_NOT_APPLICABLE,ASSET_NOT_APPLICABLE,,
B2a-060,B2a,Paldean Wonders,060,Toedscruel,T2_TCGDEX_ENTITY_PRESENT_IMAGE_ABSENT,card_image_absent,,,,,,,,A0_NOT_APPLICABLE,ASSET_NOT_APPLICABLE,,
B2a-061,B2a,Paldean Wonders,061,Klawf,T2_TCGDEX_ENTITY_PRESENT_IMAGE_ABSENT,card_image_absent,,,,,,,,A0_NOT_APPLICABLE,ASSET_NOT_APPLICABLE,,
B2a-062,B2a,Paldean Wonders,062,Ting-Lu,T2_TCGDEX_ENTITY_PRESENT_IMAGE_ABSENT,card_image_absent,,,,,,,,A0_NOT_APPLICABLE,ASSET_NOT_APPLICABLE,,
B2a-063,B2a,Paldean Wonders,063,Koraidon,T2_TCGDEX_ENTITY_PRESENT_IMAGE_ABSENT,card_image_absent,,,,,,,,A0_NOT_APPLICABLE,ASSET_NOT_APPLICABLE,,
B2a-064,B2a,Paldean Wonders,064,Paldean Wooper,T2_TCGDEX_ENTITY_PRESENT_IMAGE_ABSENT,card_image_absent,,,,,,,,A0_NOT_APPLICABLE,ASSET_NOT_APPLICABLE,,
B2a-065,B2a,Paldean Wonders,065,Paldean Clodsire,T2_TCGDEX_ENTITY_PRESENT_IMAGE_ABSENT,card_image_absent,,,,,,,,A0_NOT_APPLICABLE,ASSET_NOT_APPLICABLE,,
B2a-066,B2a,Paldean Wonders,066,Lokix,T2_TCGDEX_ENTITY_PRESENT_IMAGE_ABSENT,card_image_absent,,,,,,,,A0_NOT_APPLICABLE,ASSET_NOT_APPLICABLE,,
B2a-067,B2a,Paldean Wonders,067,Maschiff,T2_TCGDEX_ENTITY_PRESENT_IMAGE_ABSENT,card_image_absent,,,,,,,,A0_NOT_APPLICABLE,ASSET_NOT_APPLICABLE,,
B2a-068,B2a,Paldean Wonders,068,Mabosstiff,T2_TCGDEX_ENTITY_PRESENT_IMAGE_ABSENT,card_image_absent,,,,,,,,A0_NOT_APPLICABLE,ASSET_NOT_APPLICABLE,,
B2a-069,B2a,Paldean Wonders,069,Shroodle,T2_TCGDEX_ENTITY_PRESENT_IMAGE_ABSENT,card_image_absent,,,,,,,,A0_NOT_APPLICABLE,ASSET_NOT_APPLICABLE,,
B2a-070,B2a,Paldean Wonders,070,Grafaiai,T2_TCGDEX_ENTITY_PRESENT_IMAGE_ABSENT,card_image_absent,,,,,,,,A0_NOT_APPLICABLE,ASSET_NOT_APPLICABLE,,
B2a-071,B2a,Paldean Wonders,071,Bombirdier,T2_TCGDEX_ENTITY_PRESENT_IMAGE_ABSENT,card_image_absent,,,,,,,,A0_NOT_APPLICABLE,ASSET_NOT_APPLICABLE,,
B2a-072,B2a,Paldean Wonders,072,Tinkatink,T2_TCGDEX_ENTITY_PRESENT_IMAGE_ABSENT,card_image_absent,,,,,,,,A0_NOT_APPLICABLE,ASSET_NOT_APPLICABLE,,
B2a-073,B2a,Paldean Wonders,073,Tinkatuff,T2_TCGDEX_ENTITY_PRESENT_IMAGE_ABSENT,card_image_absent,,,,,,,,A0_NOT_APPLICABLE,ASSET_NOT_APPLICABLE,,
B2a-074,B2a,Paldean Wonders,074,Tinkaton,T2_TCGDEX_ENTITY_PRESENT_IMAGE_ABSENT,card_image_absent,,,,,,,,A0_NOT_APPLICABLE,ASSET_NOT_APPLICABLE,,
B2a-075,B2a,Paldean Wonders,075,Varoom,T2_TCGDEX_ENTITY_PRESENT_IMAGE_ABSENT,card_image_absent,,,,,,,,A0_NOT_APPLICABLE,ASSET_NOT_APPLICABLE,,
B2a-076,B2a,Paldean Wonders,076,Revavroom,T2_TCGDEX_ENTITY_PRESENT_IMAGE_ABSENT,card_image_absent,,,,,,,,A0_NOT_APPLICABLE,ASSET_NOT_APPLICABLE,,
B2a-077,B2a,Paldean Wonders,077,Orthworm,T2_TCGDEX_ENTITY_PRESENT_IMAGE_ABSENT,card_image_absent,,,,,,,,A0_NOT_APPLICABLE,ASSET_NOT_APPLICABLE,,
B2a-078,B2a,Paldean Wonders,078,Gholdengo,T2_TCGDEX_ENTITY_PRESENT_IMAGE_ABSENT,card_image_absent,,,,,,,,A0_NOT_APPLICABLE,ASSET_NOT_APPLICABLE,,
B2a-079,B2a,Paldean Wonders,079,Lechonk,T2_TCGDEX_ENTITY_PRESENT_IMAGE_ABSENT,card_image_absent,,,,,,,,A0_NOT_APPLICABLE,ASSET_NOT_APPLICABLE,,
B2a-080,B2a,Paldean Wonders,080,Oinkologne,T2_TCGDEX_ENTITY_PRESENT_IMAGE_ABSENT,card_image_absent,,,,,,,,A0_NOT_APPLICABLE,ASSET_NOT_APPLICABLE,,
B2a-081,B2a,Paldean Wonders,081,Tandemaus,T2_TCGDEX_ENTITY_PRESENT_IMAGE_ABSENT,card_image_absent,,,,,,,,A0_NOT_APPLICABLE,ASSET_NOT_APPLICABLE,,
B2a-082,B2a,Paldean Wonders,082,Maushold,T2_TCGDEX_ENTITY_PRESENT_IMAGE_ABSENT,card_image_absent,,,,,,,,A0_NOT_APPLICABLE,ASSET_NOT_APPLICABLE,,
B2a-083,B2a,Paldean Wonders,083,Squawkabilly,T2_TCGDEX_ENTITY_PRESENT_IMAGE_ABSENT,card_image_absent,,,,,,,,A0_NOT_APPLICABLE,ASSET_NOT_APPLICABLE,,
B2a-084,B2a,Paldean Wonders,084,Cyclizar,T2_TCGDEX_ENTITY_PRESENT_IMAGE_ABSENT,card_image_absent,,,,,,,,A0_NOT_APPLICABLE,ASSET_NOT_APPLICABLE,,
B2a-085,B2a,Paldean Wonders,085,Flamigo,T2_TCGDEX_ENTITY_PRESENT_IMAGE_ABSENT,card_image_absent,,,,,,,,A0_NOT_APPLICABLE,ASSET_NOT_APPLICABLE,,
B2a-086,B2a,Paldean Wonders,086,Electric Generator,T2_TCGDEX_ENTITY_PRESENT_IMAGE_ABSENT,card_image_absent,,,,,,,,A0_NOT_APPLICABLE,ASSET_NOT_APPLICABLE,,
B2a-087,B2a,Paldean Wonders,087,Big Air Balloon,T2_TCGDEX_ENTITY_PRESENT_IMAGE_ABSENT,card_image_absent,,,,,,,,A0_NOT_APPLICABLE,ASSET_NOT_APPLICABLE,,
B2a-088,B2a,Paldean Wonders,088,Team Star Grunt,T2_TCGDEX_ENTITY_PRESENT_IMAGE_ABSENT,card_image_absent,,,,,,,,A0_NOT_APPLICABLE,ASSET_NOT_APPLICABLE,,
B2a-089,B2a,Paldean Wonders,089,Iono,T2_TCGDEX_ENTITY_PRESENT_IMAGE_ABSENT,card_image_absent,,,,,,,,A0_NOT_APPLICABLE,ASSET_NOT_APPLICABLE,,
B2a-090,B2a,Paldean Wonders,090,Nemona,T2_TCGDEX_ENTITY_PRESENT_IMAGE_ABSENT,card_image_absent,,,,,,,,A0_NOT_APPLICABLE,ASSET_NOT_APPLICABLE,,
B2a-091,B2a,Paldean Wonders,091,Arven,T2_TCGDEX_ENTITY_PRESENT_IMAGE_ABSENT,card_image_absent,,,,,,,,A0_NOT_APPLICABLE,ASSET_NOT_APPLICABLE,,
B2a-092,B2a,Paldean Wonders,092,Penny,T2_TCGDEX_ENTITY_PRESENT_IMAGE_ABSENT,card_image_absent,,,,,,,,A0_NOT_APPLICABLE,ASSET_NOT_APPLICABLE,,
B2a-093,B2a,Paldean Wonders,093,Mesagoza,T2_TCGDEX_ENTITY_PRESENT_IMAGE_ABSENT,card_image_absent,,,,,,,,A0_NOT_APPLICABLE,ASSET_NOT_APPLICABLE,,
B2a-094,B2a,Paldean Wonders,094,Fuecoco,T2_TCGDEX_ENTITY_PRESENT_IMAGE_ABSENT,card_image_absent,,,,,,,,A0_NOT_APPLICABLE,ASSET_NOT_APPLICABLE,,
B2a-095,B2a,Paldean Wonders,095,Greavard,T2_TCGDEX_ENTITY_PRESENT_IMAGE_ABSENT,card_image_absent,,,,,,,,A0_NOT_APPLICABLE,ASSET_NOT_APPLICABLE,,
B2a-096,B2a,Paldean Wonders,096,Gimmighoul,T2_TCGDEX_ENTITY_PRESENT_IMAGE_ABSENT,card_image_absent,,,,,,,,A0_NOT_APPLICABLE,ASSET_NOT_APPLICABLE,,
B2a-097,B2a,Paldean Wonders,097,Paldean Wooper,T2_TCGDEX_ENTITY_PRESENT_IMAGE_ABSENT,card_image_absent,,,,,,,,A0_NOT_APPLICABLE,ASSET_NOT_APPLICABLE,,
B2a-098,B2a,Paldean Wonders,098,Orthworm,T2_TCGDEX_ENTITY_PRESENT_IMAGE_ABSENT,card_image_absent,,,,,,,,A0_NOT_APPLICABLE,ASSET_NOT_APPLICABLE,,
B2a-099,B2a,Paldean Wonders,099,Maushold,T2_TCGDEX_ENTITY_PRESENT_IMAGE_ABSENT,card_image_absent,,,,,,,,A0_NOT_APPLICABLE,ASSET_NOT_APPLICABLE,,
B2a-100,B2a,Paldean Wonders,100,Meowscarada,T2_TCGDEX_ENTITY_PRESENT_IMAGE_ABSENT,card_image_absent,,,,,,,,A0_NOT_APPLICABLE,ASSET_NOT_APPLICABLE,,
B2a-101,B2a,Paldean Wonders,101,Armarouge,T2_TCGDEX_ENTITY_PRESENT_IMAGE_ABSENT,card_image_absent,,,,,,,,A0_NOT_APPLICABLE,ASSET_NOT_APPLICABLE,,
B2a-102,B2a,Paldean Wonders,102,Chien-Pao,T2_TCGDEX_ENTITY_PRESENT_IMAGE_ABSENT,card_image_absent,,,,,,,,A0_NOT_APPLICABLE,ASSET_NOT_APPLICABLE,,
B2a-103,B2a,Paldean Wonders,103,Bellibolt,T2_TCGDEX_ENTITY_PRESENT_IMAGE_ABSENT,card_image_absent,,,,,,,,A0_NOT_APPLICABLE,ASSET_NOT_APPLICABLE,,
B2a-104,B2a,Paldean Wonders,104,Gholdengo,T2_TCGDEX_ENTITY_PRESENT_IMAGE_ABSENT,card_image_absent,,,,,,,,A0_NOT_APPLICABLE,ASSET_NOT_APPLICABLE,,
B2a-105,B2a,Paldean Wonders,105,Team Star Grunt,T2_TCGDEX_ENTITY_PRESENT_IMAGE_ABSENT,card_image_absent,,,,,,,,A0_NOT_APPLICABLE,ASSET_NOT_APPLICABLE,,
B2a-106,B2a,Paldean Wonders,106,Iono,T2_TCGDEX_ENTITY_PRESENT_IMAGE_ABSENT,card_image_absent,,,,,,,,A0_NOT_APPLICABLE,ASSET_NOT_APPLICABLE,,
B2a-107,B2a,Paldean Wonders,107,Nemona,T2_TCGDEX_ENTITY_PRESENT_IMAGE_ABSENT,card_image_absent,,,,,,,,A0_NOT_APPLICABLE,ASSET_NOT_APPLICABLE,,
B2a-108,B2a,Paldean Wonders,108,Arven,T2_TCGDEX_ENTITY_PRESENT_IMAGE_ABSENT,card_image_absent,,,,,,,,A0_NOT_APPLICABLE,ASSET_NOT_APPLICABLE,,
B2a-109,B2a,Paldean Wonders,109,Penny,T2_TCGDEX_ENTITY_PRESENT_IMAGE_ABSENT,card_image_absent,,,,,,,,A0_NOT_APPLICABLE,ASSET_NOT_APPLICABLE,,
B2a-110,B2a,Paldean Wonders,110,Meowscarada,T2_TCGDEX_ENTITY_PRESENT_IMAGE_ABSENT,card_image_absent,,,,,,,,A0_NOT_APPLICABLE,ASSET_NOT_APPLICABLE,,
B2a-111,B2a,Paldean Wonders,111,Armarouge,T2_TCGDEX_ENTITY_PRESENT_IMAGE_ABSENT,card_image_absent,,,,,,,,A0_NOT_APPLICABLE,ASSET_NOT_APPLICABLE,,
B2a-112,B2a,Paldean Wonders,112,Chien-Pao,T2_TCGDEX_ENTITY_PRESENT_IMAGE_ABSENT,card_image_absent,,,,,,,,A0_NOT_APPLICABLE,ASSET_NOT_APPLICABLE,,
B2a-113,B2a,Paldean Wonders,113,Bellibolt,T2_TCGDEX_ENTITY_PRESENT_IMAGE_ABSENT,card_image_absent,,,,,,,,A0_NOT_APPLICABLE,ASSET_NOT_APPLICABLE,,
B2a-114,B2a,Paldean Wonders,114,Gholdengo,T2_TCGDEX_ENTITY_PRESENT_IMAGE_ABSENT,card_image_absent,,,,,,,,A0_NOT_APPLICABLE,ASSET_NOT_APPLICABLE,,
B2a-115,B2a,Paldean Wonders,115,Arven,T2_TCGDEX_ENTITY_PRESENT_IMAGE_ABSENT,card_image_absent,,,,,,,,A0_NOT_APPLICABLE,ASSET_NOT_APPLICABLE,,
B2a-116,B2a,Paldean Wonders,116,Sprigatito,T2_TCGDEX_ENTITY_PRESENT_IMAGE_ABSENT,card_image_absent,,,,,,,,A0_NOT_APPLICABLE,ASSET_NOT_APPLICABLE,,
B2a-117,B2a,Paldean Wonders,117,Floragato,T2_TCGDEX_ENTITY_PRESENT_IMAGE_ABSENT,card_image_absent,,,,,,,,A0_NOT_APPLICABLE,ASSET_NOT_APPLICABLE,,
B2a-118,B2a,Paldean Wonders,118,Meowscarada,T2_TCGDEX_ENTITY_PRESENT_IMAGE_ABSENT,card_image_absent,,,,,,,,A0_NOT_APPLICABLE,ASSET_NOT_APPLICABLE,,
B2a-119,B2a,Paldean Wonders,119,Pawmi,T2_TCGDEX_ENTITY_PRESENT_IMAGE_ABSENT,card_image_absent,,,,,,,,A0_NOT_APPLICABLE,ASSET_NOT_APPLICABLE,,
B2a-120,B2a,Paldean Wonders,120,Pawmo,T2_TCGDEX_ENTITY_PRESENT_IMAGE_ABSENT,card_image_absent,,,,,,,,A0_NOT_APPLICABLE,ASSET_NOT_APPLICABLE,,
B2a-121,B2a,Paldean Wonders,121,Pawmot,T2_TCGDEX_ENTITY_PRESENT_IMAGE_ABSENT,card_image_absent,,,,,,,,A0_NOT_APPLICABLE,ASSET_NOT_APPLICABLE,,
B2a-122,B2a,Paldean Wonders,122,Gimmighoul,T2_TCGDEX_ENTITY_PRESENT_IMAGE_ABSENT,card_image_absent,,,,,,,,A0_NOT_APPLICABLE,ASSET_NOT_APPLICABLE,,
B2a-123,B2a,Paldean Wonders,123,Tinkatink,T2_TCGDEX_ENTITY_PRESENT_IMAGE_ABSENT,card_image_absent,,,,,,,,A0_NOT_APPLICABLE,ASSET_NOT_APPLICABLE,,
B2a-124,B2a,Paldean Wonders,124,Tinkatuff,T2_TCGDEX_ENTITY_PRESENT_IMAGE_ABSENT,card_image_absent,,,,,,,,A0_NOT_APPLICABLE,ASSET_NOT_APPLICABLE,,
B2a-125,B2a,Paldean Wonders,125,Gholdengo,T2_TCGDEX_ENTITY_PRESENT_IMAGE_ABSENT,card_image_absent,,,,,,,,A0_NOT_APPLICABLE,ASSET_NOT_APPLICABLE,,
B2a-126,B2a,Paldean Wonders,126,Entei,T2_TCGDEX_ENTITY_PRESENT_IMAGE_ABSENT,card_image_absent,,,,,,,,A0_NOT_APPLICABLE,ASSET_NOT_APPLICABLE,,
B2a-127,B2a,Paldean Wonders,127,Suicune,T2_TCGDEX_ENTITY_PRESENT_IMAGE_ABSENT,card_image_absent,,,,,,,,A0_NOT_APPLICABLE,ASSET_NOT_APPLICABLE,,
B2a-128,B2a,Paldean Wonders,128,Raikou,T2_TCGDEX_ENTITY_PRESENT_IMAGE_ABSENT,card_image_absent,,,,,,,,A0_NOT_APPLICABLE,ASSET_NOT_APPLICABLE,,
B2a-129,B2a,Paldean Wonders,129,Tinkaton,T2_TCGDEX_ENTITY_PRESENT_IMAGE_ABSENT,card_image_absent,,,,,,,,A0_NOT_APPLICABLE,ASSET_NOT_APPLICABLE,,
B2a-130,B2a,Paldean Wonders,130,Baxcalibur,T2_TCGDEX_ENTITY_PRESENT_IMAGE_ABSENT,card_image_absent,,,,,,,,A0_NOT_APPLICABLE,ASSET_NOT_APPLICABLE,,
B2a-131,B2a,Paldean Wonders,131,Electric Generator,T2_TCGDEX_ENTITY_PRESENT_IMAGE_ABSENT,card_image_absent,,,,,,,,A0_NOT_APPLICABLE,ASSET_NOT_APPLICABLE,,
bog-1,bog,Best of game,1,Electabuzz,T2_TCGDEX_ENTITY_PRESENT_IMAGE_ABSENT,card_image_absent,,,,,,,,A0_NOT_APPLICABLE,ASSET_NOT_APPLICABLE,,
bog-2,bog,Best of game,2,Hitmonchan,T2_TCGDEX_ENTITY_PRESENT_IMAGE_ABSENT,card_image_absent,,,,,,,,A0_NOT_APPLICABLE,ASSET_NOT_APPLICABLE,,
bog-3,bog,Best of game,3,Professor Elm,T2_TCGDEX_ENTITY_PRESENT_IMAGE_ABSENT,card_image_absent,,,,,,,,A0_NOT_APPLICABLE,ASSET_NOT_APPLICABLE,,
bog-4,bog,Best of game,4,Rocket’s Scizor,T2_TCGDEX_ENTITY_PRESENT_IMAGE_ABSENT,card_image_absent,,,,,,,,A0_NOT_APPLICABLE,ASSET_NOT_APPLICABLE,,
bog-5,bog,Best of game,5,Rocket’s Sneasel,T2_TCGDEX_ENTITY_PRESENT_IMAGE_ABSENT,card_image_absent,,,,,,,,A0_NOT_APPLICABLE,ASSET_NOT_APPLICABLE,,
bog-6,bog,Best of game,6,Dark Ivysaur,T2_TCGDEX_ENTITY_PRESENT_IMAGE_ABSENT,card_image_absent,,,,,,,,A0_NOT_APPLICABLE,ASSET_NOT_APPLICABLE,,
bog-7,bog,Best of game,7,Dark Venusaur,T2_TCGDEX_ENTITY_PRESENT_IMAGE_ABSENT,card_image_absent,,,,,,,,A0_NOT_APPLICABLE,ASSET_NOT_APPLICABLE,,
bog-8,bog,Best of game,8,Rocket’s Mewtwo,T2_TCGDEX_ENTITY_PRESENT_IMAGE_ABSENT,card_image_absent,,,,,,,,A0_NOT_APPLICABLE,ASSET_NOT_APPLICABLE,,
bog-9,bog,Best of game,9,Rocket’s Hitmonchan,T2_TCGDEX_ENTITY_PRESENT_IMAGE_ABSENT,card_image_absent,,,,,,,,A0_NOT_APPLICABLE,ASSET_NOT_APPLICABLE,,
bwp-BW04,bwp,BW Black Star Promos,BW04,Reshiram,T2_TCGDEX_ENTITY_PRESENT_IMAGE_ABSENT,brief_image_absent_field_projected,,,,,,,,A0_NOT_APPLICABLE,ASSET_NOT_APPLICABLE,,
bwp-BW05,bwp,BW Black Star Promos,BW05,Zekrom,T2_TCGDEX_ENTITY_PRESENT_IMAGE_ABSENT,brief_image_absent_field_projected,,,,,,,,A0_NOT_APPLICABLE,ASSET_NOT_APPLICABLE,,
bwp-BW96,bwp,BW Black Star Promos,BW96,Tornadus-EX,T2_TCGDEX_ENTITY_PRESENT_IMAGE_ABSENT,brief_image_absent_field_projected,,,,,,,,A0_NOT_APPLICABLE,ASSET_NOT_APPLICABLE,,
cel25-107A,cel25,Celebrations,107A,Donphan,T3_TCGDEX_ENTITY_ABSENT,card_absent,,,,,,,,A0_NOT_APPLICABLE,ASSET_NOT_APPLICABLE,,
cel25-109A,cel25,Celebrations,109A,Luxray GL LV.X,T3_TCGDEX_ENTITY_ABSENT,card_absent,,,,,,,,A0_NOT_APPLICABLE,ASSET_NOT_APPLICABLE,,
cel25-113A,cel25,Celebrations,113A,Reshiram,T3_TCGDEX_ENTITY_ABSENT,card_absent,,,,,,,,A0_NOT_APPLICABLE,ASSET_NOT_APPLICABLE,,
cel25-114A,cel25,Celebrations,114A,Zekrom,T3_TCGDEX_ENTITY_ABSENT,card_absent,,,,,,,,A0_NOT_APPLICABLE,ASSET_NOT_APPLICABLE,,
cel25-145A,cel25,Celebrations,145A,Garchomp C LV.X,T3_TCGDEX_ENTITY_ABSENT,card_absent,,,,,,,,A0_NOT_APPLICABLE,ASSET_NOT_APPLICABLE,,
cel25-15A1,cel25,Celebrations,15A1,Venusaur,T3_TCGDEX_ENTITY_ABSENT,card_absent,,,,,,,,A0_NOT_APPLICABLE,ASSET_NOT_APPLICABLE,,
cel25-15A2,cel25,Celebrations,15A2,Here Comes Team Rocket!,T3_TCGDEX_ENTITY_ABSENT,card_absent,,,,,,,,A0_NOT_APPLICABLE,ASSET_NOT_APPLICABLE,,
cel25-15A3,cel25,Celebrations,15A3,Rocket's Zapdos,T3_TCGDEX_ENTITY_ABSENT,card_absent,,,,,,,,A0_NOT_APPLICABLE,ASSET_NOT_APPLICABLE,,
cel25-15A4,cel25,Celebrations,15A4,Claydol,T3_TCGDEX_ENTITY_ABSENT,card_absent,,,,,,,,A0_NOT_APPLICABLE,ASSET_NOT_APPLICABLE,,
cel25-17A,cel25,Celebrations,17A,Umbreon Star,T3_TCGDEX_ENTITY_ABSENT,card_absent,,,,,,,,A0_NOT_APPLICABLE,ASSET_NOT_APPLICABLE,,
cel25-20A,cel25,Celebrations,20A,Cleffa,T3_TCGDEX_ENTITY_ABSENT,card_absent,,,,,,,,A0_NOT_APPLICABLE,ASSET_NOT_APPLICABLE,,
cel25-24A,cel25,Celebrations,24A,_____'s Pikachu,T3_TCGDEX_ENTITY_ABSENT,card_absent,,,,,,,,A0_NOT_APPLICABLE,ASSET_NOT_APPLICABLE,,
cel25-25,cel25,Celebrations,25,Mew,T2_TCGDEX_ENTITY_PRESENT_IMAGE_ABSENT,brief_image_absent_field_projected,,,,,,,,A0_NOT_APPLICABLE,ASSET_NOT_APPLICABLE,,
cel25-2A,cel25,Celebrations,2A,Blastoise,T3_TCGDEX_ENTITY_ABSENT,card_absent,,,,,,,,A0_NOT_APPLICABLE,ASSET_NOT_APPLICABLE,,
cel25-4A,cel25,Celebrations,4A,Charizard,T3_TCGDEX_ENTITY_ABSENT,card_absent,,,,,,,,A0_NOT_APPLICABLE,ASSET_NOT_APPLICABLE,,
cel25-54A,cel25,Celebrations,54A,Mewtwo EX,T3_TCGDEX_ENTITY_ABSENT,card_absent,,,,,,,,A0_NOT_APPLICABLE,ASSET_NOT_APPLICABLE,,
cel25-60A,cel25,Celebrations,60A,Tapu Lele GX,T3_TCGDEX_ENTITY_ABSENT,card_absent,,,,,,,,A0_NOT_APPLICABLE,ASSET_NOT_APPLICABLE,,
cel25-66A,cel25,Celebrations,66A,Shining Magikarp,T3_TCGDEX_ENTITY_ABSENT,card_absent,,,,,,,,A0_NOT_APPLICABLE,ASSET_NOT_APPLICABLE,,
cel25-73A,cel25,Celebrations,73A,Imposter Professor Oak,T3_TCGDEX_ENTITY_ABSENT,card_absent,,,,,,,,A0_NOT_APPLICABLE,ASSET_NOT_APPLICABLE,,
cel25-76A,cel25,Celebrations,76A,M Rayquaza EX,T3_TCGDEX_ENTITY_ABSENT,card_absent,,,,,,,,A0_NOT_APPLICABLE,ASSET_NOT_APPLICABLE,,
cel25-86A,cel25,Celebrations,86A,Rocket's Admin.,T3_TCGDEX_ENTITY_ABSENT,card_absent,,,,,,,,A0_NOT_APPLICABLE,ASSET_NOT_APPLICABLE,,
cel25-88A,cel25,Celebrations,88A,Mew ex,T3_TCGDEX_ENTITY_ABSENT,card_absent,,,,,,,,A0_NOT_APPLICABLE,ASSET_NOT_APPLICABLE,,
cel25-8A,cel25,Celebrations,8A,Dark Gyarados,T3_TCGDEX_ENTITY_ABSENT,card_absent,,,,,,,,A0_NOT_APPLICABLE,ASSET_NOT_APPLICABLE,,
cel25-93A,cel25,Celebrations,93A,Gardevoir ex,T3_TCGDEX_ENTITY_ABSENT,card_absent,,,,,,,,A0_NOT_APPLICABLE,ASSET_NOT_APPLICABLE,,
cel25-97A,cel25,Celebrations,97A,Xerneas EX,T3_TCGDEX_ENTITY_ABSENT,card_absent,,,,,,,,A0_NOT_APPLICABLE,ASSET_NOT_APPLICABLE,,
cel25-9A,cel25,Celebrations,9A,Team Magma's Groudon,T3_TCGDEX_ENTITY_ABSENT,card_absent,,,,,,,,A0_NOT_APPLICABLE,ASSET_NOT_APPLICABLE,,
cel25cc-CC001,cel25cc,Celebrations Classic Collection,CC001,Blastoise,T2_TCGDEX_ENTITY_PRESENT_IMAGE_ABSENT,card_image_absent,,,,,,,,A0_NOT_APPLICABLE,ASSET_NOT_APPLICABLE,,
cel25cc-CC002,cel25cc,Celebrations Classic Collection,CC002,Charizard,T2_TCGDEX_ENTITY_PRESENT_IMAGE_ABSENT,card_image_absent,,,,,,,,A0_NOT_APPLICABLE,ASSET_NOT_APPLICABLE,,
cel25cc-CC003,cel25cc,Celebrations Classic Collection,CC003,Venusaur,T2_TCGDEX_ENTITY_PRESENT_IMAGE_ABSENT,card_image_absent,,,,,,,,A0_NOT_APPLICABLE,ASSET_NOT_APPLICABLE,,
cel25cc-CC004,cel25cc,Celebrations Classic Collection,CC004,Imposter Professor Oak,T2_TCGDEX_ENTITY_PRESENT_IMAGE_ABSENT,card_image_absent,,,,,,,,A0_NOT_APPLICABLE,ASSET_NOT_APPLICABLE,,
cel25cc-CC005,cel25cc,Celebrations Classic Collection,CC005,Dark Gyarados,T2_TCGDEX_ENTITY_PRESENT_IMAGE_ABSENT,card_image_absent,,,,,,,,A0_NOT_APPLICABLE,ASSET_NOT_APPLICABLE,,
cel25cc-CC006,cel25cc,Celebrations Classic Collection,CC006,Here Comes Team Rocket!,T2_TCGDEX_ENTITY_PRESENT_IMAGE_ABSENT,card_image_absent,,,,,,,,A0_NOT_APPLICABLE,ASSET_NOT_APPLICABLE,,
cel25cc-CC007,cel25cc,Celebrations Classic Collection,CC007,Rocket's Zapdos,T2_TCGDEX_ENTITY_PRESENT_IMAGE_ABSENT,card_image_absent,,,,,,,,A0_NOT_APPLICABLE,ASSET_NOT_APPLICABLE,,
cel25cc-CC008,cel25cc,Celebrations Classic Collection,CC008,_____'s Pikachu,T2_TCGDEX_ENTITY_PRESENT_IMAGE_ABSENT,card_image_absent,,,,,,,,A0_NOT_APPLICABLE,ASSET_NOT_APPLICABLE,,
cel25cc-CC009,cel25cc,Celebrations Classic Collection,CC009,Cleffa,T2_TCGDEX_ENTITY_PRESENT_IMAGE_ABSENT,card_image_absent,,,,,,,,A0_NOT_APPLICABLE,ASSET_NOT_APPLICABLE,,
cel25cc-CC010,cel25cc,Celebrations Classic Collection,CC010,Shining Magikarp,T2_TCGDEX_ENTITY_PRESENT_IMAGE_ABSENT,card_image_absent,,,,,,,,A0_NOT_APPLICABLE,ASSET_NOT_APPLICABLE,,
cel25cc-CC011,cel25cc,Celebrations Classic Collection,CC011,Team Magma's Groudon,T2_TCGDEX_ENTITY_PRESENT_IMAGE_ABSENT,card_image_absent,,,,,,,,A0_NOT_APPLICABLE,ASSET_NOT_APPLICABLE,,
cel25cc-CC012,cel25cc,Celebrations Classic Collection,CC012,Rocket's Admin.,T2_TCGDEX_ENTITY_PRESENT_IMAGE_ABSENT,card_image_absent,,,,,,,,A0_NOT_APPLICABLE,ASSET_NOT_APPLICABLE,,
cel25cc-CC013,cel25cc,Celebrations Classic Collection,CC013,Mew ex,T2_TCGDEX_ENTITY_PRESENT_IMAGE_ABSENT,card_image_absent,,,,,,,,A0_NOT_APPLICABLE,ASSET_NOT_APPLICABLE,,
cel25cc-CC014,cel25cc,Celebrations Classic Collection,CC014,Gardevoir ex,T2_TCGDEX_ENTITY_PRESENT_IMAGE_ABSENT,card_image_absent,,,,,,,,A0_NOT_APPLICABLE,ASSET_NOT_APPLICABLE,,
cel25cc-CC015,cel25cc,Celebrations Classic Collection,CC015,Umbreon ☆,T2_TCGDEX_ENTITY_PRESENT_IMAGE_ABSENT,card_image_absent,,,,,,,,A0_NOT_APPLICABLE,ASSET_NOT_APPLICABLE,,
cel25cc-CC016,cel25cc,Celebrations Classic Collection,CC016,Claydol,T2_TCGDEX_ENTITY_PRESENT_IMAGE_ABSENT,card_image_absent,,,,,,,,A0_NOT_APPLICABLE,ASSET_NOT_APPLICABLE,,
cel25cc-CC017,cel25cc,Celebrations Classic Collection,CC017,Luxray GL LV.X,T2_TCGDEX_ENTITY_PRESENT_IMAGE_ABSENT,card_image_absent,,,,,,,,A0_NOT_APPLICABLE,ASSET_NOT_APPLICABLE,,
cel25cc-CC018,cel25cc,Celebrations Classic Collection,CC018,Garchomp C LV.X,T2_TCGDEX_ENTITY_PRESENT_IMAGE_ABSENT,card_image_absent,,,,,,,,A0_NOT_APPLICABLE,ASSET_NOT_APPLICABLE,,
cel25cc-CC019,cel25cc,Celebrations Classic Collection,CC019,Donphan,T2_TCGDEX_ENTITY_PRESENT_IMAGE_ABSENT,card_image_absent,,,,,,,,A0_NOT_APPLICABLE,ASSET_NOT_APPLICABLE,,
cel25cc-CC020,cel25cc,Celebrations Classic Collection,CC020,Reshiram,T2_TCGDEX_ENTITY_PRESENT_IMAGE_ABSENT,card_image_absent,,,,,,,,A0_NOT_APPLICABLE,ASSET_NOT_APPLICABLE,,
cel25cc-CC021,cel25cc,Celebrations Classic Collection,CC021,Zekrom,T2_TCGDEX_ENTITY_PRESENT_IMAGE_ABSENT,card_image_absent,,,,,,,,A0_NOT_APPLICABLE,ASSET_NOT_APPLICABLE,,
cel25cc-CC022,cel25cc,Celebrations Classic Collection,CC022,Mewtwo EX,T2_TCGDEX_ENTITY_PRESENT_IMAGE_ABSENT,card_image_absent,,,,,,,,A0_NOT_APPLICABLE,ASSET_NOT_APPLICABLE,,
cel25cc-CC023,cel25cc,Celebrations Classic Collection,CC023,Xerneas EX,T2_TCGDEX_ENTITY_PRESENT_IMAGE_ABSENT,card_image_absent,,,,,,,,A0_NOT_APPLICABLE,ASSET_NOT_APPLICABLE,,
cel25cc-CC024,cel25cc,Celebrations Classic Collection,CC024,M Rayquaza EX,T2_TCGDEX_ENTITY_PRESENT_IMAGE_ABSENT,card_image_absent,,,,,,,,A0_NOT_APPLICABLE,ASSET_NOT_APPLICABLE,,
cel25cc-CC025,cel25cc,Celebrations Classic Collection,CC025,Tapu Lele GX,T2_TCGDEX_ENTITY_PRESENT_IMAGE_ABSENT,card_image_absent,,,,,,,,A0_NOT_APPLICABLE,ASSET_NOT_APPLICABLE,,
ecard2-103a,ecard2,Aquapolis,103a,Porygon,T2_TCGDEX_ENTITY_PRESENT_IMAGE_ABSENT,brief_image_absent_field_projected,,,,,,,,A0_NOT_APPLICABLE,ASSET_NOT_APPLICABLE,,
ecard2-103b,ecard2,Aquapolis,103b,Porygon,T2_TCGDEX_ENTITY_PRESENT_IMAGE_ABSENT,brief_image_absent_field_projected,,,,,,,,A0_NOT_APPLICABLE,ASSET_NOT_APPLICABLE,,
ecard2-50a,ecard2,Aquapolis,50a,Golduck,T2_TCGDEX_ENTITY_PRESENT_IMAGE_ABSENT,brief_image_absent_field_projected,,,,,,,,A0_NOT_APPLICABLE,ASSET_NOT_APPLICABLE,,
ecard2-50b,ecard2,Aquapolis,50b,Golduck,T2_TCGDEX_ENTITY_PRESENT_IMAGE_ABSENT,brief_image_absent_field_projected,,,,,,,,A0_NOT_APPLICABLE,ASSET_NOT_APPLICABLE,,
ecard2-74a,ecard2,Aquapolis,74a,Drowzee,T2_TCGDEX_ENTITY_PRESENT_IMAGE_ABSENT,brief_image_absent_field_projected,,,,,,,,A0_NOT_APPLICABLE,ASSET_NOT_APPLICABLE,,
ecard2-74b,ecard2,Aquapolis,74b,Drowzee,T2_TCGDEX_ENTITY_PRESENT_IMAGE_ABSENT,brief_image_absent_field_projected,,,,,,,,A0_NOT_APPLICABLE,ASSET_NOT_APPLICABLE,,
ecard2-95a,ecard2,Aquapolis,95a,Mr. Mime,T2_TCGDEX_ENTITY_PRESENT_IMAGE_ABSENT,brief_image_absent_field_projected,,,,,,,,A0_NOT_APPLICABLE,ASSET_NOT_APPLICABLE,,
ecard2-95b,ecard2,Aquapolis,95b,Mr. Mime,T2_TCGDEX_ENTITY_PRESENT_IMAGE_ABSENT,brief_image_absent_field_projected,,,,,,,,A0_NOT_APPLICABLE,ASSET_NOT_APPLICABLE,,
ecard2-H01,ecard2,Aquapolis,H01,Ampharos,T2_TCGDEX_ENTITY_PRESENT_IMAGE_ABSENT,brief_image_absent_field_projected,,,,,,,,A0_NOT_APPLICABLE,ASSET_NOT_APPLICABLE,,
ecard2-H02,ecard2,Aquapolis,H02,Arcanine,T2_TCGDEX_ENTITY_PRESENT_IMAGE_ABSENT,brief_image_absent_field_projected,,,,,,,,A0_NOT_APPLICABLE,ASSET_NOT_APPLICABLE,,
ecard2-H03,ecard2,Aquapolis,H03,Ariados,T2_TCGDEX_ENTITY_PRESENT_IMAGE_ABSENT,brief_image_absent_field_projected,,,,,,,,A0_NOT_APPLICABLE,ASSET_NOT_APPLICABLE,,
ecard2-H04,ecard2,Aquapolis,H04,Azumarill,T2_TCGDEX_ENTITY_PRESENT_IMAGE_ABSENT,brief_image_absent_field_projected,,,,,,,,A0_NOT_APPLICABLE,ASSET_NOT_APPLICABLE,,
ecard2-H05,ecard2,Aquapolis,H05,Bellossom,T2_TCGDEX_ENTITY_PRESENT_IMAGE_ABSENT,brief_image_absent_field_projected,,,,,,,,A0_NOT_APPLICABLE,ASSET_NOT_APPLICABLE,,
ecard2-H06,ecard2,Aquapolis,H06,Blissey,T2_TCGDEX_ENTITY_PRESENT_IMAGE_ABSENT,brief_image_absent_field_projected,,,,,,,,A0_NOT_APPLICABLE,ASSET_NOT_APPLICABLE,,
ecard2-H07,ecard2,Aquapolis,H07,Electrode,T2_TCGDEX_ENTITY_PRESENT_IMAGE_ABSENT,brief_image_absent_field_projected,,,,,,,,A0_NOT_APPLICABLE,ASSET_NOT_APPLICABLE,,
ecard2-H08,ecard2,Aquapolis,H08,Entei,T2_TCGDEX_ENTITY_PRESENT_IMAGE_ABSENT,brief_image_absent_field_projected,,,,,,,,A0_NOT_APPLICABLE,ASSET_NOT_APPLICABLE,,
ecard2-H09,ecard2,Aquapolis,H09,Espeon,T2_TCGDEX_ENTITY_PRESENT_IMAGE_ABSENT,brief_image_absent_field_projected,,,,,,,,A0_NOT_APPLICABLE,ASSET_NOT_APPLICABLE,,
ecard2-H10,ecard2,Aquapolis,H10,Exeggutor,T2_TCGDEX_ENTITY_PRESENT_IMAGE_ABSENT,brief_image_absent_field_projected,,,,,,,,A0_NOT_APPLICABLE,ASSET_NOT_APPLICABLE,,
ecard2-H11,ecard2,Aquapolis,H11,Houndoom,T2_TCGDEX_ENTITY_PRESENT_IMAGE_ABSENT,brief_image_absent_field_projected,,,,,,,,A0_NOT_APPLICABLE,ASSET_NOT_APPLICABLE,,
ecard2-H12,ecard2,Aquapolis,H12,Hypno,T2_TCGDEX_ENTITY_PRESENT_IMAGE_ABSENT,brief_image_absent_field_projected,,,,,,,,A0_NOT_APPLICABLE,ASSET_NOT_APPLICABLE,,
ecard2-H13,ecard2,Aquapolis,H13,Jumpluff,T2_TCGDEX_ENTITY_PRESENT_IMAGE_ABSENT,brief_image_absent_field_projected,,,,,,,,A0_NOT_APPLICABLE,ASSET_NOT_APPLICABLE,,
ecard2-H14,ecard2,Aquapolis,H14,Kingdra,T2_TCGDEX_ENTITY_PRESENT_IMAGE_ABSENT,brief_image_absent_field_projected,,,,,,,,A0_NOT_APPLICABLE,ASSET_NOT_APPLICABLE,,
ecard2-H15,ecard2,Aquapolis,H15,Lanturn,T2_TCGDEX_ENTITY_PRESENT_IMAGE_ABSENT,brief_image_absent_field_projected,,,,,,,,A0_NOT_APPLICABLE,ASSET_NOT_APPLICABLE,,
ecard2-H16,ecard2,Aquapolis,H16,Magneton,T2_TCGDEX_ENTITY_PRESENT_IMAGE_ABSENT,brief_image_absent_field_projected,,,,,,,,A0_NOT_APPLICABLE,ASSET_NOT_APPLICABLE,,
ecard2-H17,ecard2,Aquapolis,H17,Muk,T2_TCGDEX_ENTITY_PRESENT_IMAGE_ABSENT,brief_image_absent_field_projected,,,,,,,,A0_NOT_APPLICABLE,ASSET_NOT_APPLICABLE,,
ecard2-H18,ecard2,Aquapolis,H18,Nidoking,T2_TCGDEX_ENTITY_PRESENT_IMAGE_ABSENT,brief_image_absent_field_projected,,,,,,,,A0_NOT_APPLICABLE,ASSET_NOT_APPLICABLE,,
ecard2-H19,ecard2,Aquapolis,H19,Ninetales,T2_TCGDEX_ENTITY_PRESENT_IMAGE_ABSENT,brief_image_absent_field_projected,,,,,,,,A0_NOT_APPLICABLE,ASSET_NOT_APPLICABLE,,
ecard2-H20,ecard2,Aquapolis,H20,Octillery,T2_TCGDEX_ENTITY_PRESENT_IMAGE_ABSENT,brief_image_absent_field_projected,,,,,,,,A0_NOT_APPLICABLE,ASSET_NOT_APPLICABLE,,
ecard2-H21,ecard2,Aquapolis,H21,Scizor,T2_TCGDEX_ENTITY_PRESENT_IMAGE_ABSENT,brief_image_absent_field_projected,,,,,,,,A0_NOT_APPLICABLE,ASSET_NOT_APPLICABLE,,
ecard2-H22,ecard2,Aquapolis,H22,Slowking,T2_TCGDEX_ENTITY_PRESENT_IMAGE_ABSENT,brief_image_absent_field_projected,,,,,,,,A0_NOT_APPLICABLE,ASSET_NOT_APPLICABLE,,
ecard2-H23,ecard2,Aquapolis,H23,Steelix,T2_TCGDEX_ENTITY_PRESENT_IMAGE_ABSENT,brief_image_absent_field_projected,,,,,,,,A0_NOT_APPLICABLE,ASSET_NOT_APPLICABLE,,
ecard2-H24,ecard2,Aquapolis,H24,Sudowoodo,T2_TCGDEX_ENTITY_PRESENT_IMAGE_ABSENT,brief_image_absent_field_projected,,,,,,,,A0_NOT_APPLICABLE,ASSET_NOT_APPLICABLE,,
ecard2-H25,ecard2,Aquapolis,H25,Suicune,T2_TCGDEX_ENTITY_PRESENT_IMAGE_ABSENT,brief_image_absent_field_projected,,,,,,,,A0_NOT_APPLICABLE,ASSET_NOT_APPLICABLE,,
ecard2-H26,ecard2,Aquapolis,H26,Tentacruel,T2_TCGDEX_ENTITY_PRESENT_IMAGE_ABSENT,brief_image_absent_field_projected,,,,,,,,A0_NOT_APPLICABLE,ASSET_NOT_APPLICABLE,,
ecard2-H27,ecard2,Aquapolis,H27,Togetic,T2_TCGDEX_ENTITY_PRESENT_IMAGE_ABSENT,brief_image_absent_field_projected,,,,,,,,A0_NOT_APPLICABLE,ASSET_NOT_APPLICABLE,,
ecard2-H28,ecard2,Aquapolis,H28,Tyranitar,T2_TCGDEX_ENTITY_PRESENT_IMAGE_ABSENT,brief_image_absent_field_projected,,,,,,,,A0_NOT_APPLICABLE,ASSET_NOT_APPLICABLE,,
ecard2-H29,ecard2,Aquapolis,H29,Umbreon,T2_TCGDEX_ENTITY_PRESENT_IMAGE_ABSENT,brief_image_absent_field_projected,,,,,,,,A0_NOT_APPLICABLE,ASSET_NOT_APPLICABLE,,
ecard2-H30,ecard2,Aquapolis,H30,Victreebel,T2_TCGDEX_ENTITY_PRESENT_IMAGE_ABSENT,brief_image_absent_field_projected,,,,,,,,A0_NOT_APPLICABLE,ASSET_NOT_APPLICABLE,,
ecard2-H31,ecard2,Aquapolis,H31,Vileplume,T2_TCGDEX_ENTITY_PRESENT_IMAGE_ABSENT,brief_image_absent_field_projected,,,,,,,,A0_NOT_APPLICABLE,ASSET_NOT_APPLICABLE,,
ecard2-H32,ecard2,Aquapolis,H32,Zapdos,T2_TCGDEX_ENTITY_PRESENT_IMAGE_ABSENT,brief_image_absent_field_projected,,,,,,,,A0_NOT_APPLICABLE,ASSET_NOT_APPLICABLE,,
ecard3-H01,ecard3,Skyridge,H01,Alakazam,T2_TCGDEX_ENTITY_PRESENT_IMAGE_ABSENT,brief_image_absent_field_projected,,,,,,,,A0_NOT_APPLICABLE,ASSET_NOT_APPLICABLE,,
ecard3-H02,ecard3,Skyridge,H02,Arcanine,T2_TCGDEX_ENTITY_PRESENT_IMAGE_ABSENT,brief_image_absent_field_projected,,,,,,,,A0_NOT_APPLICABLE,ASSET_NOT_APPLICABLE,,
ecard3-H03,ecard3,Skyridge,H03,Articuno,T2_TCGDEX_ENTITY_PRESENT_IMAGE_ABSENT,brief_image_absent_field_projected,,,,,,,,A0_NOT_APPLICABLE,ASSET_NOT_APPLICABLE,,
ecard3-H04,ecard3,Skyridge,H04,Beedrill,T2_TCGDEX_ENTITY_PRESENT_IMAGE_ABSENT,brief_image_absent_field_projected,,,,,,,,A0_NOT_APPLICABLE,ASSET_NOT_APPLICABLE,,
ecard3-H05,ecard3,Skyridge,H05,Crobat,T2_TCGDEX_ENTITY_PRESENT_IMAGE_ABSENT,brief_image_absent_field_projected,,,,,,,,A0_NOT_APPLICABLE,ASSET_NOT_APPLICABLE,,
ecard3-H06,ecard3,Skyridge,H06,Dewgong,T2_TCGDEX_ENTITY_PRESENT_IMAGE_ABSENT,brief_image_absent_field_projected,,,,,,,,A0_NOT_APPLICABLE,ASSET_NOT_APPLICABLE,,
ecard3-H07,ecard3,Skyridge,H07,Flareon,T2_TCGDEX_ENTITY_PRESENT_IMAGE_ABSENT,brief_image_absent_field_projected,,,,,,,,A0_NOT_APPLICABLE,ASSET_NOT_APPLICABLE,,
ecard3-H08,ecard3,Skyridge,H08,Forretress,T2_TCGDEX_ENTITY_PRESENT_IMAGE_ABSENT,brief_image_absent_field_projected,,,,,,,,A0_NOT_APPLICABLE,ASSET_NOT_APPLICABLE,,
ecard3-H09,ecard3,Skyridge,H09,Gengar,T2_TCGDEX_ENTITY_PRESENT_IMAGE_ABSENT,brief_image_absent_field_projected,,,,,,,,A0_NOT_APPLICABLE,ASSET_NOT_APPLICABLE,,
ecard3-H10,ecard3,Skyridge,H10,Gyarados,T2_TCGDEX_ENTITY_PRESENT_IMAGE_ABSENT,brief_image_absent_field_projected,,,,,,,,A0_NOT_APPLICABLE,ASSET_NOT_APPLICABLE,,
ecard3-H11,ecard3,Skyridge,H11,Houndoom,T2_TCGDEX_ENTITY_PRESENT_IMAGE_ABSENT,brief_image_absent_field_projected,,,,,,,,A0_NOT_APPLICABLE,ASSET_NOT_APPLICABLE,,
ecard3-H12,ecard3,Skyridge,H12,Jolteon,T2_TCGDEX_ENTITY_PRESENT_IMAGE_ABSENT,brief_image_absent_field_projected,,,,,,,,A0_NOT_APPLICABLE,ASSET_NOT_APPLICABLE,,
ecard3-H13,ecard3,Skyridge,H13,Kabutops,T2_TCGDEX_ENTITY_PRESENT_IMAGE_ABSENT,brief_image_absent_field_projected,,,,,,,,A0_NOT_APPLICABLE,ASSET_NOT_APPLICABLE,,
ecard3-H14,ecard3,Skyridge,H14,Ledian,T2_TCGDEX_ENTITY_PRESENT_IMAGE_ABSENT,brief_image_absent_field_projected,,,,,,,,A0_NOT_APPLICABLE,ASSET_NOT_APPLICABLE,,
ecard3-H15,ecard3,Skyridge,H15,Machamp,T2_TCGDEX_ENTITY_PRESENT_IMAGE_ABSENT,brief_image_absent_field_projected,,,,,,,,A0_NOT_APPLICABLE,ASSET_NOT_APPLICABLE,,
ecard3-H16,ecard3,Skyridge,H16,Magcargo,T2_TCGDEX_ENTITY_PRESENT_IMAGE_ABSENT,brief_image_absent_field_projected,,,,,,,,A0_NOT_APPLICABLE,ASSET_NOT_APPLICABLE,,
ecard3-H17,ecard3,Skyridge,H17,Magcargo,T2_TCGDEX_ENTITY_PRESENT_IMAGE_ABSENT,brief_image_absent_field_projected,,,,,,,,A0_NOT_APPLICABLE,ASSET_NOT_APPLICABLE,,
ecard3-H18,ecard3,Skyridge,H18,Magneton,T2_TCGDEX_ENTITY_PRESENT_IMAGE_ABSENT,brief_image_absent_field_projected,,,,,,,,A0_NOT_APPLICABLE,ASSET_NOT_APPLICABLE,,
ecard3-H19,ecard3,Skyridge,H19,Magneton,T2_TCGDEX_ENTITY_PRESENT_IMAGE_ABSENT,brief_image_absent_field_projected,,,,,,,,A0_NOT_APPLICABLE,ASSET_NOT_APPLICABLE,,
ecard3-H20,ecard3,Skyridge,H20,Moltres,T2_TCGDEX_ENTITY_PRESENT_IMAGE_ABSENT,brief_image_absent_field_projected,,,,,,,,A0_NOT_APPLICABLE,ASSET_NOT_APPLICABLE,,
ecard3-H21,ecard3,Skyridge,H21,Nidoqueen,T2_TCGDEX_ENTITY_PRESENT_IMAGE_ABSENT,brief_image_absent_field_projected,,,,,,,,A0_NOT_APPLICABLE,ASSET_NOT_APPLICABLE,,
ecard3-H22,ecard3,Skyridge,H22,Piloswine,T2_TCGDEX_ENTITY_PRESENT_IMAGE_ABSENT,brief_image_absent_field_projected,,,,,,,,A0_NOT_APPLICABLE,ASSET_NOT_APPLICABLE,,
ecard3-H23,ecard3,Skyridge,H23,Politoed,T2_TCGDEX_ENTITY_PRESENT_IMAGE_ABSENT,brief_image_absent_field_projected,,,,,,,,A0_NOT_APPLICABLE,ASSET_NOT_APPLICABLE,,
ecard3-H24,ecard3,Skyridge,H24,Poliwrath,T2_TCGDEX_ENTITY_PRESENT_IMAGE_ABSENT,brief_image_absent_field_projected,,,,,,,,A0_NOT_APPLICABLE,ASSET_NOT_APPLICABLE,,
ecard3-H25,ecard3,Skyridge,H25,Raichu,T2_TCGDEX_ENTITY_PRESENT_IMAGE_ABSENT,brief_image_absent_field_projected,,,,,,,,A0_NOT_APPLICABLE,ASSET_NOT_APPLICABLE,,
ecard3-H26,ecard3,Skyridge,H26,Raikou,T2_TCGDEX_ENTITY_PRESENT_IMAGE_ABSENT,brief_image_absent_field_projected,,,,,,,,A0_NOT_APPLICABLE,ASSET_NOT_APPLICABLE,,
ecard3-H27,ecard3,Skyridge,H27,Rhydon,T2_TCGDEX_ENTITY_PRESENT_IMAGE_ABSENT,brief_image_absent_field_projected,,,,,,,,A0_NOT_APPLICABLE,ASSET_NOT_APPLICABLE,,
ecard3-H28,ecard3,Skyridge,H28,Starmie,T2_TCGDEX_ENTITY_PRESENT_IMAGE_ABSENT,brief_image_absent_field_projected,,,,,,,,A0_NOT_APPLICABLE,ASSET_NOT_APPLICABLE,,
ecard3-H29,ecard3,Skyridge,H29,Steelix,T2_TCGDEX_ENTITY_PRESENT_IMAGE_ABSENT,brief_image_absent_field_projected,,,,,,,,A0_NOT_APPLICABLE,ASSET_NOT_APPLICABLE,,
ecard3-H30,ecard3,Skyridge,H30,Umbreon,T2_TCGDEX_ENTITY_PRESENT_IMAGE_ABSENT,brief_image_absent_field_projected,,,,,,,,A0_NOT_APPLICABLE,ASSET_NOT_APPLICABLE,,
ecard3-H31,ecard3,Skyridge,H31,Vaporeon,T2_TCGDEX_ENTITY_PRESENT_IMAGE_ABSENT,brief_image_absent_field_projected,,,,,,,,A0_NOT_APPLICABLE,ASSET_NOT_APPLICABLE,,
ecard3-H32,ecard3,Skyridge,H32,Xatu,T2_TCGDEX_ENTITY_PRESENT_IMAGE_ABSENT,brief_image_absent_field_projected,,,,,,,,A0_NOT_APPLICABLE,ASSET_NOT_APPLICABLE,,
ex5.5-1,ex5.5,Poké Card Creator Pack,1,Treecko,T2_TCGDEX_ENTITY_PRESENT_IMAGE_ABSENT,card_image_absent,,,,,,,,A0_NOT_APPLICABLE,ASSET_NOT_APPLICABLE,,
ex5.5-2,ex5.5,Poké Card Creator Pack,2,Wurmple,T2_TCGDEX_ENTITY_PRESENT_IMAGE_ABSENT,card_image_absent,,,,,,,,A0_NOT_APPLICABLE,ASSET_NOT_APPLICABLE,,
ex5.5-3,ex5.5,Poké Card Creator Pack,3,Torchic,T2_TCGDEX_ENTITY_PRESENT_IMAGE_ABSENT,card_image_absent,,,,,,,,A0_NOT_APPLICABLE,ASSET_NOT_APPLICABLE,,
ex5.5-4,ex5.5,Poké Card Creator Pack,4,Mudkip,T2_TCGDEX_ENTITY_PRESENT_IMAGE_ABSENT,card_image_absent,,,,,,,,A0_NOT_APPLICABLE,ASSET_NOT_APPLICABLE,,
ex5.5-5,ex5.5,Poké Card Creator Pack,5,Pikachu,T2_TCGDEX_ENTITY_PRESENT_IMAGE_ABSENT,card_image_absent,,,,,,,,A0_NOT_APPLICABLE,ASSET_NOT_APPLICABLE,,
exu-!,exu,Unseen Forces Unown Collection,!,Unown,T2_TCGDEX_ENTITY_PRESENT_IMAGE_ABSENT,card_image_absent,,,,,,,,A0_NOT_APPLICABLE,ASSET_NOT_APPLICABLE,,
exu-A,exu,Unseen Forces Unown Collection,A,Unown,T2_TCGDEX_ENTITY_PRESENT_IMAGE_ABSENT,card_image_absent,,,,,,,,A0_NOT_APPLICABLE,ASSET_NOT_APPLICABLE,,
exu-B,exu,Unseen Forces Unown Collection,B,Unown,T2_TCGDEX_ENTITY_PRESENT_IMAGE_ABSENT,card_image_absent,,,,,,,,A0_NOT_APPLICABLE,ASSET_NOT_APPLICABLE,,
exu-C,exu,Unseen Forces Unown Collection,C,Unown,T2_TCGDEX_ENTITY_PRESENT_IMAGE_ABSENT,card_image_absent,,,,,,,,A0_NOT_APPLICABLE,ASSET_NOT_APPLICABLE,,
exu-D,exu,Unseen Forces Unown Collection,D,Unown,T2_TCGDEX_ENTITY_PRESENT_IMAGE_ABSENT,card_image_absent,,,,,,,,A0_NOT_APPLICABLE,ASSET_NOT_APPLICABLE,,
exu-E,exu,Unseen Forces Unown Collection,E,Unown,T2_TCGDEX_ENTITY_PRESENT_IMAGE_ABSENT,card_image_absent,,,,,,,,A0_NOT_APPLICABLE,ASSET_NOT_APPLICABLE,,
exu-F,exu,Unseen Forces Unown Collection,F,Unown,T2_TCGDEX_ENTITY_PRESENT_IMAGE_ABSENT,card_image_absent,,,,,,,,A0_NOT_APPLICABLE,ASSET_NOT_APPLICABLE,,
exu-G,exu,Unseen Forces Unown Collection,G,Unown,T2_TCGDEX_ENTITY_PRESENT_IMAGE_ABSENT,card_image_absent,,,,,,,,A0_NOT_APPLICABLE,ASSET_NOT_APPLICABLE,,
exu-H,exu,Unseen Forces Unown Collection,H,Unown,T2_TCGDEX_ENTITY_PRESENT_IMAGE_ABSENT,card_image_absent,,,,,,,,A0_NOT_APPLICABLE,ASSET_NOT_APPLICABLE,,
exu-I,exu,Unseen Forces Unown Collection,I,Unown,T2_TCGDEX_ENTITY_PRESENT_IMAGE_ABSENT,card_image_absent,,,,,,,,A0_NOT_APPLICABLE,ASSET_NOT_APPLICABLE,,
exu-J,exu,Unseen Forces Unown Collection,J,Unown,T2_TCGDEX_ENTITY_PRESENT_IMAGE_ABSENT,card_image_absent,,,,,,,,A0_NOT_APPLICABLE,ASSET_NOT_APPLICABLE,,
exu-K,exu,Unseen Forces Unown Collection,K,Unown,T2_TCGDEX_ENTITY_PRESENT_IMAGE_ABSENT,card_image_absent,,,,,,,,A0_NOT_APPLICABLE,ASSET_NOT_APPLICABLE,,
exu-L,exu,Unseen Forces Unown Collection,L,Unown,T2_TCGDEX_ENTITY_PRESENT_IMAGE_ABSENT,card_image_absent,,,,,,,,A0_NOT_APPLICABLE,ASSET_NOT_APPLICABLE,,
exu-M,exu,Unseen Forces Unown Collection,M,Unown,T2_TCGDEX_ENTITY_PRESENT_IMAGE_ABSENT,card_image_absent,,,,,,,,A0_NOT_APPLICABLE,ASSET_NOT_APPLICABLE,,
exu-N,exu,Unseen Forces Unown Collection,N,Unown,T2_TCGDEX_ENTITY_PRESENT_IMAGE_ABSENT,card_image_absent,,,,,,,,A0_NOT_APPLICABLE,ASSET_NOT_APPLICABLE,,
exu-O,exu,Unseen Forces Unown Collection,O,Unown,T2_TCGDEX_ENTITY_PRESENT_IMAGE_ABSENT,card_image_absent,,,,,,,,A0_NOT_APPLICABLE,ASSET_NOT_APPLICABLE,,
exu-P,exu,Unseen Forces Unown Collection,P,Unown,T2_TCGDEX_ENTITY_PRESENT_IMAGE_ABSENT,card_image_absent,,,,,,,,A0_NOT_APPLICABLE,ASSET_NOT_APPLICABLE,,
exu-Q,exu,Unseen Forces Unown Collection,Q,Unown,T2_TCGDEX_ENTITY_PRESENT_IMAGE_ABSENT,card_image_absent,,,,,,,,A0_NOT_APPLICABLE,ASSET_NOT_APPLICABLE,,
exu-R,exu,Unseen Forces Unown Collection,R,Unown,T2_TCGDEX_ENTITY_PRESENT_IMAGE_ABSENT,card_image_absent,,,,,,,,A0_NOT_APPLICABLE,ASSET_NOT_APPLICABLE,,
exu-S,exu,Unseen Forces Unown Collection,S,Unown,T2_TCGDEX_ENTITY_PRESENT_IMAGE_ABSENT,card_image_absent,,,,,,,,A0_NOT_APPLICABLE,ASSET_NOT_APPLICABLE,,
exu-T,exu,Unseen Forces Unown Collection,T,Unown,T2_TCGDEX_ENTITY_PRESENT_IMAGE_ABSENT,card_image_absent,,,,,,,,A0_NOT_APPLICABLE,ASSET_NOT_APPLICABLE,,
exu-U,exu,Unseen Forces Unown Collection,U,Unown,T2_TCGDEX_ENTITY_PRESENT_IMAGE_ABSENT,card_image_absent,,,,,,,,A0_NOT_APPLICABLE,ASSET_NOT_APPLICABLE,,
exu-V,exu,Unseen Forces Unown Collection,V,Unown,T2_TCGDEX_ENTITY_PRESENT_IMAGE_ABSENT,card_image_absent,,,,,,,,A0_NOT_APPLICABLE,ASSET_NOT_APPLICABLE,,
exu-W,exu,Unseen Forces Unown Collection,W,Unown,T2_TCGDEX_ENTITY_PRESENT_IMAGE_ABSENT,card_image_absent,,,,,,,,A0_NOT_APPLICABLE,ASSET_NOT_APPLICABLE,,
exu-X,exu,Unseen Forces Unown Collection,X,Unown,T2_TCGDEX_ENTITY_PRESENT_IMAGE_ABSENT,card_image_absent,,,,,,,,A0_NOT_APPLICABLE,ASSET_NOT_APPLICABLE,,
exu-Y,exu,Unseen Forces Unown Collection,Y,Unown,T2_TCGDEX_ENTITY_PRESENT_IMAGE_ABSENT,card_image_absent,,,,,,,,A0_NOT_APPLICABLE,ASSET_NOT_APPLICABLE,,
exu-Z,exu,Unseen Forces Unown Collection,Z,Unown,T2_TCGDEX_ENTITY_PRESENT_IMAGE_ABSENT,card_image_absent,,,,,,,,A0_NOT_APPLICABLE,ASSET_NOT_APPLICABLE,,
hgssp-HGSS17,hgssp,HGSS Black Star Promos,HGSS17,Minun,T2_TCGDEX_ENTITY_PRESENT_IMAGE_ABSENT,brief_image_absent_field_projected,,,,,,,,A0_NOT_APPLICABLE,ASSET_NOT_APPLICABLE,,
hgssp-HGSS18,hgssp,HGSS Black Star Promos,HGSS18,Tropical Tidal Wave,T2_TCGDEX_ENTITY_PRESENT_IMAGE_ABSENT,brief_image_absent_field_projected,,,,,,,,A0_NOT_APPLICABLE,ASSET_NOT_APPLICABLE,,
hgssp-HGSS19,hgssp,HGSS Black Star Promos,HGSS19,Raikou,T2_TCGDEX_ENTITY_PRESENT_IMAGE_ABSENT,brief_image_absent_field_projected,,,,,,,,A0_NOT_APPLICABLE,ASSET_NOT_APPLICABLE,,
hgssp-HGSS20,hgssp,HGSS Black Star Promos,HGSS20,Entei,T2_TCGDEX_ENTITY_PRESENT_IMAGE_ABSENT,brief_image_absent_field_projected,,,,,,,,A0_NOT_APPLICABLE,ASSET_NOT_APPLICABLE,,
hgssp-HGSS21,hgssp,HGSS Black Star Promos,HGSS21,Suicune,T2_TCGDEX_ENTITY_PRESENT_IMAGE_ABSENT,brief_image_absent_field_projected,,,,,,,,A0_NOT_APPLICABLE,ASSET_NOT_APPLICABLE,,
hgssp-HGSS22,hgssp,HGSS Black Star Promos,HGSS22,Porygon,T2_TCGDEX_ENTITY_PRESENT_IMAGE_ABSENT,brief_image_absent_field_projected,,,,,,,,A0_NOT_APPLICABLE,ASSET_NOT_APPLICABLE,,
hgssp-HGSS23,hgssp,HGSS Black Star Promos,HGSS23,Porygon2,T2_TCGDEX_ENTITY_PRESENT_IMAGE_ABSENT,brief_image_absent_field_projected,,,,,,,,A0_NOT_APPLICABLE,ASSET_NOT_APPLICABLE,,
hgssp-HGSS24,hgssp,HGSS Black Star Promos,HGSS24,Hitmonchan,T2_TCGDEX_ENTITY_PRESENT_IMAGE_ABSENT,brief_image_absent_field_projected,,,,,,,,A0_NOT_APPLICABLE,ASSET_NOT_APPLICABLE,,
hgssp-HGSS25,hgssp,HGSS Black Star Promos,HGSS25,Hitmonlee,T2_TCGDEX_ENTITY_PRESENT_IMAGE_ABSENT,brief_image_absent_field_projected,,,,,,,,A0_NOT_APPLICABLE,ASSET_NOT_APPLICABLE,,
mee-001,mee,Mega Evolution Energy,001,Grass Energy,T2_TCGDEX_ENTITY_PRESENT_IMAGE_ABSENT,card_image_absent,,,,,,,,A0_NOT_APPLICABLE,ASSET_NOT_APPLICABLE,,
mee-002,mee,Mega Evolution Energy,002,Fire Energy,T2_TCGDEX_ENTITY_PRESENT_IMAGE_ABSENT,card_image_absent,,,,,,,,A0_NOT_APPLICABLE,ASSET_NOT_APPLICABLE,,
mee-003,mee,Mega Evolution Energy,003,Water Energy,T2_TCGDEX_ENTITY_PRESENT_IMAGE_ABSENT,card_image_absent,,,,,,,,A0_NOT_APPLICABLE,ASSET_NOT_APPLICABLE,,
mee-004,mee,Mega Evolution Energy,004,Lightning Energy,T2_TCGDEX_ENTITY_PRESENT_IMAGE_ABSENT,card_image_absent,,,,,,,,A0_NOT_APPLICABLE,ASSET_NOT_APPLICABLE,,
mee-005,mee,Mega Evolution Energy,005,Psychic Energy,T2_TCGDEX_ENTITY_PRESENT_IMAGE_ABSENT,card_image_absent,,,,,,,,A0_NOT_APPLICABLE,ASSET_NOT_APPLICABLE,,
mee-006,mee,Mega Evolution Energy,006,Fighting Energy,T2_TCGDEX_ENTITY_PRESENT_IMAGE_ABSENT,card_image_absent,,,,,,,,A0_NOT_APPLICABLE,ASSET_NOT_APPLICABLE,,
mee-007,mee,Mega Evolution Energy,007,Darkness Energy,T2_TCGDEX_ENTITY_PRESENT_IMAGE_ABSENT,card_image_absent,,,,,,,,A0_NOT_APPLICABLE,ASSET_NOT_APPLICABLE,,
mee-008,mee,Mega Evolution Energy,008,Metal Energy,T2_TCGDEX_ENTITY_PRESENT_IMAGE_ABSENT,card_image_absent,,,,,,,,A0_NOT_APPLICABLE,ASSET_NOT_APPLICABLE,,
mep-001,mep,MEP Black Star Promos,001,Meganium,T2_TCGDEX_ENTITY_PRESENT_IMAGE_ABSENT,card_image_absent,,,,,,,,A0_NOT_APPLICABLE,ASSET_NOT_APPLICABLE,,
mep-002,mep,MEP Black Star Promos,002,Inteleon,T2_TCGDEX_ENTITY_PRESENT_IMAGE_ABSENT,card_image_absent,,,,,,,,A0_NOT_APPLICABLE,ASSET_NOT_APPLICABLE,,
mep-003,mep,MEP Black Star Promos,003,Alakazam,T2_TCGDEX_ENTITY_PRESENT_IMAGE_ABSENT,card_image_absent,,,,,,,,A0_NOT_APPLICABLE,ASSET_NOT_APPLICABLE,,
mep-004,mep,MEP Black Star Promos,004,Lunatone,T2_TCGDEX_ENTITY_PRESENT_IMAGE_ABSENT,card_image_absent,,,,,,,,A0_NOT_APPLICABLE,ASSET_NOT_APPLICABLE,,
mep-005,mep,MEP Black Star Promos,005,Drifloon,T2_TCGDEX_ENTITY_PRESENT_IMAGE_ABSENT,card_image_absent,,,,,,,,A0_NOT_APPLICABLE,ASSET_NOT_APPLICABLE,,
mep-006,mep,MEP Black Star Promos,006,Drifblim,T2_TCGDEX_ENTITY_PRESENT_IMAGE_ABSENT,card_image_absent,,,,,,,,A0_NOT_APPLICABLE,ASSET_NOT_APPLICABLE,,
mep-007,mep,MEP Black Star Promos,007,Psyduck,T2_TCGDEX_ENTITY_PRESENT_IMAGE_ABSENT,card_image_absent,,,,,,,,A0_NOT_APPLICABLE,ASSET_NOT_APPLICABLE,,
mep-008,mep,MEP Black Star Promos,008,Golduck,T2_TCGDEX_ENTITY_PRESENT_IMAGE_ABSENT,card_image_absent,,,,,,,,A0_NOT_APPLICABLE,ASSET_NOT_APPLICABLE,,
mep-009,mep,MEP Black Star Promos,009,Alakazam,T2_TCGDEX_ENTITY_PRESENT_IMAGE_ABSENT,card_image_absent,,,,,,,,A0_NOT_APPLICABLE,ASSET_NOT_APPLICABLE,,
mep-010,mep,MEP Black Star Promos,010,Riolu,T2_TCGDEX_ENTITY_PRESENT_IMAGE_ABSENT,card_image_absent,,,,,,,,A0_NOT_APPLICABLE,ASSET_NOT_APPLICABLE,,
mep-011,mep,MEP Black Star Promos,011,Mega Latias ex,T2_TCGDEX_ENTITY_PRESENT_IMAGE_ABSENT,card_image_absent,,,,,,,,A0_NOT_APPLICABLE,ASSET_NOT_APPLICABLE,,
mep-012,mep,MEP Black Star Promos,012,Mega Lucario ex,T2_TCGDEX_ENTITY_PRESENT_IMAGE_ABSENT,card_image_absent,,,,,,,,A0_NOT_APPLICABLE,ASSET_NOT_APPLICABLE,,
mep-013,mep,MEP Black Star Promos,013,Mega Venusaur ex,T2_TCGDEX_ENTITY_PRESENT_IMAGE_ABSENT,card_image_absent,,,,,,,,A0_NOT_APPLICABLE,ASSET_NOT_APPLICABLE,,
mep-014,mep,MEP Black Star Promos,014,Ceruledge,T2_TCGDEX_ENTITY_PRESENT_IMAGE_ABSENT,card_image_absent,,,,,,,,A0_NOT_APPLICABLE,ASSET_NOT_APPLICABLE,,
mep-015,mep,MEP Black Star Promos,015,Zacian,T2_TCGDEX_ENTITY_PRESENT_IMAGE_ABSENT,card_image_absent,,,,,,,,A0_NOT_APPLICABLE,ASSET_NOT_APPLICABLE,,
mep-016,mep,MEP Black Star Promos,016,Flygon,T2_TCGDEX_ENTITY_PRESENT_IMAGE_ABSENT,card_image_absent,,,,,,,,A0_NOT_APPLICABLE,ASSET_NOT_APPLICABLE,,
mep-017,mep,MEP Black Star Promos,017,Toxtricity,T2_TCGDEX_ENTITY_PRESENT_IMAGE_ABSENT,card_image_absent,,,,,,,,A0_NOT_APPLICABLE,ASSET_NOT_APPLICABLE,,
mep-018,mep,MEP Black Star Promos,018,Cottonee,T2_TCGDEX_ENTITY_PRESENT_IMAGE_ABSENT,card_image_absent,,,,,,,,A0_NOT_APPLICABLE,ASSET_NOT_APPLICABLE,,
mep-019,mep,MEP Black Star Promos,019,Whimsicott,T2_TCGDEX_ENTITY_PRESENT_IMAGE_ABSENT,card_image_absent,,,,,,,,A0_NOT_APPLICABLE,ASSET_NOT_APPLICABLE,,
mep-020,mep,MEP Black Star Promos,020,Sneasel,T2_TCGDEX_ENTITY_PRESENT_IMAGE_ABSENT,card_image_absent,,,,,,,,A0_NOT_APPLICABLE,ASSET_NOT_APPLICABLE,,
mep-021,mep,MEP Black Star Promos,021,Weavile,T2_TCGDEX_ENTITY_PRESENT_IMAGE_ABSENT,card_image_absent,,,,,,,,A0_NOT_APPLICABLE,ASSET_NOT_APPLICABLE,,
mep-022,mep,MEP Black Star Promos,022,Charcadet,T2_TCGDEX_ENTITY_PRESENT_IMAGE_ABSENT,card_image_absent,,,,,,,,A0_NOT_APPLICABLE,ASSET_NOT_APPLICABLE,,
mep-023,mep,MEP Black Star Promos,023,Mega Charizard X ex,T2_TCGDEX_ENTITY_PRESENT_IMAGE_ABSENT,card_image_absent,,,,,,,,A0_NOT_APPLICABLE,ASSET_NOT_APPLICABLE,,
mep-024,mep,MEP Black Star Promos,024,Oricorio ex,T2_TCGDEX_ENTITY_PRESENT_IMAGE_ABSENT,card_image_absent,,,,,,,,A0_NOT_APPLICABLE,ASSET_NOT_APPLICABLE,,
mep-025,mep,MEP Black Star Promos,025,Mega Kangaskhan ex,T2_TCGDEX_ENTITY_PRESENT_IMAGE_ABSENT,card_image_absent,,,,,,,,A0_NOT_APPLICABLE,ASSET_NOT_APPLICABLE,,
mep-026,mep,MEP Black Star Promos,026,Meloetta,T2_TCGDEX_ENTITY_PRESENT_IMAGE_ABSENT,card_image_absent,,,,,,,,A0_NOT_APPLICABLE,ASSET_NOT_APPLICABLE,,
mep-027,mep,MEP Black Star Promos,027,Haunter,T2_TCGDEX_ENTITY_PRESENT_IMAGE_ABSENT,card_image_absent,,,,,,,,A0_NOT_APPLICABLE,ASSET_NOT_APPLICABLE,,
mep-028,mep,MEP Black Star Promos,028,Celebratory Fanfare,T2_TCGDEX_ENTITY_PRESENT_IMAGE_ABSENT,card_image_absent,,,,,,,,A0_NOT_APPLICABLE,ASSET_NOT_APPLICABLE,,
mep-029,mep,MEP Black Star Promos,029,Mega Charizard X ex,T2_TCGDEX_ENTITY_PRESENT_IMAGE_ABSENT,card_image_absent,,,,,,,,A0_NOT_APPLICABLE,ASSET_NOT_APPLICABLE,,
mep-030,mep,MEP Black Star Promos,030,Mega Charizard Y ex,T2_TCGDEX_ENTITY_PRESENT_IMAGE_ABSENT,card_image_absent,,,,,,,,A0_NOT_APPLICABLE,ASSET_NOT_APPLICABLE,,
mep-031,mep,MEP Black Star Promos,031,N's Zekrom,T2_TCGDEX_ENTITY_PRESENT_IMAGE_ABSENT,card_image_absent,,,,,,,,A0_NOT_APPLICABLE,ASSET_NOT_APPLICABLE,,
mep-032,mep,MEP Black Star Promos,032,Mega Gardevoir ex,T2_TCGDEX_ENTITY_PRESENT_IMAGE_ABSENT,card_image_absent,,,,,,,,A0_NOT_APPLICABLE,ASSET_NOT_APPLICABLE,,
mep-033,mep,MEP Black Star Promos,033,Mega Lucario ex,T2_TCGDEX_ENTITY_PRESENT_IMAGE_ABSENT,card_image_absent,,,,,,,,A0_NOT_APPLICABLE,ASSET_NOT_APPLICABLE,,
mep-034,mep,MEP Black Star Promos,034,Mega Meganium ex,T2_TCGDEX_ENTITY_PRESENT_IMAGE_ABSENT,card_image_absent,,,,,,,,A0_NOT_APPLICABLE,ASSET_NOT_APPLICABLE,,
mep-035,mep,MEP Black Star Promos,035,Mega Emboar ex,T2_TCGDEX_ENTITY_PRESENT_IMAGE_ABSENT,card_image_absent,,,,,,,,A0_NOT_APPLICABLE,ASSET_NOT_APPLICABLE,,
mep-036,mep,MEP Black Star Promos,036,Mega Feraligatr ex,T2_TCGDEX_ENTITY_PRESENT_IMAGE_ABSENT,card_image_absent,,,,,,,,A0_NOT_APPLICABLE,ASSET_NOT_APPLICABLE,,
mep-037,mep,MEP Black Star Promos,037,Bulbasaur,T2_TCGDEX_ENTITY_PRESENT_IMAGE_ABSENT,card_image_absent,,,,,,,,A0_NOT_APPLICABLE,ASSET_NOT_APPLICABLE,,
mep-038,mep,MEP Black Star Promos,038,Charmander,T2_TCGDEX_ENTITY_PRESENT_IMAGE_ABSENT,card_image_absent,,,,,,,,A0_NOT_APPLICABLE,ASSET_NOT_APPLICABLE,,
mep-039,mep,MEP Black Star Promos,039,Squirtle,T2_TCGDEX_ENTITY_PRESENT_IMAGE_ABSENT,card_image_absent,,,,,,,,A0_NOT_APPLICABLE,ASSET_NOT_APPLICABLE,,
mep-040,mep,MEP Black Star Promos,040,Turtwig,T2_TCGDEX_ENTITY_PRESENT_IMAGE_ABSENT,card_image_absent,,,,,,,,A0_NOT_APPLICABLE,ASSET_NOT_APPLICABLE,,
mep-041,mep,MEP Black Star Promos,041,Chimchar,T2_TCGDEX_ENTITY_PRESENT_IMAGE_ABSENT,card_image_absent,,,,,,,,A0_NOT_APPLICABLE,ASSET_NOT_APPLICABLE,,
mep-042,mep,MEP Black Star Promos,042,Piplup,T2_TCGDEX_ENTITY_PRESENT_IMAGE_ABSENT,card_image_absent,,,,,,,,A0_NOT_APPLICABLE,ASSET_NOT_APPLICABLE,,
mep-043,mep,MEP Black Star Promos,043,Rowlet,T2_TCGDEX_ENTITY_PRESENT_IMAGE_ABSENT,card_image_absent,,,,,,,,A0_NOT_APPLICABLE,ASSET_NOT_APPLICABLE,,
mep-044,mep,MEP Black Star Promos,044,Litten,T2_TCGDEX_ENTITY_PRESENT_IMAGE_ABSENT,card_image_absent,,,,,,,,A0_NOT_APPLICABLE,ASSET_NOT_APPLICABLE,,
mep-045,mep,MEP Black Star Promos,045,Popplio,T2_TCGDEX_ENTITY_PRESENT_IMAGE_ABSENT,card_image_absent,,,,,,,,A0_NOT_APPLICABLE,ASSET_NOT_APPLICABLE,,
mep-064,mep,MEP Black Star Promos,064,Serperior,T2_TCGDEX_ENTITY_PRESENT_IMAGE_ABSENT,card_image_absent,,,,,,,,A0_NOT_APPLICABLE,ASSET_NOT_APPLICABLE,,
mep-065,mep,MEP Black Star Promos,065,Barbaracle,T2_TCGDEX_ENTITY_PRESENT_IMAGE_ABSENT,card_image_absent,,,,,,,,A0_NOT_APPLICABLE,ASSET_NOT_APPLICABLE,,
mep-066,mep,MEP Black Star Promos,066,Tyrantrum,T2_TCGDEX_ENTITY_PRESENT_IMAGE_ABSENT,card_image_absent,,,,,,,,A0_NOT_APPLICABLE,ASSET_NOT_APPLICABLE,,
mep-067,mep,MEP Black Star Promos,067,Doublade,T2_TCGDEX_ENTITY_PRESENT_IMAGE_ABSENT,card_image_absent,,,,,,,,A0_NOT_APPLICABLE,ASSET_NOT_APPLICABLE,,
mep-068,mep,MEP Black Star Promos,068,Makuhita,T2_TCGDEX_ENTITY_PRESENT_IMAGE_ABSENT,card_image_absent,,,,,,,,A0_NOT_APPLICABLE,ASSET_NOT_APPLICABLE,,
mep-069,mep,MEP Black Star Promos,069,Chikorita,T2_TCGDEX_ENTITY_PRESENT_IMAGE_ABSENT,card_image_absent,,,,,,,,A0_NOT_APPLICABLE,ASSET_NOT_APPLICABLE,,
mep-070,mep,MEP Black Star Promos,070,Tyrunt,T2_TCGDEX_ENTITY_PRESENT_IMAGE_ABSENT,card_image_absent,,,,,,,,A0_NOT_APPLICABLE,ASSET_NOT_APPLICABLE,,
mep-071,mep,MEP Black Star Promos,071,Mega Zygarde ex,T2_TCGDEX_ENTITY_PRESENT_IMAGE_ABSENT,card_image_absent,,,,,,,,A0_NOT_APPLICABLE,ASSET_NOT_APPLICABLE,,
mep-074,mep,MEP Black Star Promos,074,Delphox,T2_TCGDEX_ENTITY_PRESENT_IMAGE_ABSENT,card_image_absent,,,,,,,,A0_NOT_APPLICABLE,ASSET_NOT_APPLICABLE,,
mep-075,mep,MEP Black Star Promos,075,Ampharos,T2_TCGDEX_ENTITY_PRESENT_IMAGE_ABSENT,card_image_absent,,,,,,,,A0_NOT_APPLICABLE,ASSET_NOT_APPLICABLE,,
mep-076,mep,MEP Black Star Promos,076,Crobat,T2_TCGDEX_ENTITY_PRESENT_IMAGE_ABSENT,card_image_absent,,,,,,,,A0_NOT_APPLICABLE,ASSET_NOT_APPLICABLE,,
mep-077,mep,MEP Black Star Promos,077,Goodra,T2_TCGDEX_ENTITY_PRESENT_IMAGE_ABSENT,card_image_absent,,,,,,,,A0_NOT_APPLICABLE,ASSET_NOT_APPLICABLE,,
mep-078,mep,MEP Black Star Promos,078,Toxel,T2_TCGDEX_ENTITY_PRESENT_IMAGE_ABSENT,card_image_absent,,,,,,,,A0_NOT_APPLICABLE,ASSET_NOT_APPLICABLE,,
mep-079,mep,MEP Black Star Promos,079,Charmeleon,T2_TCGDEX_ENTITY_PRESENT_IMAGE_ABSENT,card_image_absent,,,,,,,,A0_NOT_APPLICABLE,ASSET_NOT_APPLICABLE,,
mep-080,mep,MEP Black Star Promos,080,Fennekin,T2_TCGDEX_ENTITY_PRESENT_IMAGE_ABSENT,card_image_absent,,,,,,,,A0_NOT_APPLICABLE,ASSET_NOT_APPLICABLE,,
mfb-1,mfb,My First Battle,1,Bulbasaur,T2_TCGDEX_ENTITY_PRESENT_IMAGE_ABSENT,card_image_absent,,,,,,,,A0_NOT_APPLICABLE,ASSET_NOT_APPLICABLE,,
mfb-10,mfb,My First Battle,10,Charmeleon,T2_TCGDEX_ENTITY_PRESENT_IMAGE_ABSENT,card_image_absent,,,,,,,,A0_NOT_APPLICABLE,ASSET_NOT_APPLICABLE,,
mfb-11,mfb,My First Battle,11,Vulpix,T2_TCGDEX_ENTITY_PRESENT_IMAGE_ABSENT,card_image_absent,,,,,,,,A0_NOT_APPLICABLE,ASSET_NOT_APPLICABLE,,
mfb-12,mfb,My First Battle,12,Ninetales,T2_TCGDEX_ENTITY_PRESENT_IMAGE_ABSENT,card_image_absent,,,,,,,,A0_NOT_APPLICABLE,ASSET_NOT_APPLICABLE,,
mfb-13,mfb,My First Battle,13,Growlithe,T2_TCGDEX_ENTITY_PRESENT_IMAGE_ABSENT,card_image_absent,,,,,,,,A0_NOT_APPLICABLE,ASSET_NOT_APPLICABLE,,
mfb-14,mfb,My First Battle,14,Arcanine,T2_TCGDEX_ENTITY_PRESENT_IMAGE_ABSENT,card_image_absent,,,,,,,,A0_NOT_APPLICABLE,ASSET_NOT_APPLICABLE,,
mfb-15,mfb,My First Battle,15,Magmar,T2_TCGDEX_ENTITY_PRESENT_IMAGE_ABSENT,card_image_absent,,,,,,,,A0_NOT_APPLICABLE,ASSET_NOT_APPLICABLE,,
mfb-16,mfb,My First Battle,16,Fire Energy,T2_TCGDEX_ENTITY_PRESENT_IMAGE_ABSENT,card_image_absent,,,,,,,,A0_NOT_APPLICABLE,ASSET_NOT_APPLICABLE,,
mfb-17,mfb,My First Battle,17,Pikachu,T2_TCGDEX_ENTITY_PRESENT_IMAGE_ABSENT,card_image_absent,,,,,,,,A0_NOT_APPLICABLE,ASSET_NOT_APPLICABLE,,
mfb-18,mfb,My First Battle,18,Raichu,T2_TCGDEX_ENTITY_PRESENT_IMAGE_ABSENT,card_image_absent,,,,,,,,A0_NOT_APPLICABLE,ASSET_NOT_APPLICABLE,,
mfb-19,mfb,My First Battle,19,Magnemite,T2_TCGDEX_ENTITY_PRESENT_IMAGE_ABSENT,card_image_absent,,,,,,,,A0_NOT_APPLICABLE,ASSET_NOT_APPLICABLE,,
mfb-2,mfb,My First Battle,2,Ivysaur,T2_TCGDEX_ENTITY_PRESENT_IMAGE_ABSENT,card_image_absent,,,,,,,,A0_NOT_APPLICABLE,ASSET_NOT_APPLICABLE,,
mfb-20,mfb,My First Battle,20,Magneton,T2_TCGDEX_ENTITY_PRESENT_IMAGE_ABSENT,card_image_absent,,,,,,,,A0_NOT_APPLICABLE,ASSET_NOT_APPLICABLE,,
mfb-21,mfb,My First Battle,21,Voltorb,T2_TCGDEX_ENTITY_PRESENT_IMAGE_ABSENT,card_image_absent,,,,,,,,A0_NOT_APPLICABLE,ASSET_NOT_APPLICABLE,,
mfb-22,mfb,My First Battle,22,Electrode,T2_TCGDEX_ENTITY_PRESENT_IMAGE_ABSENT,card_image_absent,,,,,,,,A0_NOT_APPLICABLE,ASSET_NOT_APPLICABLE,,
mfb-23,mfb,My First Battle,23,Electabuzz,T2_TCGDEX_ENTITY_PRESENT_IMAGE_ABSENT,card_image_absent,,,,,,,,A0_NOT_APPLICABLE,ASSET_NOT_APPLICABLE,,
mfb-24,mfb,My First Battle,24,Lightning Energy,T2_TCGDEX_ENTITY_PRESENT_IMAGE_ABSENT,card_image_absent,,,,,,,,A0_NOT_APPLICABLE,ASSET_NOT_APPLICABLE,,
mfb-25,mfb,My First Battle,25,Squirtle,T2_TCGDEX_ENTITY_PRESENT_IMAGE_ABSENT,card_image_absent,,,,,,,,A0_NOT_APPLICABLE,ASSET_NOT_APPLICABLE,,
mfb-26,mfb,My First Battle,26,Wartortle,T2_TCGDEX_ENTITY_PRESENT_IMAGE_ABSENT,card_image_absent,,,,,,,,A0_NOT_APPLICABLE,ASSET_NOT_APPLICABLE,,
mfb-27,mfb,My First Battle,27,Poliwag,T2_TCGDEX_ENTITY_PRESENT_IMAGE_ABSENT,card_image_absent,,,,,,,,A0_NOT_APPLICABLE,ASSET_NOT_APPLICABLE,,
mfb-28,mfb,My First Battle,28,Poliwhirl,T2_TCGDEX_ENTITY_PRESENT_IMAGE_ABSENT,card_image_absent,,,,,,,,A0_NOT_APPLICABLE,ASSET_NOT_APPLICABLE,,
mfb-29,mfb,My First Battle,29,Magikarp,T2_TCGDEX_ENTITY_PRESENT_IMAGE_ABSENT,card_image_absent,,,,,,,,A0_NOT_APPLICABLE,ASSET_NOT_APPLICABLE,,
mfb-3,mfb,My First Battle,3,Oddish,T2_TCGDEX_ENTITY_PRESENT_IMAGE_ABSENT,card_image_absent,,,,,,,,A0_NOT_APPLICABLE,ASSET_NOT_APPLICABLE,,
mfb-30,mfb,My First Battle,30,Gyarados,T2_TCGDEX_ENTITY_PRESENT_IMAGE_ABSENT,card_image_absent,,,,,,,,A0_NOT_APPLICABLE,ASSET_NOT_APPLICABLE,,
mfb-31,mfb,My First Battle,31,Lapras,T2_TCGDEX_ENTITY_PRESENT_IMAGE_ABSENT,card_image_absent,,,,,,,,A0_NOT_APPLICABLE,ASSET_NOT_APPLICABLE,,
mfb-32,mfb,My First Battle,32,Water Energy,T2_TCGDEX_ENTITY_PRESENT_IMAGE_ABSENT,card_image_absent,,,,,,,,A0_NOT_APPLICABLE,ASSET_NOT_APPLICABLE,,
mfb-33,mfb,My First Battle,33,Potion,T2_TCGDEX_ENTITY_PRESENT_IMAGE_ABSENT,card_image_absent,,,,,,,,A0_NOT_APPLICABLE,ASSET_NOT_APPLICABLE,,
mfb-34,mfb,My First Battle,34,Switch,T2_TCGDEX_ENTITY_PRESENT_IMAGE_ABSENT,card_image_absent,,,,,,,,A0_NOT_APPLICABLE,ASSET_NOT_APPLICABLE,,
mfb-4,mfb,My First Battle,4,Gloom,T2_TCGDEX_ENTITY_PRESENT_IMAGE_ABSENT,card_image_absent,,,,,,,,A0_NOT_APPLICABLE,ASSET_NOT_APPLICABLE,,
mfb-5,mfb,My First Battle,5,Exeggcute,T2_TCGDEX_ENTITY_PRESENT_IMAGE_ABSENT,card_image_absent,,,,,,,,A0_NOT_APPLICABLE,ASSET_NOT_APPLICABLE,,
mfb-6,mfb,My First Battle,6,Exeggutor,T2_TCGDEX_ENTITY_PRESENT_IMAGE_ABSENT,card_image_absent,,,,,,,,A0_NOT_APPLICABLE,ASSET_NOT_APPLICABLE,,
mfb-7,mfb,My First Battle,7,Scyther,T2_TCGDEX_ENTITY_PRESENT_IMAGE_ABSENT,card_image_absent,,,,,,,,A0_NOT_APPLICABLE,ASSET_NOT_APPLICABLE,,
mfb-8,mfb,My First Battle,8,Grass Energy,T2_TCGDEX_ENTITY_PRESENT_IMAGE_ABSENT,card_image_absent,,,,,,,,A0_NOT_APPLICABLE,ASSET_NOT_APPLICABLE,,
mfb-9,mfb,My First Battle,9,Charmander,T2_TCGDEX_ENTITY_PRESENT_IMAGE_ABSENT,card_image_absent,,,,,,,,A0_NOT_APPLICABLE,ASSET_NOT_APPLICABLE,,
miscp-001,miscp,Miscellaneous Promos,001,Ancient Mew,T2_TCGDEX_ENTITY_PRESENT_IMAGE_ABSENT,card_image_absent,,,,,,,,A0_NOT_APPLICABLE,ASSET_NOT_APPLICABLE,,
P-A-074,P-A,Promos-A,074,Zeraora,T2_TCGDEX_ENTITY_PRESENT_IMAGE_ABSENT,brief_image_absent_field_projected,,,,,,,,A0_NOT_APPLICABLE,ASSET_NOT_APPLICABLE,,
P-A-075,P-A,Promos-A,075,Kartana,T2_TCGDEX_ENTITY_PRESENT_IMAGE_ABSENT,brief_image_absent_field_projected,,,,,,,,A0_NOT_APPLICABLE,ASSET_NOT_APPLICABLE,,
P-A-076,P-A,Promos-A,076,Blacephalon,T2_TCGDEX_ENTITY_PRESENT_IMAGE_ABSENT,brief_image_absent_field_projected,,,,,,,,A0_NOT_APPLICABLE,ASSET_NOT_APPLICABLE,,
P-A-077,P-A,Promos-A,077,Xurkitree,T2_TCGDEX_ENTITY_PRESENT_IMAGE_ABSENT,brief_image_absent_field_projected,,,,,,,,A0_NOT_APPLICABLE,ASSET_NOT_APPLICABLE,,
P-A-078,P-A,Promos-A,078,Dawn Wings Necrozma,T2_TCGDEX_ENTITY_PRESENT_IMAGE_ABSENT,brief_image_absent_field_projected,,,,,,,,A0_NOT_APPLICABLE,ASSET_NOT_APPLICABLE,,
P-A-079,P-A,Promos-A,079,Dusk Mane Necrozma,T2_TCGDEX_ENTITY_PRESENT_IMAGE_ABSENT,brief_image_absent_field_projected,,,,,,,,A0_NOT_APPLICABLE,ASSET_NOT_APPLICABLE,,
P-A-080,P-A,Promos-A,080,Stakataka,T2_TCGDEX_ENTITY_PRESENT_IMAGE_ABSENT,brief_image_absent_field_projected,,,,,,,,A0_NOT_APPLICABLE,ASSET_NOT_APPLICABLE,,
P-A-081,P-A,Promos-A,081,Ultra Necrozma ex,T2_TCGDEX_ENTITY_PRESENT_IMAGE_ABSENT,brief_image_absent_field_projected,,,,,,,,A0_NOT_APPLICABLE,ASSET_NOT_APPLICABLE,,
P-A-082,P-A,Promos-A,082,Poipole,T2_TCGDEX_ENTITY_PRESENT_IMAGE_ABSENT,brief_image_absent_field_projected,,,,,,,,A0_NOT_APPLICABLE,ASSET_NOT_APPLICABLE,,
P-A-083,P-A,Promos-A,083,Stufful,T2_TCGDEX_ENTITY_PRESENT_IMAGE_ABSENT,brief_image_absent_field_projected,,,,,,,,A0_NOT_APPLICABLE,ASSET_NOT_APPLICABLE,,
P-A-084,P-A,Promos-A,084,Tapu Koko ex,T2_TCGDEX_ENTITY_PRESENT_IMAGE_ABSENT,brief_image_absent_field_projected,,,,,,,,A0_NOT_APPLICABLE,ASSET_NOT_APPLICABLE,,
P-A-085,P-A,Promos-A,085,Vanillite,T2_TCGDEX_ENTITY_PRESENT_IMAGE_ABSENT,brief_image_absent_field_projected,,,,,,,,A0_NOT_APPLICABLE,ASSET_NOT_APPLICABLE,,
P-A-086,P-A,Promos-A,086,Jolteon,T2_TCGDEX_ENTITY_PRESENT_IMAGE_ABSENT,brief_image_absent_field_projected,,,,,,,,A0_NOT_APPLICABLE,ASSET_NOT_APPLICABLE,,
P-A-087,P-A,Promos-A,087,Alcremie,T2_TCGDEX_ENTITY_PRESENT_IMAGE_ABSENT,brief_image_absent_field_projected,,,,,,,,A0_NOT_APPLICABLE,ASSET_NOT_APPLICABLE,,
P-A-088,P-A,Promos-A,088,Dragonair,T2_TCGDEX_ENTITY_PRESENT_IMAGE_ABSENT,brief_image_absent_field_projected,,,,,,,,A0_NOT_APPLICABLE,ASSET_NOT_APPLICABLE,,
P-A-089,P-A,Promos-A,089,Audino,T2_TCGDEX_ENTITY_PRESENT_IMAGE_ABSENT,brief_image_absent_field_projected,,,,,,,,A0_NOT_APPLICABLE,ASSET_NOT_APPLICABLE,,
P-A-090,P-A,Promos-A,090,Togedemaru,T2_TCGDEX_ENTITY_PRESENT_IMAGE_ABSENT,brief_image_absent_field_projected,,,,,,,,A0_NOT_APPLICABLE,ASSET_NOT_APPLICABLE,,
P-A-091,P-A,Promos-A,091,Greedent,T2_TCGDEX_ENTITY_PRESENT_IMAGE_ABSENT,brief_image_absent_field_projected,,,,,,,,A0_NOT_APPLICABLE,ASSET_NOT_APPLICABLE,,
P-A-092,P-A,Promos-A,092,Eevee,T2_TCGDEX_ENTITY_PRESENT_IMAGE_ABSENT,brief_image_absent_field_projected,,,,,,,,A0_NOT_APPLICABLE,ASSET_NOT_APPLICABLE,,
P-A-093,P-A,Promos-A,093,Cleffa,T2_TCGDEX_ENTITY_PRESENT_IMAGE_ABSENT,brief_image_absent_field_projected,,,,,,,,A0_NOT_APPLICABLE,ASSET_NOT_APPLICABLE,,
P-A-094,P-A,Promos-A,094,Horsea,T2_TCGDEX_ENTITY_PRESENT_IMAGE_ABSENT,brief_image_absent_field_projected,,,,,,,,A0_NOT_APPLICABLE,ASSET_NOT_APPLICABLE,,
P-A-095,P-A,Promos-A,095,Chinchou,T2_TCGDEX_ENTITY_PRESENT_IMAGE_ABSENT,brief_image_absent_field_projected,,,,,,,,A0_NOT_APPLICABLE,ASSET_NOT_APPLICABLE,,
P-A-096,P-A,Promos-A,096,Houndoom,T2_TCGDEX_ENTITY_PRESENT_IMAGE_ABSENT,brief_image_absent_field_projected,,,,,,,,A0_NOT_APPLICABLE,ASSET_NOT_APPLICABLE,,
P-A-097,P-A,Promos-A,097,Kangaskhan,T2_TCGDEX_ENTITY_PRESENT_IMAGE_ABSENT,brief_image_absent_field_projected,,,,,,,,A0_NOT_APPLICABLE,ASSET_NOT_APPLICABLE,,
P-A-098,P-A,Promos-A,098,Blissey ex,T2_TCGDEX_ENTITY_PRESENT_IMAGE_ABSENT,brief_image_absent_field_projected,,,,,,,,A0_NOT_APPLICABLE,ASSET_NOT_APPLICABLE,,
P-A-099,P-A,Promos-A,099,Marill,T2_TCGDEX_ENTITY_PRESENT_IMAGE_ABSENT,brief_image_absent_field_projected,,,,,,,,A0_NOT_APPLICABLE,ASSET_NOT_APPLICABLE,,
P-A-100,P-A,Promos-A,100,Weavile,T2_TCGDEX_ENTITY_PRESENT_IMAGE_ABSENT,brief_image_absent_field_projected,,,,,,,,A0_NOT_APPLICABLE,ASSET_NOT_APPLICABLE,,
pl2-84,pl2,Rising Rivals,84,Trapinch,T2_TCGDEX_ENTITY_PRESENT_IMAGE_ABSENT,brief_image_absent_field_projected,,,,,,,,A0_NOT_APPLICABLE,ASSET_NOT_APPLICABLE,,
pop6-13,pop6,POP Series 6,13,Cherubi,T2_TCGDEX_ENTITY_PRESENT_IMAGE_ABSENT,brief_image_absent_field_projected,,,,,,,,A0_NOT_APPLICABLE,ASSET_NOT_APPLICABLE,,
pop6-17,pop6,POP Series 6,17,Turtwig,T2_TCGDEX_ENTITY_PRESENT_IMAGE_ABSENT,brief_image_absent_field_projected,,,,,,,,A0_NOT_APPLICABLE,ASSET_NOT_APPLICABLE,,
sm2-143,sm2,Guardians Rising,143,Hala,T2_TCGDEX_ENTITY_PRESENT_IMAGE_ABSENT,brief_image_absent_field_projected,,,,,,,,A0_NOT_APPLICABLE,ASSET_NOT_APPLICABLE,,
sm3.5-1,sm3.5,Shining Legends,1,Bulbasaur,T2_TCGDEX_ENTITY_PRESENT_IMAGE_ABSENT,card_image_absent,,,,,,,,A0_NOT_APPLICABLE,ASSET_NOT_APPLICABLE,,
sm3.5-10,sm3.5,Shining Legends,10,Entei GX,T2_TCGDEX_ENTITY_PRESENT_IMAGE_ABSENT,card_image_absent,,,,,,,,A0_NOT_APPLICABLE,ASSET_NOT_APPLICABLE,,
sm3.5-11,sm3.5,Shining Legends,11,Torkoal,T2_TCGDEX_ENTITY_PRESENT_IMAGE_ABSENT,card_image_absent,,,,,,,,A0_NOT_APPLICABLE,ASSET_NOT_APPLICABLE,,
sm3.5-12,sm3.5,Shining Legends,12,Larvesta,T2_TCGDEX_ENTITY_PRESENT_IMAGE_ABSENT,card_image_absent,,,,,,,,A0_NOT_APPLICABLE,ASSET_NOT_APPLICABLE,,
sm3.5-13,sm3.5,Shining Legends,13,Volcarona,T2_TCGDEX_ENTITY_PRESENT_IMAGE_ABSENT,card_image_absent,,,,,,,,A0_NOT_APPLICABLE,ASSET_NOT_APPLICABLE,,
sm3.5-14,sm3.5,Shining Legends,14,Reshiram,T2_TCGDEX_ENTITY_PRESENT_IMAGE_ABSENT,card_image_absent,,,,,,,,A0_NOT_APPLICABLE,ASSET_NOT_APPLICABLE,,
sm3.5-15,sm3.5,Shining Legends,15,Litten,T2_TCGDEX_ENTITY_PRESENT_IMAGE_ABSENT,card_image_absent,,,,,,,,A0_NOT_APPLICABLE,ASSET_NOT_APPLICABLE,,
sm3.5-16,sm3.5,Shining Legends,16,Torracat,T2_TCGDEX_ENTITY_PRESENT_IMAGE_ABSENT,card_image_absent,,,,,,,,A0_NOT_APPLICABLE,ASSET_NOT_APPLICABLE,,
sm3.5-17,sm3.5,Shining Legends,17,Incineroar,T2_TCGDEX_ENTITY_PRESENT_IMAGE_ABSENT,card_image_absent,,,,,,,,A0_NOT_APPLICABLE,ASSET_NOT_APPLICABLE,,
sm3.5-18,sm3.5,Shining Legends,18,Totodile,T2_TCGDEX_ENTITY_PRESENT_IMAGE_ABSENT,card_image_absent,,,,,,,,A0_NOT_APPLICABLE,ASSET_NOT_APPLICABLE,,
sm3.5-19,sm3.5,Shining Legends,19,Croconaw,T2_TCGDEX_ENTITY_PRESENT_IMAGE_ABSENT,card_image_absent,,,,,,,,A0_NOT_APPLICABLE,ASSET_NOT_APPLICABLE,,
sm3.5-2,sm3.5,Shining Legends,2,Ivysaur,T2_TCGDEX_ENTITY_PRESENT_IMAGE_ABSENT,card_image_absent,,,,,,,,A0_NOT_APPLICABLE,ASSET_NOT_APPLICABLE,,
sm3.5-20,sm3.5,Shining Legends,20,Feraligatr,T2_TCGDEX_ENTITY_PRESENT_IMAGE_ABSENT,card_image_absent,,,,,,,,A0_NOT_APPLICABLE,ASSET_NOT_APPLICABLE,,
sm3.5-21,sm3.5,Shining Legends,21,Qwilfish,T2_TCGDEX_ENTITY_PRESENT_IMAGE_ABSENT,card_image_absent,,,,,,,,A0_NOT_APPLICABLE,ASSET_NOT_APPLICABLE,,
sm3.5-22,sm3.5,Shining Legends,22,Buizel,T2_TCGDEX_ENTITY_PRESENT_IMAGE_ABSENT,card_image_absent,,,,,,,,A0_NOT_APPLICABLE,ASSET_NOT_APPLICABLE,,
sm3.5-23,sm3.5,Shining Legends,23,Floatzel,T2_TCGDEX_ENTITY_PRESENT_IMAGE_ABSENT,card_image_absent,,,,,,,,A0_NOT_APPLICABLE,ASSET_NOT_APPLICABLE,,
sm3.5-24,sm3.5,Shining Legends,24,Palkia,T2_TCGDEX_ENTITY_PRESENT_IMAGE_ABSENT,card_image_absent,,,,,,,,A0_NOT_APPLICABLE,ASSET_NOT_APPLICABLE,,
sm3.5-25,sm3.5,Shining Legends,25,Manaphy,T2_TCGDEX_ENTITY_PRESENT_IMAGE_ABSENT,card_image_absent,,,,,,,,A0_NOT_APPLICABLE,ASSET_NOT_APPLICABLE,,
sm3.5-26,sm3.5,Shining Legends,26,Keldeo,T2_TCGDEX_ENTITY_PRESENT_IMAGE_ABSENT,card_image_absent,,,,,,,,A0_NOT_APPLICABLE,ASSET_NOT_APPLICABLE,,
sm3.5-27,sm3.5,Shining Legends,27,Shining Volcanion,T2_TCGDEX_ENTITY_PRESENT_IMAGE_ABSENT,card_image_absent,,,,,,,,A0_NOT_APPLICABLE,ASSET_NOT_APPLICABLE,,
sm3.5-28,sm3.5,Shining Legends,28,Pikachu,T2_TCGDEX_ENTITY_PRESENT_IMAGE_ABSENT,card_image_absent,,,,,,,,A0_NOT_APPLICABLE,ASSET_NOT_APPLICABLE,,
sm3.5-29,sm3.5,Shining Legends,29,Raichu GX,T2_TCGDEX_ENTITY_PRESENT_IMAGE_ABSENT,card_image_absent,,,,,,,,A0_NOT_APPLICABLE,ASSET_NOT_APPLICABLE,,
sm3.5-3,sm3.5,Shining Legends,3,Venusaur,T2_TCGDEX_ENTITY_PRESENT_IMAGE_ABSENT,card_image_absent,,,,,,,,A0_NOT_APPLICABLE,ASSET_NOT_APPLICABLE,,
sm3.5-30,sm3.5,Shining Legends,30,Voltorb,T2_TCGDEX_ENTITY_PRESENT_IMAGE_ABSENT,card_image_absent,,,,,,,,A0_NOT_APPLICABLE,ASSET_NOT_APPLICABLE,,
sm3.5-31,sm3.5,Shining Legends,31,Electrode,T2_TCGDEX_ENTITY_PRESENT_IMAGE_ABSENT,card_image_absent,,,,,,,,A0_NOT_APPLICABLE,ASSET_NOT_APPLICABLE,,
sm3.5-32,sm3.5,Shining Legends,32,Raikou,T2_TCGDEX_ENTITY_PRESENT_IMAGE_ABSENT,card_image_absent,,,,,,,,A0_NOT_APPLICABLE,ASSET_NOT_APPLICABLE,,
sm3.5-33,sm3.5,Shining Legends,33,Plusle,T2_TCGDEX_ENTITY_PRESENT_IMAGE_ABSENT,card_image_absent,,,,,,,,A0_NOT_APPLICABLE,ASSET_NOT_APPLICABLE,,
sm3.5-34,sm3.5,Shining Legends,34,Minun,T2_TCGDEX_ENTITY_PRESENT_IMAGE_ABSENT,card_image_absent,,,,,,,,A0_NOT_APPLICABLE,ASSET_NOT_APPLICABLE,,
sm3.5-35,sm3.5,Shining Legends,35,Zekrom,T2_TCGDEX_ENTITY_PRESENT_IMAGE_ABSENT,card_image_absent,,,,,,,,A0_NOT_APPLICABLE,ASSET_NOT_APPLICABLE,,
sm3.5-36,sm3.5,Shining Legends,36,Ekans,T2_TCGDEX_ENTITY_PRESENT_IMAGE_ABSENT,card_image_absent,,,,,,,,A0_NOT_APPLICABLE,ASSET_NOT_APPLICABLE,,
sm3.5-37,sm3.5,Shining Legends,37,Arbok,T2_TCGDEX_ENTITY_PRESENT_IMAGE_ABSENT,card_image_absent,,,,,,,,A0_NOT_APPLICABLE,ASSET_NOT_APPLICABLE,,
sm3.5-38,sm3.5,Shining Legends,38,Jynx,T2_TCGDEX_ENTITY_PRESENT_IMAGE_ABSENT,card_image_absent,,,,,,,,A0_NOT_APPLICABLE,ASSET_NOT_APPLICABLE,,
sm3.5-39,sm3.5,Shining Legends,39,Mewtwo GX,T2_TCGDEX_ENTITY_PRESENT_IMAGE_ABSENT,card_image_absent,,,,,,,,A0_NOT_APPLICABLE,ASSET_NOT_APPLICABLE,,
sm3.5-4,sm3.5,Shining Legends,4,Shroomish,T2_TCGDEX_ENTITY_PRESENT_IMAGE_ABSENT,card_image_absent,,,,,,,,A0_NOT_APPLICABLE,ASSET_NOT_APPLICABLE,,
sm3.5-40,sm3.5,Shining Legends,40,Shining Mew,T2_TCGDEX_ENTITY_PRESENT_IMAGE_ABSENT,card_image_absent,,,,,,,,A0_NOT_APPLICABLE,ASSET_NOT_APPLICABLE,,
sm3.5-41,sm3.5,Shining Legends,41,Latios,T2_TCGDEX_ENTITY_PRESENT_IMAGE_ABSENT,card_image_absent,,,,,,,,A0_NOT_APPLICABLE,ASSET_NOT_APPLICABLE,,
sm3.5-42,sm3.5,Shining Legends,42,Shining Jirachi,T2_TCGDEX_ENTITY_PRESENT_IMAGE_ABSENT,card_image_absent,,,,,,,,A0_NOT_APPLICABLE,ASSET_NOT_APPLICABLE,,
sm3.5-43,sm3.5,Shining Legends,43,Golett,T2_TCGDEX_ENTITY_PRESENT_IMAGE_ABSENT,card_image_absent,,,,,,,,A0_NOT_APPLICABLE,ASSET_NOT_APPLICABLE,,
sm3.5-44,sm3.5,Shining Legends,44,Golurk,T2_TCGDEX_ENTITY_PRESENT_IMAGE_ABSENT,card_image_absent,,,,,,,,A0_NOT_APPLICABLE,ASSET_NOT_APPLICABLE,,
sm3.5-45,sm3.5,Shining Legends,45,Marshadow,T2_TCGDEX_ENTITY_PRESENT_IMAGE_ABSENT,card_image_absent,,,,,,,,A0_NOT_APPLICABLE,ASSET_NOT_APPLICABLE,,
sm3.5-46,sm3.5,Shining Legends,46,Stunfisk,T2_TCGDEX_ENTITY_PRESENT_IMAGE_ABSENT,card_image_absent,,,,,,,,A0_NOT_APPLICABLE,ASSET_NOT_APPLICABLE,,
sm3.5-47,sm3.5,Shining Legends,47,Spiritomb,T2_TCGDEX_ENTITY_PRESENT_IMAGE_ABSENT,card_image_absent,,,,,,,,A0_NOT_APPLICABLE,ASSET_NOT_APPLICABLE,,
sm3.5-48,sm3.5,Shining Legends,48,Purrloin,T2_TCGDEX_ENTITY_PRESENT_IMAGE_ABSENT,card_image_absent,,,,,,,,A0_NOT_APPLICABLE,ASSET_NOT_APPLICABLE,,
sm3.5-49,sm3.5,Shining Legends,49,Liepard,T2_TCGDEX_ENTITY_PRESENT_IMAGE_ABSENT,card_image_absent,,,,,,,,A0_NOT_APPLICABLE,ASSET_NOT_APPLICABLE,,
sm3.5-5,sm3.5,Shining Legends,5,Breloom,T2_TCGDEX_ENTITY_PRESENT_IMAGE_ABSENT,card_image_absent,,,,,,,,A0_NOT_APPLICABLE,ASSET_NOT_APPLICABLE,,
sm3.5-50,sm3.5,Shining Legends,50,Scraggy,T2_TCGDEX_ENTITY_PRESENT_IMAGE_ABSENT,card_image_absent,,,,,,,,A0_NOT_APPLICABLE,ASSET_NOT_APPLICABLE,,
sm3.5-51,sm3.5,Shining Legends,51,Scrafty,T2_TCGDEX_ENTITY_PRESENT_IMAGE_ABSENT,card_image_absent,,,,,,,,A0_NOT_APPLICABLE,ASSET_NOT_APPLICABLE,,
sm3.5-52,sm3.5,Shining Legends,52,Zorua,T2_TCGDEX_ENTITY_PRESENT_IMAGE_ABSENT,card_image_absent,,,,,,,,A0_NOT_APPLICABLE,ASSET_NOT_APPLICABLE,,
sm3.5-53,sm3.5,Shining Legends,53,Zoroark GX,T2_TCGDEX_ENTITY_PRESENT_IMAGE_ABSENT,card_image_absent,,,,,,,,A0_NOT_APPLICABLE,ASSET_NOT_APPLICABLE,,
sm3.5-54,sm3.5,Shining Legends,54,Yveltal,T2_TCGDEX_ENTITY_PRESENT_IMAGE_ABSENT,card_image_absent,,,,,,,,A0_NOT_APPLICABLE,ASSET_NOT_APPLICABLE,,
sm3.5-55,sm3.5,Shining Legends,55,Hoopa,T2_TCGDEX_ENTITY_PRESENT_IMAGE_ABSENT,card_image_absent,,,,,,,,A0_NOT_APPLICABLE,ASSET_NOT_APPLICABLE,,
sm3.5-56,sm3.5,Shining Legends,56,Shining Rayquaza,T2_TCGDEX_ENTITY_PRESENT_IMAGE_ABSENT,card_image_absent,,,,,,,,A0_NOT_APPLICABLE,ASSET_NOT_APPLICABLE,,
sm3.5-57,sm3.5,Shining Legends,57,Shining Arceus,T2_TCGDEX_ENTITY_PRESENT_IMAGE_ABSENT,card_image_absent,,,,,,,,A0_NOT_APPLICABLE,ASSET_NOT_APPLICABLE,,
sm3.5-58,sm3.5,Shining Legends,58,Damage Mover,T2_TCGDEX_ENTITY_PRESENT_IMAGE_ABSENT,card_image_absent,,,,,,,,A0_NOT_APPLICABLE,ASSET_NOT_APPLICABLE,,
sm3.5-59,sm3.5,Shining Legends,59,Energy Retrieval,T2_TCGDEX_ENTITY_PRESENT_IMAGE_ABSENT,card_image_absent,,,,,,,,A0_NOT_APPLICABLE,ASSET_NOT_APPLICABLE,,
sm3.5-6,sm3.5,Shining Legends,6,Carnivine,T2_TCGDEX_ENTITY_PRESENT_IMAGE_ABSENT,card_image_absent,,,,,,,,A0_NOT_APPLICABLE,ASSET_NOT_APPLICABLE,,
sm3.5-60,sm3.5,Shining Legends,60,Great Ball,T2_TCGDEX_ENTITY_PRESENT_IMAGE_ABSENT,card_image_absent,,,,,,,,A0_NOT_APPLICABLE,ASSET_NOT_APPLICABLE,,
sm3.5-61,sm3.5,Shining Legends,61,Hau,T2_TCGDEX_ENTITY_PRESENT_IMAGE_ABSENT,card_image_absent,,,,,,,,A0_NOT_APPLICABLE,ASSET_NOT_APPLICABLE,,
sm3.5-62,sm3.5,Shining Legends,62,Lillie,T2_TCGDEX_ENTITY_PRESENT_IMAGE_ABSENT,card_image_absent,,,,,,,,A0_NOT_APPLICABLE,ASSET_NOT_APPLICABLE,,
sm3.5-63,sm3.5,Shining Legends,63,Pokémon Breeder,T2_TCGDEX_ENTITY_PRESENT_IMAGE_ABSENT,card_image_absent,,,,,,,,A0_NOT_APPLICABLE,ASSET_NOT_APPLICABLE,,
sm3.5-64,sm3.5,Shining Legends,64,Pokémon Catcher,T2_TCGDEX_ENTITY_PRESENT_IMAGE_ABSENT,card_image_absent,,,,,,,,A0_NOT_APPLICABLE,ASSET_NOT_APPLICABLE,,
sm3.5-65,sm3.5,Shining Legends,65,Sophocles,T2_TCGDEX_ENTITY_PRESENT_IMAGE_ABSENT,card_image_absent,,,,,,,,A0_NOT_APPLICABLE,ASSET_NOT_APPLICABLE,,
sm3.5-66,sm3.5,Shining Legends,66,Super Scoop Up,T2_TCGDEX_ENTITY_PRESENT_IMAGE_ABSENT,card_image_absent,,,,,,,,A0_NOT_APPLICABLE,ASSET_NOT_APPLICABLE,,
sm3.5-67,sm3.5,Shining Legends,67,Switch,T2_TCGDEX_ENTITY_PRESENT_IMAGE_ABSENT,card_image_absent,,,,,,,,A0_NOT_APPLICABLE,ASSET_NOT_APPLICABLE,,
sm3.5-68,sm3.5,Shining Legends,68,Ultra Ball,T2_TCGDEX_ENTITY_PRESENT_IMAGE_ABSENT,card_image_absent,,,,,,,,A0_NOT_APPLICABLE,ASSET_NOT_APPLICABLE,,
sm3.5-69,sm3.5,Shining Legends,69,Double Colorless Energy,T2_TCGDEX_ENTITY_PRESENT_IMAGE_ABSENT,card_image_absent,,,,,,,,A0_NOT_APPLICABLE,ASSET_NOT_APPLICABLE,,
sm3.5-7,sm3.5,Shining Legends,7,Shaymin,T2_TCGDEX_ENTITY_PRESENT_IMAGE_ABSENT,card_image_absent,,,,,,,,A0_NOT_APPLICABLE,ASSET_NOT_APPLICABLE,,
sm3.5-70,sm3.5,Shining Legends,70,Warp Energy,T2_TCGDEX_ENTITY_PRESENT_IMAGE_ABSENT,card_image_absent,,,,,,,,A0_NOT_APPLICABLE,ASSET_NOT_APPLICABLE,,
sm3.5-71,sm3.5,Shining Legends,71,Entei GX,T2_TCGDEX_ENTITY_PRESENT_IMAGE_ABSENT,card_image_absent,,,,,,,,A0_NOT_APPLICABLE,ASSET_NOT_APPLICABLE,,
sm3.5-72,sm3.5,Shining Legends,72,Mewtwo GX,T2_TCGDEX_ENTITY_PRESENT_IMAGE_ABSENT,card_image_absent,,,,,,,,A0_NOT_APPLICABLE,ASSET_NOT_APPLICABLE,,
sm3.5-73,sm3.5,Shining Legends,73,Pokémon Breeder,T2_TCGDEX_ENTITY_PRESENT_IMAGE_ABSENT,card_image_absent,,,,,,,,A0_NOT_APPLICABLE,ASSET_NOT_APPLICABLE,,
sm3.5-74,sm3.5,Shining Legends,74,Entei GX,T2_TCGDEX_ENTITY_PRESENT_IMAGE_ABSENT,card_image_absent,,,,,,,,A0_NOT_APPLICABLE,ASSET_NOT_APPLICABLE,,
sm3.5-75,sm3.5,Shining Legends,75,Raichu GX,T2_TCGDEX_ENTITY_PRESENT_IMAGE_ABSENT,card_image_absent,,,,,,,,A0_NOT_APPLICABLE,ASSET_NOT_APPLICABLE,,
sm3.5-76,sm3.5,Shining Legends,76,Mewtwo GX,T2_TCGDEX_ENTITY_PRESENT_IMAGE_ABSENT,card_image_absent,,,,,,,,A0_NOT_APPLICABLE,ASSET_NOT_APPLICABLE,,
sm3.5-77,sm3.5,Shining Legends,77,Zoroark GX,T2_TCGDEX_ENTITY_PRESENT_IMAGE_ABSENT,card_image_absent,,,,,,,,A0_NOT_APPLICABLE,ASSET_NOT_APPLICABLE,,
sm3.5-78,sm3.5,Shining Legends,78,Mewtwo GX,T2_TCGDEX_ENTITY_PRESENT_IMAGE_ABSENT,card_image_absent,,,,,,,,A0_NOT_APPLICABLE,ASSET_NOT_APPLICABLE,,
sm3.5-8,sm3.5,Shining Legends,8,Virizion,T2_TCGDEX_ENTITY_PRESENT_IMAGE_ABSENT,card_image_absent,,,,,,,,A0_NOT_APPLICABLE,ASSET_NOT_APPLICABLE,,
sm3.5-9,sm3.5,Shining Legends,9,Shining Genesect,T2_TCGDEX_ENTITY_PRESENT_IMAGE_ABSENT,card_image_absent,,,,,,,,A0_NOT_APPLICABLE,ASSET_NOT_APPLICABLE,,
sm6-122,sm6,Forbidden Light,122,Lucario GX,T2_TCGDEX_ENTITY_PRESENT_IMAGE_ABSENT,brief_image_absent_field_projected,,,,,,,,A0_NOT_APPLICABLE,ASSET_NOT_APPLICABLE,,
sm6-126,sm6,Forbidden Light,126,Xerneas GX,T2_TCGDEX_ENTITY_PRESENT_IMAGE_ABSENT,brief_image_absent_field_projected,,,,,,,,A0_NOT_APPLICABLE,ASSET_NOT_APPLICABLE,,
sm6-134,sm6,Forbidden Light,134,Naganadel GX,T2_TCGDEX_ENTITY_PRESENT_IMAGE_ABSENT,brief_image_absent_field_projected,,,,,,,,A0_NOT_APPLICABLE,ASSET_NOT_APPLICABLE,,
sm6-140,sm6,Forbidden Light,140,Ultra Necrozma GX,T2_TCGDEX_ENTITY_PRESENT_IMAGE_ABSENT,brief_image_absent_field_projected,,,,,,,,A0_NOT_APPLICABLE,ASSET_NOT_APPLICABLE,,
sm6-82,sm6,Forbidden Light,82,Dialga GX,T2_TCGDEX_ENTITY_PRESENT_IMAGE_ABSENT,brief_image_absent_field_projected,,,,,,,,A0_NOT_APPLICABLE,ASSET_NOT_APPLICABLE,,
sm6-90,sm6,Forbidden Light,90,Xerneas GX,T2_TCGDEX_ENTITY_PRESENT_IMAGE_ABSENT,brief_image_absent_field_projected,,,,,,,,A0_NOT_APPLICABLE,ASSET_NOT_APPLICABLE,,
sm7.5-1,sm7.5,Dragon Majesty,1,Charmander,T2_TCGDEX_ENTITY_PRESENT_IMAGE_ABSENT,card_image_absent,,,,,,,,A0_NOT_APPLICABLE,ASSET_NOT_APPLICABLE,,
sm7.5-10,sm7.5,Dragon Majesty,10,Heatmor,T2_TCGDEX_ENTITY_PRESENT_IMAGE_ABSENT,card_image_absent,,,,,,,,A0_NOT_APPLICABLE,ASSET_NOT_APPLICABLE,,
sm7.5-11,sm7.5,Dragon Majesty,11,Reshiram GX,T2_TCGDEX_ENTITY_PRESENT_IMAGE_ABSENT,card_image_absent,,,,,,,,A0_NOT_APPLICABLE,ASSET_NOT_APPLICABLE,,
sm7.5-12,sm7.5,Dragon Majesty,12,Litten,T2_TCGDEX_ENTITY_PRESENT_IMAGE_ABSENT,card_image_absent,,,,,,,,A0_NOT_APPLICABLE,ASSET_NOT_APPLICABLE,,
sm7.5-13,sm7.5,Dragon Majesty,13,Salandit,T2_TCGDEX_ENTITY_PRESENT_IMAGE_ABSENT,card_image_absent,,,,,,,,A0_NOT_APPLICABLE,ASSET_NOT_APPLICABLE,,
sm7.5-14,sm7.5,Dragon Majesty,14,Salazzle,T2_TCGDEX_ENTITY_PRESENT_IMAGE_ABSENT,card_image_absent,,,,,,,,A0_NOT_APPLICABLE,ASSET_NOT_APPLICABLE,,
sm7.5-15,sm7.5,Dragon Majesty,15,Horsea,T2_TCGDEX_ENTITY_PRESENT_IMAGE_ABSENT,card_image_absent,,,,,,,,A0_NOT_APPLICABLE,ASSET_NOT_APPLICABLE,,
sm7.5-16,sm7.5,Dragon Majesty,16,Horsea,T2_TCGDEX_ENTITY_PRESENT_IMAGE_ABSENT,card_image_absent,,,,,,,,A0_NOT_APPLICABLE,ASSET_NOT_APPLICABLE,,
sm7.5-17,sm7.5,Dragon Majesty,17,Seadra,T2_TCGDEX_ENTITY_PRESENT_IMAGE_ABSENT,card_image_absent,,,,,,,,A0_NOT_APPLICABLE,ASSET_NOT_APPLICABLE,,
sm7.5-18,sm7.5,Dragon Majesty,18,Kingdra GX,T2_TCGDEX_ENTITY_PRESENT_IMAGE_ABSENT,card_image_absent,,,,,,,,A0_NOT_APPLICABLE,ASSET_NOT_APPLICABLE,,
sm7.5-19,sm7.5,Dragon Majesty,19,Magikarp,T2_TCGDEX_ENTITY_PRESENT_IMAGE_ABSENT,card_image_absent,,,,,,,,A0_NOT_APPLICABLE,ASSET_NOT_APPLICABLE,,
sm7.5-2,sm7.5,Dragon Majesty,2,Charmeleon,T2_TCGDEX_ENTITY_PRESENT_IMAGE_ABSENT,card_image_absent,,,,,,,,A0_NOT_APPLICABLE,ASSET_NOT_APPLICABLE,,
sm7.5-20,sm7.5,Dragon Majesty,20,Gyarados,T2_TCGDEX_ENTITY_PRESENT_IMAGE_ABSENT,card_image_absent,,,,,,,,A0_NOT_APPLICABLE,ASSET_NOT_APPLICABLE,,
sm7.5-21,sm7.5,Dragon Majesty,21,Lapras,T2_TCGDEX_ENTITY_PRESENT_IMAGE_ABSENT,card_image_absent,,,,,,,,A0_NOT_APPLICABLE,ASSET_NOT_APPLICABLE,,
sm7.5-22,sm7.5,Dragon Majesty,22,Totodile,T2_TCGDEX_ENTITY_PRESENT_IMAGE_ABSENT,card_image_absent,,,,,,,,A0_NOT_APPLICABLE,ASSET_NOT_APPLICABLE,,
sm7.5-23,sm7.5,Dragon Majesty,23,Croconaw,T2_TCGDEX_ENTITY_PRESENT_IMAGE_ABSENT,card_image_absent,,,,,,,,A0_NOT_APPLICABLE,ASSET_NOT_APPLICABLE,,
sm7.5-24,sm7.5,Dragon Majesty,24,Feraligatr,T2_TCGDEX_ENTITY_PRESENT_IMAGE_ABSENT,card_image_absent,,,,,,,,A0_NOT_APPLICABLE,ASSET_NOT_APPLICABLE,,
sm7.5-25,sm7.5,Dragon Majesty,25,Wooper,T2_TCGDEX_ENTITY_PRESENT_IMAGE_ABSENT,card_image_absent,,,,,,,,A0_NOT_APPLICABLE,ASSET_NOT_APPLICABLE,,
sm7.5-26,sm7.5,Dragon Majesty,26,Quagsire,T2_TCGDEX_ENTITY_PRESENT_IMAGE_ABSENT,card_image_absent,,,,,,,,A0_NOT_APPLICABLE,ASSET_NOT_APPLICABLE,,
sm7.5-27,sm7.5,Dragon Majesty,27,Corsola,T2_TCGDEX_ENTITY_PRESENT_IMAGE_ABSENT,card_image_absent,,,,,,,,A0_NOT_APPLICABLE,ASSET_NOT_APPLICABLE,,
sm7.5-28,sm7.5,Dragon Majesty,28,Feebas,T2_TCGDEX_ENTITY_PRESENT_IMAGE_ABSENT,card_image_absent,,,,,,,,A0_NOT_APPLICABLE,ASSET_NOT_APPLICABLE,,
sm7.5-29,sm7.5,Dragon Majesty,29,Milotic,T2_TCGDEX_ENTITY_PRESENT_IMAGE_ABSENT,card_image_absent,,,,,,,,A0_NOT_APPLICABLE,ASSET_NOT_APPLICABLE,,
sm7.5-3,sm7.5,Dragon Majesty,3,Charizard,T2_TCGDEX_ENTITY_PRESENT_IMAGE_ABSENT,card_image_absent,,,,,,,,A0_NOT_APPLICABLE,ASSET_NOT_APPLICABLE,,
sm7.5-30,sm7.5,Dragon Majesty,30,Phione,T2_TCGDEX_ENTITY_PRESENT_IMAGE_ABSENT,card_image_absent,,,,,,,,A0_NOT_APPLICABLE,ASSET_NOT_APPLICABLE,,
sm7.5-31,sm7.5,Dragon Majesty,31,Wishiwashi,T2_TCGDEX_ENTITY_PRESENT_IMAGE_ABSENT,card_image_absent,,,,,,,,A0_NOT_APPLICABLE,ASSET_NOT_APPLICABLE,,
sm7.5-32,sm7.5,Dragon Majesty,32,Trapinch,T2_TCGDEX_ENTITY_PRESENT_IMAGE_ABSENT,card_image_absent,,,,,,,,A0_NOT_APPLICABLE,ASSET_NOT_APPLICABLE,,
sm7.5-33,sm7.5,Dragon Majesty,33,Hydreigon,T2_TCGDEX_ENTITY_PRESENT_IMAGE_ABSENT,card_image_absent,,,,,,,,A0_NOT_APPLICABLE,ASSET_NOT_APPLICABLE,,
sm7.5-34,sm7.5,Dragon Majesty,34,Dratini,T2_TCGDEX_ENTITY_PRESENT_IMAGE_ABSENT,card_image_absent,,,,,,,,A0_NOT_APPLICABLE,ASSET_NOT_APPLICABLE,,
sm7.5-35,sm7.5,Dragon Majesty,35,Dratini,T2_TCGDEX_ENTITY_PRESENT_IMAGE_ABSENT,card_image_absent,,,,,,,,A0_NOT_APPLICABLE,ASSET_NOT_APPLICABLE,,
sm7.5-36,sm7.5,Dragon Majesty,36,Dragonair,T2_TCGDEX_ENTITY_PRESENT_IMAGE_ABSENT,card_image_absent,,,,,,,,A0_NOT_APPLICABLE,ASSET_NOT_APPLICABLE,,
sm7.5-37,sm7.5,Dragon Majesty,37,Dragonite GX,T2_TCGDEX_ENTITY_PRESENT_IMAGE_ABSENT,card_image_absent,,,,,,,,A0_NOT_APPLICABLE,ASSET_NOT_APPLICABLE,,
sm7.5-38,sm7.5,Dragon Majesty,38,Vibrava,T2_TCGDEX_ENTITY_PRESENT_IMAGE_ABSENT,card_image_absent,,,,,,,,A0_NOT_APPLICABLE,ASSET_NOT_APPLICABLE,,
sm7.5-39,sm7.5,Dragon Majesty,39,Flygon,T2_TCGDEX_ENTITY_PRESENT_IMAGE_ABSENT,card_image_absent,,,,,,,,A0_NOT_APPLICABLE,ASSET_NOT_APPLICABLE,,
sm7.5-4,sm7.5,Dragon Majesty,4,Torchic,T2_TCGDEX_ENTITY_PRESENT_IMAGE_ABSENT,card_image_absent,,,,,,,,A0_NOT_APPLICABLE,ASSET_NOT_APPLICABLE,,
sm7.5-40,sm7.5,Dragon Majesty,40,Altaria,T2_TCGDEX_ENTITY_PRESENT_IMAGE_ABSENT,card_image_absent,,,,,,,,A0_NOT_APPLICABLE,ASSET_NOT_APPLICABLE,,
sm7.5-41,sm7.5,Dragon Majesty,41,Altaria GX,T2_TCGDEX_ENTITY_PRESENT_IMAGE_ABSENT,card_image_absent,,,,,,,,A0_NOT_APPLICABLE,ASSET_NOT_APPLICABLE,,
sm7.5-42,sm7.5,Dragon Majesty,42,Bagon,T2_TCGDEX_ENTITY_PRESENT_IMAGE_ABSENT,card_image_absent,,,,,,,,A0_NOT_APPLICABLE,ASSET_NOT_APPLICABLE,,
sm7.5-43,sm7.5,Dragon Majesty,43,Shelgon,T2_TCGDEX_ENTITY_PRESENT_IMAGE_ABSENT,card_image_absent,,,,,,,,A0_NOT_APPLICABLE,ASSET_NOT_APPLICABLE,,
sm7.5-44,sm7.5,Dragon Majesty,44,Salamence GX,T2_TCGDEX_ENTITY_PRESENT_IMAGE_ABSENT,card_image_absent,,,,,,,,A0_NOT_APPLICABLE,ASSET_NOT_APPLICABLE,,
sm7.5-45,sm7.5,Dragon Majesty,45,Druddigon,T2_TCGDEX_ENTITY_PRESENT_IMAGE_ABSENT,card_image_absent,,,,,,,,A0_NOT_APPLICABLE,ASSET_NOT_APPLICABLE,,
sm7.5-46,sm7.5,Dragon Majesty,46,Zekrom,T2_TCGDEX_ENTITY_PRESENT_IMAGE_ABSENT,card_image_absent,,,,,,,,A0_NOT_APPLICABLE,ASSET_NOT_APPLICABLE,,
sm7.5-47,sm7.5,Dragon Majesty,47,Kyurem,T2_TCGDEX_ENTITY_PRESENT_IMAGE_ABSENT,card_image_absent,,,,,,,,A0_NOT_APPLICABLE,ASSET_NOT_APPLICABLE,,
sm7.5-48,sm7.5,Dragon Majesty,48,White Kyurem GX,T2_TCGDEX_ENTITY_PRESENT_IMAGE_ABSENT,card_image_absent,,,,,,,,A0_NOT_APPLICABLE,ASSET_NOT_APPLICABLE,,
sm7.5-49,sm7.5,Dragon Majesty,49,Zygarde,T2_TCGDEX_ENTITY_PRESENT_IMAGE_ABSENT,card_image_absent,,,,,,,,A0_NOT_APPLICABLE,ASSET_NOT_APPLICABLE,,
sm7.5-5,sm7.5,Dragon Majesty,5,Combusken,T2_TCGDEX_ENTITY_PRESENT_IMAGE_ABSENT,card_image_absent,,,,,,,,A0_NOT_APPLICABLE,ASSET_NOT_APPLICABLE,,
sm7.5-50,sm7.5,Dragon Majesty,50,Turtonator,T2_TCGDEX_ENTITY_PRESENT_IMAGE_ABSENT,card_image_absent,,,,,,,,A0_NOT_APPLICABLE,ASSET_NOT_APPLICABLE,,
sm7.5-51,sm7.5,Dragon Majesty,51,Drampa,T2_TCGDEX_ENTITY_PRESENT_IMAGE_ABSENT,card_image_absent,,,,,,,,A0_NOT_APPLICABLE,ASSET_NOT_APPLICABLE,,
sm7.5-52,sm7.5,Dragon Majesty,52,Jangmo-o,T2_TCGDEX_ENTITY_PRESENT_IMAGE_ABSENT,card_image_absent,,,,,,,,A0_NOT_APPLICABLE,ASSET_NOT_APPLICABLE,,
sm7.5-53,sm7.5,Dragon Majesty,53,Hakamo-o,T2_TCGDEX_ENTITY_PRESENT_IMAGE_ABSENT,card_image_absent,,,,,,,,A0_NOT_APPLICABLE,ASSET_NOT_APPLICABLE,,
sm7.5-54,sm7.5,Dragon Majesty,54,Kommo-o,T2_TCGDEX_ENTITY_PRESENT_IMAGE_ABSENT,card_image_absent,,,,,,,,A0_NOT_APPLICABLE,ASSET_NOT_APPLICABLE,,
sm7.5-55,sm7.5,Dragon Majesty,55,Kangaskhan,T2_TCGDEX_ENTITY_PRESENT_IMAGE_ABSENT,card_image_absent,,,,,,,,A0_NOT_APPLICABLE,ASSET_NOT_APPLICABLE,,
sm7.5-56,sm7.5,Dragon Majesty,56,Swablu,T2_TCGDEX_ENTITY_PRESENT_IMAGE_ABSENT,card_image_absent,,,,,,,,A0_NOT_APPLICABLE,ASSET_NOT_APPLICABLE,,
sm7.5-57,sm7.5,Dragon Majesty,57,Swablu,T2_TCGDEX_ENTITY_PRESENT_IMAGE_ABSENT,card_image_absent,,,,,,,,A0_NOT_APPLICABLE,ASSET_NOT_APPLICABLE,,
sm7.5-58,sm7.5,Dragon Majesty,58,Blaine’s Last Stand,T2_TCGDEX_ENTITY_PRESENT_IMAGE_ABSENT,card_image_absent,,,,,,,,A0_NOT_APPLICABLE,ASSET_NOT_APPLICABLE,,
sm7.5-59,sm7.5,Dragon Majesty,59,Dragon Talon,T2_TCGDEX_ENTITY_PRESENT_IMAGE_ABSENT,card_image_absent,,,,,,,,A0_NOT_APPLICABLE,ASSET_NOT_APPLICABLE,,
sm7.5-6,sm7.5,Dragon Majesty,6,Blaziken,T2_TCGDEX_ENTITY_PRESENT_IMAGE_ABSENT,card_image_absent,,,,,,,,A0_NOT_APPLICABLE,ASSET_NOT_APPLICABLE,,
sm7.5-60,sm7.5,Dragon Majesty,60,Fiery Flint,T2_TCGDEX_ENTITY_PRESENT_IMAGE_ABSENT,card_image_absent,,,,,,,,A0_NOT_APPLICABLE,ASSET_NOT_APPLICABLE,,
sm7.5-61,sm7.5,Dragon Majesty,61,Lance ◇,T2_TCGDEX_ENTITY_PRESENT_IMAGE_ABSENT,card_image_absent,,,,,,,,A0_NOT_APPLICABLE,ASSET_NOT_APPLICABLE,,
sm7.5-62,sm7.5,Dragon Majesty,62,Switch Raft,T2_TCGDEX_ENTITY_PRESENT_IMAGE_ABSENT,card_image_absent,,,,,,,,A0_NOT_APPLICABLE,ASSET_NOT_APPLICABLE,,
sm7.5-63,sm7.5,Dragon Majesty,63,Wela Volcano Park,T2_TCGDEX_ENTITY_PRESENT_IMAGE_ABSENT,card_image_absent,,,,,,,,A0_NOT_APPLICABLE,ASSET_NOT_APPLICABLE,,
sm7.5-64,sm7.5,Dragon Majesty,64,Zinnia,T2_TCGDEX_ENTITY_PRESENT_IMAGE_ABSENT,card_image_absent,,,,,,,,A0_NOT_APPLICABLE,ASSET_NOT_APPLICABLE,,
sm7.5-65,sm7.5,Dragon Majesty,65,Reshiram GX,T2_TCGDEX_ENTITY_PRESENT_IMAGE_ABSENT,card_image_absent,,,,,,,,A0_NOT_APPLICABLE,ASSET_NOT_APPLICABLE,,
sm7.5-66,sm7.5,Dragon Majesty,66,Kingdra GX,T2_TCGDEX_ENTITY_PRESENT_IMAGE_ABSENT,card_image_absent,,,,,,,,A0_NOT_APPLICABLE,ASSET_NOT_APPLICABLE,,
sm7.5-67,sm7.5,Dragon Majesty,67,Dragonite GX,T2_TCGDEX_ENTITY_PRESENT_IMAGE_ABSENT,card_image_absent,,,,,,,,A0_NOT_APPLICABLE,ASSET_NOT_APPLICABLE,,
sm7.5-68,sm7.5,Dragon Majesty,68,Altaria GX,T2_TCGDEX_ENTITY_PRESENT_IMAGE_ABSENT,card_image_absent,,,,,,,,A0_NOT_APPLICABLE,ASSET_NOT_APPLICABLE,,
sm7.5-69,sm7.5,Dragon Majesty,69,Blaine’s Last Stand,T2_TCGDEX_ENTITY_PRESENT_IMAGE_ABSENT,card_image_absent,,,,,,,,A0_NOT_APPLICABLE,ASSET_NOT_APPLICABLE,,
sm7.5-7,sm7.5,Dragon Majesty,7,Victini ◇,T2_TCGDEX_ENTITY_PRESENT_IMAGE_ABSENT,card_image_absent,,,,,,,,A0_NOT_APPLICABLE,ASSET_NOT_APPLICABLE,,
sm7.5-70,sm7.5,Dragon Majesty,70,Zinnia,T2_TCGDEX_ENTITY_PRESENT_IMAGE_ABSENT,card_image_absent,,,,,,,,A0_NOT_APPLICABLE,ASSET_NOT_APPLICABLE,,
sm7.5-71,sm7.5,Dragon Majesty,71,Reshiram GX,T2_TCGDEX_ENTITY_PRESENT_IMAGE_ABSENT,card_image_absent,,,,,,,,A0_NOT_APPLICABLE,ASSET_NOT_APPLICABLE,,
sm7.5-72,sm7.5,Dragon Majesty,72,Altaria GX,T2_TCGDEX_ENTITY_PRESENT_IMAGE_ABSENT,card_image_absent,,,,,,,,A0_NOT_APPLICABLE,ASSET_NOT_APPLICABLE,,
sm7.5-73,sm7.5,Dragon Majesty,73,Salamence GX,T2_TCGDEX_ENTITY_PRESENT_IMAGE_ABSENT,card_image_absent,,,,,,,,A0_NOT_APPLICABLE,ASSET_NOT_APPLICABLE,,
sm7.5-74,sm7.5,Dragon Majesty,74,White Kyurem GX,T2_TCGDEX_ENTITY_PRESENT_IMAGE_ABSENT,card_image_absent,,,,,,,,A0_NOT_APPLICABLE,ASSET_NOT_APPLICABLE,,
sm7.5-75,sm7.5,Dragon Majesty,75,Dragon Talon,T2_TCGDEX_ENTITY_PRESENT_IMAGE_ABSENT,card_image_absent,,,,,,,,A0_NOT_APPLICABLE,ASSET_NOT_APPLICABLE,,
sm7.5-76,sm7.5,Dragon Majesty,76,Fiery Flint,T2_TCGDEX_ENTITY_PRESENT_IMAGE_ABSENT,card_image_absent,,,,,,,,A0_NOT_APPLICABLE,ASSET_NOT_APPLICABLE,,
sm7.5-77,sm7.5,Dragon Majesty,77,Switch Raft,T2_TCGDEX_ENTITY_PRESENT_IMAGE_ABSENT,card_image_absent,,,,,,,,A0_NOT_APPLICABLE,ASSET_NOT_APPLICABLE,,
sm7.5-78,sm7.5,Dragon Majesty,78,Ultra Necrozma GX,T2_TCGDEX_ENTITY_PRESENT_IMAGE_ABSENT,card_image_absent,,,,,,,,A0_NOT_APPLICABLE,ASSET_NOT_APPLICABLE,,
sm7.5-8,sm7.5,Dragon Majesty,8,Darumaka,T2_TCGDEX_ENTITY_PRESENT_IMAGE_ABSENT,card_image_absent,,,,,,,,A0_NOT_APPLICABLE,ASSET_NOT_APPLICABLE,,
sm7.5-9,sm7.5,Dragon Majesty,9,Darmanitan,T2_TCGDEX_ENTITY_PRESENT_IMAGE_ABSENT,card_image_absent,,,,,,,,A0_NOT_APPLICABLE,ASSET_NOT_APPLICABLE,,
smp-SM125,smp,SM Black Star Promos,SM125,Naganadel GX,T2_TCGDEX_ENTITY_PRESENT_IMAGE_ABSENT,brief_image_absent_field_projected,,,,,,,,A0_NOT_APPLICABLE,ASSET_NOT_APPLICABLE,,
smp-SM135,smp,SM Black Star Promos,SM135,Latias,T2_TCGDEX_ENTITY_PRESENT_IMAGE_ABSENT,brief_image_absent_field_projected,,,,,,,,A0_NOT_APPLICABLE,ASSET_NOT_APPLICABLE,,
smp-SM136,smp,SM Black Star Promos,SM136,Latios,T2_TCGDEX_ENTITY_PRESENT_IMAGE_ABSENT,brief_image_absent_field_projected,,,,,,,,A0_NOT_APPLICABLE,ASSET_NOT_APPLICABLE,,
smp-SM144,smp,SM Black Star Promos,SM144,Articuno,T2_TCGDEX_ENTITY_PRESENT_IMAGE_ABSENT,brief_image_absent_field_projected,,,,,,,,A0_NOT_APPLICABLE,ASSET_NOT_APPLICABLE,,
smp-SM146,smp,SM Black Star Promos,SM146,Leafeon GX,T2_TCGDEX_ENTITY_PRESENT_IMAGE_ABSENT,brief_image_absent_field_projected,,,,,,,,A0_NOT_APPLICABLE,ASSET_NOT_APPLICABLE,,
smp-SM147,smp,SM Black Star Promos,SM147,Glaceon GX,T2_TCGDEX_ENTITY_PRESENT_IMAGE_ABSENT,brief_image_absent_field_projected,,,,,,,,A0_NOT_APPLICABLE,ASSET_NOT_APPLICABLE,,
smp-SM155,smp,SM Black Star Promos,SM155,Kingdra GX,T2_TCGDEX_ENTITY_PRESENT_IMAGE_ABSENT,brief_image_absent_field_projected,,,,,,,,A0_NOT_APPLICABLE,ASSET_NOT_APPLICABLE,,
smp-SM156,smp,SM Black Star Promos,SM156,Dragonite GX,T2_TCGDEX_ENTITY_PRESENT_IMAGE_ABSENT,brief_image_absent_field_projected,,,,,,,,A0_NOT_APPLICABLE,ASSET_NOT_APPLICABLE,,
smp-SM167,smp,SM Black Star Promos,SM167,Celebi & Venusaur GX,T2_TCGDEX_ENTITY_PRESENT_IMAGE_ABSENT,brief_image_absent_field_projected,,,,,,,,A0_NOT_APPLICABLE,ASSET_NOT_APPLICABLE,,
smp-SM168,smp,SM Black Star Promos,SM168,Pikachu & Zekrom GX,T2_TCGDEX_ENTITY_PRESENT_IMAGE_ABSENT,brief_image_absent_field_projected,,,,,,,,A0_NOT_APPLICABLE,ASSET_NOT_APPLICABLE,,
smp-SM169,smp,SM Black Star Promos,SM169,Eevee & Snorlax GX,T2_TCGDEX_ENTITY_PRESENT_IMAGE_ABSENT,brief_image_absent_field_projected,,,,,,,,A0_NOT_APPLICABLE,ASSET_NOT_APPLICABLE,,
smp-SM170,smp,SM Black Star Promos,SM170,Detective Pikachu,T2_TCGDEX_ENTITY_PRESENT_IMAGE_ABSENT,brief_image_absent_field_projected,,,,,,,,A0_NOT_APPLICABLE,ASSET_NOT_APPLICABLE,,
smp-SM179,smp,SM Black Star Promos,SM179,Volcanion,T2_TCGDEX_ENTITY_PRESENT_IMAGE_ABSENT,brief_image_absent_field_projected,,,,,,,,A0_NOT_APPLICABLE,ASSET_NOT_APPLICABLE,,
smp-SM180,smp,SM Black Star Promos,SM180,Stakataka,T2_TCGDEX_ENTITY_PRESENT_IMAGE_ABSENT,brief_image_absent_field_projected,,,,,,,,A0_NOT_APPLICABLE,ASSET_NOT_APPLICABLE,,
smp-SM181,smp,SM Black Star Promos,SM181,Melmetal,T2_TCGDEX_ENTITY_PRESENT_IMAGE_ABSENT,brief_image_absent_field_projected,,,,,,,,A0_NOT_APPLICABLE,ASSET_NOT_APPLICABLE,,
smp-SM182,smp,SM Black Star Promos,SM182,Persian,T2_TCGDEX_ENTITY_PRESENT_IMAGE_ABSENT,brief_image_absent_field_projected,,,,,,,,A0_NOT_APPLICABLE,ASSET_NOT_APPLICABLE,,
smp-SM183,smp,SM Black Star Promos,SM183,Pikachu,T2_TCGDEX_ENTITY_PRESENT_IMAGE_ABSENT,brief_image_absent_field_projected,,,,,,,,A0_NOT_APPLICABLE,ASSET_NOT_APPLICABLE,,
smp-SM184,smp,SM Black Star Promos,SM184,Eevee,T2_TCGDEX_ENTITY_PRESENT_IMAGE_ABSENT,brief_image_absent_field_projected,,,,,,,,A0_NOT_APPLICABLE,ASSET_NOT_APPLICABLE,,
smp-SM185,smp,SM Black Star Promos,SM185,Typhlosion,T2_TCGDEX_ENTITY_PRESENT_IMAGE_ABSENT,brief_image_absent_field_projected,,,,,,,,A0_NOT_APPLICABLE,ASSET_NOT_APPLICABLE,,
smp-SM186,smp,SM Black Star Promos,SM186,Flareon,T2_TCGDEX_ENTITY_PRESENT_IMAGE_ABSENT,brief_image_absent_field_projected,,,,,,,,A0_NOT_APPLICABLE,ASSET_NOT_APPLICABLE,,
smp-SM188,smp,SM Black Star Promos,SM188,Kangaskhan GX,T2_TCGDEX_ENTITY_PRESENT_IMAGE_ABSENT,brief_image_absent_field_projected,,,,,,,,A0_NOT_APPLICABLE,ASSET_NOT_APPLICABLE,,
smp-SM189,smp,SM Black Star Promos,SM189,Blastoise GX,T2_TCGDEX_ENTITY_PRESENT_IMAGE_ABSENT,brief_image_absent_field_projected,,,,,,,,A0_NOT_APPLICABLE,ASSET_NOT_APPLICABLE,,
smp-SM190,smp,SM Black Star Promos,SM190,Detective Pikachu,T2_TCGDEX_ENTITY_PRESENT_IMAGE_ABSENT,brief_image_absent_field_projected,,,,,,,,A0_NOT_APPLICABLE,ASSET_NOT_APPLICABLE,,
smp-SM191,smp,SM Black Star Promos,SM191,Mewtwo & Mew GX,T2_TCGDEX_ENTITY_PRESENT_IMAGE_ABSENT,brief_image_absent_field_projected,,,,,,,,A0_NOT_APPLICABLE,ASSET_NOT_APPLICABLE,,
smp-SM192,smp,SM Black Star Promos,SM192,Lucario & Melmetal GX,T2_TCGDEX_ENTITY_PRESENT_IMAGE_ABSENT,brief_image_absent_field_projected,,,,,,,,A0_NOT_APPLICABLE,ASSET_NOT_APPLICABLE,,
smp-SM193,smp,SM Black Star Promos,SM193,Garchomp & Giratina GX,T2_TCGDEX_ENTITY_PRESENT_IMAGE_ABSENT,brief_image_absent_field_projected,,,,,,,,A0_NOT_APPLICABLE,ASSET_NOT_APPLICABLE,,
smp-SM194,smp,SM Black Star Promos,SM194,Detective Pikachu,T2_TCGDEX_ENTITY_PRESENT_IMAGE_ABSENT,brief_image_absent_field_projected,,,,,,,,A0_NOT_APPLICABLE,ASSET_NOT_APPLICABLE,,
smp-SM195,smp,SM Black Star Promos,SM195,Charizard GX,T2_TCGDEX_ENTITY_PRESENT_IMAGE_ABSENT,brief_image_absent_field_projected,,,,,,,,A0_NOT_APPLICABLE,ASSET_NOT_APPLICABLE,,
smp-SM196,smp,SM Black Star Promos,SM196,Mewtwo GX,T2_TCGDEX_ENTITY_PRESENT_IMAGE_ABSENT,brief_image_absent_field_projected,,,,,,,,A0_NOT_APPLICABLE,ASSET_NOT_APPLICABLE,,
smp-SM197,smp,SM Black Star Promos,SM197,Greninja GX,T2_TCGDEX_ENTITY_PRESENT_IMAGE_ABSENT,brief_image_absent_field_projected,,,,,,,,A0_NOT_APPLICABLE,ASSET_NOT_APPLICABLE,,
smp-SM198,smp,SM Black Star Promos,SM198,Bulbasaur,T2_TCGDEX_ENTITY_PRESENT_IMAGE_ABSENT,brief_image_absent_field_projected,,,,,,,,A0_NOT_APPLICABLE,ASSET_NOT_APPLICABLE,,
smp-SM199,smp,SM Black Star Promos,SM199,Psyduck,T2_TCGDEX_ENTITY_PRESENT_IMAGE_ABSENT,brief_image_absent_field_projected,,,,,,,,A0_NOT_APPLICABLE,ASSET_NOT_APPLICABLE,,
smp-SM200,smp,SM Black Star Promos,SM200,Snubbull,T2_TCGDEX_ENTITY_PRESENT_IMAGE_ABSENT,brief_image_absent_field_projected,,,,,,,,A0_NOT_APPLICABLE,ASSET_NOT_APPLICABLE,,
smp-SM218,smp,SM Black Star Promos,SM218,Buzzwole,T2_TCGDEX_ENTITY_PRESENT_IMAGE_ABSENT,brief_image_absent_field_projected,,,,,,,,A0_NOT_APPLICABLE,ASSET_NOT_APPLICABLE,,
smp-SM219,smp,SM Black Star Promos,SM219,Entei,T2_TCGDEX_ENTITY_PRESENT_IMAGE_ABSENT,brief_image_absent_field_projected,,,,,,,,A0_NOT_APPLICABLE,ASSET_NOT_APPLICABLE,,
smp-SM220,smp,SM Black Star Promos,SM220,Phione,T2_TCGDEX_ENTITY_PRESENT_IMAGE_ABSENT,brief_image_absent_field_projected,,,,,,,,A0_NOT_APPLICABLE,ASSET_NOT_APPLICABLE,,
smp-SM221,smp,SM Black Star Promos,SM221,Blacephalon,T2_TCGDEX_ENTITY_PRESENT_IMAGE_ABSENT,brief_image_absent_field_projected,,,,,,,,A0_NOT_APPLICABLE,ASSET_NOT_APPLICABLE,,
smp-SM222,smp,SM Black Star Promos,SM222,Mismagius,T2_TCGDEX_ENTITY_PRESENT_IMAGE_ABSENT,brief_image_absent_field_projected,,,,,,,,A0_NOT_APPLICABLE,ASSET_NOT_APPLICABLE,,
smp-SM223,smp,SM Black Star Promos,SM223,Terrakion,T2_TCGDEX_ENTITY_PRESENT_IMAGE_ABSENT,brief_image_absent_field_projected,,,,,,,,A0_NOT_APPLICABLE,ASSET_NOT_APPLICABLE,,
smp-SM224,smp,SM Black Star Promos,SM224,Celebi,T2_TCGDEX_ENTITY_PRESENT_IMAGE_ABSENT,brief_image_absent_field_projected,,,,,,,,A0_NOT_APPLICABLE,ASSET_NOT_APPLICABLE,,
smp-SM225,smp,SM Black Star Promos,SM225,Victini,T2_TCGDEX_ENTITY_PRESENT_IMAGE_ABSENT,brief_image_absent_field_projected,,,,,,,,A0_NOT_APPLICABLE,ASSET_NOT_APPLICABLE,,
smp-SM226,smp,SM Black Star Promos,SM226,Charizard,T2_TCGDEX_ENTITY_PRESENT_IMAGE_ABSENT,brief_image_absent_field_projected,,,,,,,,A0_NOT_APPLICABLE,ASSET_NOT_APPLICABLE,,
smp-SM227,smp,SM Black Star Promos,SM227,Pikachu,T2_TCGDEX_ENTITY_PRESENT_IMAGE_ABSENT,brief_image_absent_field_projected,,,,,,,,A0_NOT_APPLICABLE,ASSET_NOT_APPLICABLE,,
smp-SM228,smp,SM Black Star Promos,SM228,Armored Mewtwo,T2_TCGDEX_ENTITY_PRESENT_IMAGE_ABSENT,brief_image_absent_field_projected,,,,,,,,A0_NOT_APPLICABLE,ASSET_NOT_APPLICABLE,,
smp-SM229,smp,SM Black Star Promos,SM229,Venusaur & Snivy GX,T2_TCGDEX_ENTITY_PRESENT_IMAGE_ABSENT,brief_image_absent_field_projected,,,,,,,,A0_NOT_APPLICABLE,ASSET_NOT_APPLICABLE,,
smp-SM230,smp,SM Black Star Promos,SM230,Charizard & Braixen GX,T2_TCGDEX_ENTITY_PRESENT_IMAGE_ABSENT,brief_image_absent_field_projected,,,,,,,,A0_NOT_APPLICABLE,ASSET_NOT_APPLICABLE,,
smp-SM231,smp,SM Black Star Promos,SM231,Champions Festival,T2_TCGDEX_ENTITY_PRESENT_IMAGE_ABSENT,brief_image_absent_field_projected,,,,,,,,A0_NOT_APPLICABLE,ASSET_NOT_APPLICABLE,,
smp-SM232,smp,SM Black Star Promos,SM232,Pikachu GX,T2_TCGDEX_ENTITY_PRESENT_IMAGE_ABSENT,brief_image_absent_field_projected,,,,,,,,A0_NOT_APPLICABLE,ASSET_NOT_APPLICABLE,,
smp-SM233,smp,SM Black Star Promos,SM233,Eevee GX,T2_TCGDEX_ENTITY_PRESENT_IMAGE_ABSENT,brief_image_absent_field_projected,,,,,,,,A0_NOT_APPLICABLE,ASSET_NOT_APPLICABLE,,
smp-SM234,smp,SM Black Star Promos,SM234,Pikachu,T2_TCGDEX_ENTITY_PRESENT_IMAGE_ABSENT,brief_image_absent_field_projected,,,,,,,,A0_NOT_APPLICABLE,ASSET_NOT_APPLICABLE,,
smp-SM235,smp,SM Black Star Promos,SM235,Eevee,T2_TCGDEX_ENTITY_PRESENT_IMAGE_ABSENT,brief_image_absent_field_projected,,,,,,,,A0_NOT_APPLICABLE,ASSET_NOT_APPLICABLE,,
smp-SM236,smp,SM Black Star Promos,SM236,Alolan Sandslash GX,T2_TCGDEX_ENTITY_PRESENT_IMAGE_ABSENT,brief_image_absent_field_projected,,,,,,,,A0_NOT_APPLICABLE,ASSET_NOT_APPLICABLE,,
smp-SM237,smp,SM Black Star Promos,SM237,Leafeon,T2_TCGDEX_ENTITY_PRESENT_IMAGE_ABSENT,brief_image_absent_field_projected,,,,,,,,A0_NOT_APPLICABLE,ASSET_NOT_APPLICABLE,,
smp-SM238,smp,SM Black Star Promos,SM238,Glaceon,T2_TCGDEX_ENTITY_PRESENT_IMAGE_ABSENT,brief_image_absent_field_projected,,,,,,,,A0_NOT_APPLICABLE,ASSET_NOT_APPLICABLE,,
smp-SM239,smp,SM Black Star Promos,SM239,Carracosta GX,T2_TCGDEX_ENTITY_PRESENT_IMAGE_ABSENT,brief_image_absent_field_projected,,,,,,,,A0_NOT_APPLICABLE,ASSET_NOT_APPLICABLE,,
smp-SM240,smp,SM Black Star Promos,SM240,Espeon & Deoxys GX,T2_TCGDEX_ENTITY_PRESENT_IMAGE_ABSENT,brief_image_absent_field_projected,,,,,,,,A0_NOT_APPLICABLE,ASSET_NOT_APPLICABLE,,
smp-SM241,smp,SM Black Star Promos,SM241,Umbreon & Darkrai GX,T2_TCGDEX_ENTITY_PRESENT_IMAGE_ABSENT,brief_image_absent_field_projected,,,,,,,,A0_NOT_APPLICABLE,ASSET_NOT_APPLICABLE,,
smp-SM242,smp,SM Black Star Promos,SM242,Eevee GX,T2_TCGDEX_ENTITY_PRESENT_IMAGE_ABSENT,brief_image_absent_field_projected,,,,,,,,A0_NOT_APPLICABLE,ASSET_NOT_APPLICABLE,,
smp-SM243,smp,SM Black Star Promos,SM243,Regigigas,T2_TCGDEX_ENTITY_PRESENT_IMAGE_ABSENT,brief_image_absent_field_projected,,,,,,,,A0_NOT_APPLICABLE,ASSET_NOT_APPLICABLE,,
smp-SM244,smp,SM Black Star Promos,SM244,Aipom,T2_TCGDEX_ENTITY_PRESENT_IMAGE_ABSENT,brief_image_absent_field_projected,,,,,,,,A0_NOT_APPLICABLE,ASSET_NOT_APPLICABLE,,
smp-SM245,smp,SM Black Star Promos,SM245,Mismagius,T2_TCGDEX_ENTITY_PRESENT_IMAGE_ABSENT,brief_image_absent_field_projected,,,,,,,,A0_NOT_APPLICABLE,ASSET_NOT_APPLICABLE,,
smp-SM246,smp,SM Black Star Promos,SM246,Sabrina & Brycen,T2_TCGDEX_ENTITY_PRESENT_IMAGE_ABSENT,brief_image_absent_field_projected,,,,,,,,A0_NOT_APPLICABLE,ASSET_NOT_APPLICABLE,,
smp-SM247,smp,SM Black Star Promos,SM247,Reshiram & Charizard GX,T2_TCGDEX_ENTITY_PRESENT_IMAGE_ABSENT,brief_image_absent_field_projected,,,,,,,,A0_NOT_APPLICABLE,ASSET_NOT_APPLICABLE,,
smp-SM248,smp,SM Black Star Promos,SM248,Pikachu & Zekrom GX,T2_TCGDEX_ENTITY_PRESENT_IMAGE_ABSENT,brief_image_absent_field_projected,,,,,,,,A0_NOT_APPLICABLE,ASSET_NOT_APPLICABLE,,
smp-SM89,smp,SM Black Star Promos,SM89,Zoroark,T2_TCGDEX_ENTITY_PRESENT_IMAGE_ABSENT,brief_image_absent_field_projected,,,,,,,,A0_NOT_APPLICABLE,ASSET_NOT_APPLICABLE,,
smp-SM90,smp,SM Black Star Promos,SM90,Raichu GX,T2_TCGDEX_ENTITY_PRESENT_IMAGE_ABSENT,brief_image_absent_field_projected,,,,,,,,A0_NOT_APPLICABLE,ASSET_NOT_APPLICABLE,,
smp-SM93,smp,SM Black Star Promos,SM93,Marshadow,T2_TCGDEX_ENTITY_PRESENT_IMAGE_ABSENT,brief_image_absent_field_projected,,,,,,,,A0_NOT_APPLICABLE,ASSET_NOT_APPLICABLE,,
sve-001,sve,Scarlet & Violet Energy,001,Grass Energy,T2_TCGDEX_ENTITY_PRESENT_IMAGE_ABSENT,card_image_absent,,,,,,,,A0_NOT_APPLICABLE,ASSET_NOT_APPLICABLE,,
sve-002,sve,Scarlet & Violet Energy,002,Fire Energy,T2_TCGDEX_ENTITY_PRESENT_IMAGE_ABSENT,card_image_absent,,,,,,,,A0_NOT_APPLICABLE,ASSET_NOT_APPLICABLE,,
sve-003,sve,Scarlet & Violet Energy,003,Water Energy,T2_TCGDEX_ENTITY_PRESENT_IMAGE_ABSENT,card_image_absent,,,,,,,,A0_NOT_APPLICABLE,ASSET_NOT_APPLICABLE,,
sve-004,sve,Scarlet & Violet Energy,004,Lightning Energy,T2_TCGDEX_ENTITY_PRESENT_IMAGE_ABSENT,card_image_absent,,,,,,,,A0_NOT_APPLICABLE,ASSET_NOT_APPLICABLE,,
sve-005,sve,Scarlet & Violet Energy,005,Psychic Energy,T2_TCGDEX_ENTITY_PRESENT_IMAGE_ABSENT,card_image_absent,,,,,,,,A0_NOT_APPLICABLE,ASSET_NOT_APPLICABLE,,
sve-006,sve,Scarlet & Violet Energy,006,Fighting Energy,T2_TCGDEX_ENTITY_PRESENT_IMAGE_ABSENT,card_image_absent,,,,,,,,A0_NOT_APPLICABLE,ASSET_NOT_APPLICABLE,,
sve-007,sve,Scarlet & Violet Energy,007,Darkness Energy,T2_TCGDEX_ENTITY_PRESENT_IMAGE_ABSENT,card_image_absent,,,,,,,,A0_NOT_APPLICABLE,ASSET_NOT_APPLICABLE,,
sve-008,sve,Scarlet & Violet Energy,008,Metal Energy,T2_TCGDEX_ENTITY_PRESENT_IMAGE_ABSENT,card_image_absent,,,,,,,,A0_NOT_APPLICABLE,ASSET_NOT_APPLICABLE,,
sve-009,sve,Scarlet & Violet Energy,009,Grass Energy,T2_TCGDEX_ENTITY_PRESENT_IMAGE_ABSENT,card_image_absent,,,,,,,,A0_NOT_APPLICABLE,ASSET_NOT_APPLICABLE,,
sve-010,sve,Scarlet & Violet Energy,010,Fire Energy,T2_TCGDEX_ENTITY_PRESENT_IMAGE_ABSENT,card_image_absent,,,,,,,,A0_NOT_APPLICABLE,ASSET_NOT_APPLICABLE,,
sve-011,sve,Scarlet & Violet Energy,011,Water Energy,T2_TCGDEX_ENTITY_PRESENT_IMAGE_ABSENT,card_image_absent,,,,,,,,A0_NOT_APPLICABLE,ASSET_NOT_APPLICABLE,,
sve-012,sve,Scarlet & Violet Energy,012,Lightning Energy,T2_TCGDEX_ENTITY_PRESENT_IMAGE_ABSENT,card_image_absent,,,,,,,,A0_NOT_APPLICABLE,ASSET_NOT_APPLICABLE,,
sve-013,sve,Scarlet & Violet Energy,013,Psychic Energy,T2_TCGDEX_ENTITY_PRESENT_IMAGE_ABSENT,card_image_absent,,,,,,,,A0_NOT_APPLICABLE,ASSET_NOT_APPLICABLE,,
sve-014,sve,Scarlet & Violet Energy,014,Fighting Energy,T2_TCGDEX_ENTITY_PRESENT_IMAGE_ABSENT,card_image_absent,,,,,,,,A0_NOT_APPLICABLE,ASSET_NOT_APPLICABLE,,
sve-015,sve,Scarlet & Violet Energy,015,Darkness Energy,T2_TCGDEX_ENTITY_PRESENT_IMAGE_ABSENT,card_image_absent,,,,,,,,A0_NOT_APPLICABLE,ASSET_NOT_APPLICABLE,,
sve-016,sve,Scarlet & Violet Energy,016,Metal Energy,T2_TCGDEX_ENTITY_PRESENT_IMAGE_ABSENT,card_image_absent,,,,,,,,A0_NOT_APPLICABLE,ASSET_NOT_APPLICABLE,,
sve-017,sve,Scarlet & Violet Energy,017,Grass Energy,T2_TCGDEX_ENTITY_PRESENT_IMAGE_ABSENT,card_image_absent,,,,,,,,A0_NOT_APPLICABLE,ASSET_NOT_APPLICABLE,,
sve-018,sve,Scarlet & Violet Energy,018,Fire Energy,T2_TCGDEX_ENTITY_PRESENT_IMAGE_ABSENT,card_image_absent,,,,,,,,A0_NOT_APPLICABLE,ASSET_NOT_APPLICABLE,,
sve-019,sve,Scarlet & Violet Energy,019,Water Energy,T2_TCGDEX_ENTITY_PRESENT_IMAGE_ABSENT,card_image_absent,,,,,,,,A0_NOT_APPLICABLE,ASSET_NOT_APPLICABLE,,
sve-020,sve,Scarlet & Violet Energy,020,Lightning Energy,T2_TCGDEX_ENTITY_PRESENT_IMAGE_ABSENT,card_image_absent,,,,,,,,A0_NOT_APPLICABLE,ASSET_NOT_APPLICABLE,,
sve-021,sve,Scarlet & Violet Energy,021,Psychic Energy,T2_TCGDEX_ENTITY_PRESENT_IMAGE_ABSENT,card_image_absent,,,,,,,,A0_NOT_APPLICABLE,ASSET_NOT_APPLICABLE,,
sve-022,sve,Scarlet & Violet Energy,022,Fighting Energy,T2_TCGDEX_ENTITY_PRESENT_IMAGE_ABSENT,card_image_absent,,,,,,,,A0_NOT_APPLICABLE,ASSET_NOT_APPLICABLE,,
sve-023,sve,Scarlet & Violet Energy,023,Darkness Energy,T2_TCGDEX_ENTITY_PRESENT_IMAGE_ABSENT,card_image_absent,,,,,,,,A0_NOT_APPLICABLE,ASSET_NOT_APPLICABLE,,
sve-024,sve,Scarlet & Violet Energy,024,Metal Energy,T2_TCGDEX_ENTITY_PRESENT_IMAGE_ABSENT,card_image_absent,,,,,,,,A0_NOT_APPLICABLE,ASSET_NOT_APPLICABLE,,
svp-085,svp,SVP Black Star Promos,085,Pikachu with Grey Felt Hat,T2_TCGDEX_ENTITY_PRESENT_IMAGE_ABSENT,brief_image_absent_field_projected,,,,,,,,A0_NOT_APPLICABLE,ASSET_NOT_APPLICABLE,,
svp-102,svp,SVP Black Star Promos,102,Oddish,T2_TCGDEX_ENTITY_PRESENT_IMAGE_ABSENT,brief_image_absent_field_projected,,,,,,,,A0_NOT_APPLICABLE,ASSET_NOT_APPLICABLE,,
svp-175,svp,SVP Black Star Promos,175,Espeon ex,T2_TCGDEX_ENTITY_PRESENT_IMAGE_ABSENT,brief_image_absent_field_projected,,,,,,,,A0_NOT_APPLICABLE,ASSET_NOT_APPLICABLE,,
svp-176,svp,SVP Black Star Promos,176,Umbreon ex,T2_TCGDEX_ENTITY_PRESENT_IMAGE_ABSENT,brief_image_absent_field_projected,,,,,,,,A0_NOT_APPLICABLE,ASSET_NOT_APPLICABLE,,
svp-190,svp,SVP Black Star Promos,190,Pikachu,T2_TCGDEX_ENTITY_PRESENT_IMAGE_ABSENT,brief_image_absent_field_projected,,,,,,,,A0_NOT_APPLICABLE,ASSET_NOT_APPLICABLE,,
svp-191,svp,SVP Black Star Promos,191,Sprigatito,T2_TCGDEX_ENTITY_PRESENT_IMAGE_ABSENT,brief_image_absent_field_projected,,,,,,,,A0_NOT_APPLICABLE,ASSET_NOT_APPLICABLE,,
svp-192,svp,SVP Black Star Promos,192,Fuecoco,T2_TCGDEX_ENTITY_PRESENT_IMAGE_ABSENT,brief_image_absent_field_projected,,,,,,,,A0_NOT_APPLICABLE,ASSET_NOT_APPLICABLE,,
svp-196,svp,SVP Black Star Promos,196,Charizard ex,T2_TCGDEX_ENTITY_PRESENT_IMAGE_ABSENT,brief_image_absent_field_projected,,,,,,,,A0_NOT_APPLICABLE,ASSET_NOT_APPLICABLE,,
svp-199,svp,SVP Black Star Promos,199,Zarude,T2_TCGDEX_ENTITY_PRESENT_IMAGE_ABSENT,brief_image_absent_field_projected,,,,,,,,A0_NOT_APPLICABLE,ASSET_NOT_APPLICABLE,,
svp-200,svp,SVP Black Star Promos,200,Eevee,T2_TCGDEX_ENTITY_PRESENT_IMAGE_ABSENT,brief_image_absent_field_projected,,,,,,,,A0_NOT_APPLICABLE,ASSET_NOT_APPLICABLE,,
svp-201,svp,SVP Black Star Promos,201,Zebstrika,T2_TCGDEX_ENTITY_PRESENT_IMAGE_ABSENT,brief_image_absent_field_projected,,,,,,,,A0_NOT_APPLICABLE,ASSET_NOT_APPLICABLE,,
svp-202,svp,SVP Black Star Promos,202,Kangaskhan,T2_TCGDEX_ENTITY_PRESENT_IMAGE_ABSENT,brief_image_absent_field_projected,,,,,,,,A0_NOT_APPLICABLE,ASSET_NOT_APPLICABLE,,
svp-203,svp,SVP Black Star Promos,203,Team Rocket's Wobbuffet,T2_TCGDEX_ENTITY_PRESENT_IMAGE_ABSENT,brief_image_absent_field_projected,,,,,,,,A0_NOT_APPLICABLE,ASSET_NOT_APPLICABLE,,
svp-204,svp,SVP Black Star Promos,204,Cynthia's Garchomp ex,T2_TCGDEX_ENTITY_PRESENT_IMAGE_ABSENT,brief_image_absent_field_projected,,,,,,,,A0_NOT_APPLICABLE,ASSET_NOT_APPLICABLE,,
svp-205,svp,SVP Black Star Promos,205,Team Rocket's Mewtwo ex,T2_TCGDEX_ENTITY_PRESENT_IMAGE_ABSENT,brief_image_absent_field_projected,,,,,,,,A0_NOT_APPLICABLE,ASSET_NOT_APPLICABLE,,
svp-208,svp,SVP Black Star Promos,208,Victini,T2_TCGDEX_ENTITY_PRESENT_IMAGE_ABSENT,brief_image_absent_field_projected,,,,,,,,A0_NOT_APPLICABLE,ASSET_NOT_APPLICABLE,,
svp-209,svp,SVP Black Star Promos,209,Thundurus,T2_TCGDEX_ENTITY_PRESENT_IMAGE_ABSENT,brief_image_absent_field_projected,,,,,,,,A0_NOT_APPLICABLE,ASSET_NOT_APPLICABLE,,
svp-210,svp,SVP Black Star Promos,210,Tornadus,T2_TCGDEX_ENTITY_PRESENT_IMAGE_ABSENT,brief_image_absent_field_projected,,,,,,,,A0_NOT_APPLICABLE,ASSET_NOT_APPLICABLE,,
svp-211,svp,SVP Black Star Promos,211,Gothitelle,T2_TCGDEX_ENTITY_PRESENT_IMAGE_ABSENT,brief_image_absent_field_projected,,,,,,,,A0_NOT_APPLICABLE,ASSET_NOT_APPLICABLE,,
svp-212,svp,SVP Black Star Promos,212,Reuniclus,T2_TCGDEX_ENTITY_PRESENT_IMAGE_ABSENT,brief_image_absent_field_projected,,,,,,,,A0_NOT_APPLICABLE,ASSET_NOT_APPLICABLE,,
svp-213,svp,SVP Black Star Promos,213,Feraligatr,T2_TCGDEX_ENTITY_PRESENT_IMAGE_ABSENT,brief_image_absent_field_projected,,,,,,,,A0_NOT_APPLICABLE,ASSET_NOT_APPLICABLE,,
svp-214,svp,SVP Black Star Promos,214,Pikachu,T2_TCGDEX_ENTITY_PRESENT_IMAGE_ABSENT,brief_image_absent_field_projected,,,,,,,,A0_NOT_APPLICABLE,ASSET_NOT_APPLICABLE,,
svp-215,svp,SVP Black Star Promos,215,Toxtricity ex,T2_TCGDEX_ENTITY_PRESENT_IMAGE_ABSENT,brief_image_absent_field_projected,,,,,,,,A0_NOT_APPLICABLE,ASSET_NOT_APPLICABLE,,
svp-216,svp,SVP Black Star Promos,216,Team Rocket's Mewtwo ex,T2_TCGDEX_ENTITY_PRESENT_IMAGE_ABSENT,brief_image_absent_field_projected,,,,,,,,A0_NOT_APPLICABLE,ASSET_NOT_APPLICABLE,,
svp-217,svp,SVP Black Star Promos,217,Team Rocket's Nidoking ex,T2_TCGDEX_ENTITY_PRESENT_IMAGE_ABSENT,brief_image_absent_field_projected,,,,,,,,A0_NOT_APPLICABLE,ASSET_NOT_APPLICABLE,,
svp-218,svp,SVP Black Star Promos,218,Team Rocket's Persian ex,T2_TCGDEX_ENTITY_PRESENT_IMAGE_ABSENT,brief_image_absent_field_projected,,,,,,,,A0_NOT_APPLICABLE,ASSET_NOT_APPLICABLE,,
svp-219,svp,SVP Black Star Promos,219,Black Belt's Training,T2_TCGDEX_ENTITY_PRESENT_IMAGE_ABSENT,brief_image_absent_field_projected,,,,,,,,A0_NOT_APPLICABLE,ASSET_NOT_APPLICABLE,,
svp-220,svp,SVP Black Star Promos,220,Black Belt's Training,T2_TCGDEX_ENTITY_PRESENT_IMAGE_ABSENT,brief_image_absent_field_projected,,,,,,,,A0_NOT_APPLICABLE,ASSET_NOT_APPLICABLE,,
svp-221,svp,SVP Black Star Promos,221,Professor's Research,T2_TCGDEX_ENTITY_PRESENT_IMAGE_ABSENT,brief_image_absent_field_projected,,,,,,,,A0_NOT_APPLICABLE,ASSET_NOT_APPLICABLE,,
svp-222,svp,SVP Black Star Promos,222,Professor's Research,T2_TCGDEX_ENTITY_PRESENT_IMAGE_ABSENT,brief_image_absent_field_projected,,,,,,,,A0_NOT_APPLICABLE,ASSET_NOT_APPLICABLE,,
svp-223,svp,SVP Black Star Promos,223,Professor's Research,T2_TCGDEX_ENTITY_PRESENT_IMAGE_ABSENT,brief_image_absent_field_projected,,,,,,,,A0_NOT_APPLICABLE,ASSET_NOT_APPLICABLE,,
svp-224,svp,SVP Black Star Promos,224,Paradise Resort,T2_TCGDEX_ENTITY_PRESENT_IMAGE_ABSENT,brief_image_absent_field_projected,,,,,,,,A0_NOT_APPLICABLE,ASSET_NOT_APPLICABLE,,
svp-225,svp,SVP Black Star Promos,225,Pikachu,T2_TCGDEX_ENTITY_PRESENT_IMAGE_ABSENT,brief_image_absent_field_projected,,,,,,,,A0_NOT_APPLICABLE,ASSET_NOT_APPLICABLE,,
svp-500,svp,SVP Black Star Promos,500,Terapagos & Friends,T2_TCGDEX_ENTITY_PRESENT_IMAGE_ABSENT,brief_image_absent_field_projected,,,,,,,,A0_NOT_APPLICABLE,ASSET_NOT_APPLICABLE,,
swsh10.5tg-TG01,swsh10.5tg,Astral Radiance Trainer Gallery,TG01,Abomasnow,T3_TCGDEX_ENTITY_ABSENT,set_namespace_absent,,,,,,,,A0_NOT_APPLICABLE,ASSET_NOT_APPLICABLE,,
swsh10.5tg-TG02,swsh10.5tg,Astral Radiance Trainer Gallery,TG02,Flapple,T3_TCGDEX_ENTITY_ABSENT,set_namespace_absent,,,,,,,,A0_NOT_APPLICABLE,ASSET_NOT_APPLICABLE,,
swsh10.5tg-TG03,swsh10.5tg,Astral Radiance Trainer Gallery,TG03,Kingdra,T3_TCGDEX_ENTITY_ABSENT,set_namespace_absent,,,,,,,,A0_NOT_APPLICABLE,ASSET_NOT_APPLICABLE,,
swsh10.5tg-TG04,swsh10.5tg,Astral Radiance Trainer Gallery,TG04,Frosmoth,T3_TCGDEX_ENTITY_ABSENT,set_namespace_absent,,,,,,,,A0_NOT_APPLICABLE,ASSET_NOT_APPLICABLE,,
swsh10.5tg-TG05,swsh10.5tg,Astral Radiance Trainer Gallery,TG05,Gardevoir,T3_TCGDEX_ENTITY_ABSENT,set_namespace_absent,,,,,,,,A0_NOT_APPLICABLE,ASSET_NOT_APPLICABLE,,
swsh10.5tg-TG06,swsh10.5tg,Astral Radiance Trainer Gallery,TG06,Wyrdeer,T3_TCGDEX_ENTITY_ABSENT,set_namespace_absent,,,,,,,,A0_NOT_APPLICABLE,ASSET_NOT_APPLICABLE,,
swsh10.5tg-TG07,swsh10.5tg,Astral Radiance Trainer Gallery,TG07,Falinks,T3_TCGDEX_ENTITY_ABSENT,set_namespace_absent,,,,,,,,A0_NOT_APPLICABLE,ASSET_NOT_APPLICABLE,,
swsh10.5tg-TG08,swsh10.5tg,Astral Radiance Trainer Gallery,TG08,Kleavor,T3_TCGDEX_ENTITY_ABSENT,set_namespace_absent,,,,,,,,A0_NOT_APPLICABLE,ASSET_NOT_APPLICABLE,,
swsh10.5tg-TG09,swsh10.5tg,Astral Radiance Trainer Gallery,TG09,Mightyena,T3_TCGDEX_ENTITY_ABSENT,set_namespace_absent,,,,,,,,A0_NOT_APPLICABLE,ASSET_NOT_APPLICABLE,,
swsh10.5tg-TG10,swsh10.5tg,Astral Radiance Trainer Gallery,TG10,Galarian Obstagoon,T3_TCGDEX_ENTITY_ABSENT,set_namespace_absent,,,,,,,,A0_NOT_APPLICABLE,ASSET_NOT_APPLICABLE,,
swsh10.5tg-TG11,swsh10.5tg,Astral Radiance Trainer Gallery,TG11,Bronzong,T3_TCGDEX_ENTITY_ABSENT,set_namespace_absent,,,,,,,,A0_NOT_APPLICABLE,ASSET_NOT_APPLICABLE,,
swsh10.5tg-TG12,swsh10.5tg,Astral Radiance Trainer Gallery,TG12,Hoothoot,T3_TCGDEX_ENTITY_ABSENT,set_namespace_absent,,,,,,,,A0_NOT_APPLICABLE,ASSET_NOT_APPLICABLE,,
swsh10.5tg-TG13,swsh10.5tg,Astral Radiance Trainer Gallery,TG13,Starmie V,T3_TCGDEX_ENTITY_ABSENT,set_namespace_absent,,,,,,,,A0_NOT_APPLICABLE,ASSET_NOT_APPLICABLE,,
swsh10.5tg-TG14,swsh10.5tg,Astral Radiance Trainer Gallery,TG14,Ice Rider Calyrex V,T3_TCGDEX_ENTITY_ABSENT,set_namespace_absent,,,,,,,,A0_NOT_APPLICABLE,ASSET_NOT_APPLICABLE,,
swsh10.5tg-TG15,swsh10.5tg,Astral Radiance Trainer Gallery,TG15,Ice Rider Calyrex VMAX,T3_TCGDEX_ENTITY_ABSENT,set_namespace_absent,,,,,,,,A0_NOT_APPLICABLE,ASSET_NOT_APPLICABLE,,
swsh10.5tg-TG16,swsh10.5tg,Astral Radiance Trainer Gallery,TG16,Galarian Articuno V,T3_TCGDEX_ENTITY_ABSENT,set_namespace_absent,,,,,,,,A0_NOT_APPLICABLE,ASSET_NOT_APPLICABLE,,
swsh10.5tg-TG17,swsh10.5tg,Astral Radiance Trainer Gallery,TG17,Shadow Rider Calyrex V,T3_TCGDEX_ENTITY_ABSENT,set_namespace_absent,,,,,,,,A0_NOT_APPLICABLE,ASSET_NOT_APPLICABLE,,
swsh10.5tg-TG18,swsh10.5tg,Astral Radiance Trainer Gallery,TG18,Shadow Rider Calyrex VMAX,T3_TCGDEX_ENTITY_ABSENT,set_namespace_absent,,,,,,,,A0_NOT_APPLICABLE,ASSET_NOT_APPLICABLE,,
swsh10.5tg-TG19,swsh10.5tg,Astral Radiance Trainer Gallery,TG19,Galarian Zapdos V,T3_TCGDEX_ENTITY_ABSENT,set_namespace_absent,,,,,,,,A0_NOT_APPLICABLE,ASSET_NOT_APPLICABLE,,
swsh10.5tg-TG20,swsh10.5tg,Astral Radiance Trainer Gallery,TG20,Galarian Moltres V,T3_TCGDEX_ENTITY_ABSENT,set_namespace_absent,,,,,,,,A0_NOT_APPLICABLE,ASSET_NOT_APPLICABLE,,
swsh10.5tg-TG21,swsh10.5tg,Astral Radiance Trainer Gallery,TG21,Zacian V,T3_TCGDEX_ENTITY_ABSENT,set_namespace_absent,,,,,,,,A0_NOT_APPLICABLE,ASSET_NOT_APPLICABLE,,
swsh10.5tg-TG22,swsh10.5tg,Astral Radiance Trainer Gallery,TG22,Zamazenta V,T3_TCGDEX_ENTITY_ABSENT,set_namespace_absent,,,,,,,,A0_NOT_APPLICABLE,ASSET_NOT_APPLICABLE,,
swsh10.5tg-TG23,swsh10.5tg,Astral Radiance Trainer Gallery,TG23,Garchomp V,T3_TCGDEX_ENTITY_ABSENT,set_namespace_absent,,,,,,,,A0_NOT_APPLICABLE,ASSET_NOT_APPLICABLE,,
swsh10.5tg-TG24,swsh10.5tg,Astral Radiance Trainer Gallery,TG24,Allister,T3_TCGDEX_ENTITY_ABSENT,set_namespace_absent,,,,,,,,A0_NOT_APPLICABLE,ASSET_NOT_APPLICABLE,,
swsh10.5tg-TG25,swsh10.5tg,Astral Radiance Trainer Gallery,TG25,Bea,T3_TCGDEX_ENTITY_ABSENT,set_namespace_absent,,,,,,,,A0_NOT_APPLICABLE,ASSET_NOT_APPLICABLE,,
swsh10.5tg-TG26,swsh10.5tg,Astral Radiance Trainer Gallery,TG26,Melony,T3_TCGDEX_ENTITY_ABSENT,set_namespace_absent,,,,,,,,A0_NOT_APPLICABLE,ASSET_NOT_APPLICABLE,,
swsh10.5tg-TG27,swsh10.5tg,Astral Radiance Trainer Gallery,TG27,Milo,T3_TCGDEX_ENTITY_ABSENT,set_namespace_absent,,,,,,,,A0_NOT_APPLICABLE,ASSET_NOT_APPLICABLE,,
swsh10.5tg-TG28,swsh10.5tg,Astral Radiance Trainer Gallery,TG28,Piers,T3_TCGDEX_ENTITY_ABSENT,set_namespace_absent,,,,,,,,A0_NOT_APPLICABLE,ASSET_NOT_APPLICABLE,,
swsh10.5tg-TG29,swsh10.5tg,Astral Radiance Trainer Gallery,TG29,Ice Rider Calyrex VMAX,T3_TCGDEX_ENTITY_ABSENT,set_namespace_absent,,,,,,,,A0_NOT_APPLICABLE,ASSET_NOT_APPLICABLE,,
swsh10.5tg-TG30,swsh10.5tg,Astral Radiance Trainer Gallery,TG30,Shadow Rider Calyrex VMAX,T3_TCGDEX_ENTITY_ABSENT,set_namespace_absent,,,,,,,,A0_NOT_APPLICABLE,ASSET_NOT_APPLICABLE,,
swsh11.5tg-TG01,swsh11.5tg,Lost Origin Trainer Gallery,TG01,Parasect,T3_TCGDEX_ENTITY_ABSENT,set_namespace_absent,,,,,,,,A0_NOT_APPLICABLE,ASSET_NOT_APPLICABLE,,
swsh11.5tg-TG02,swsh11.5tg,Lost Origin Trainer Gallery,TG02,Roserade,T3_TCGDEX_ENTITY_ABSENT,set_namespace_absent,,,,,,,,A0_NOT_APPLICABLE,ASSET_NOT_APPLICABLE,,
swsh11.5tg-TG03,swsh11.5tg,Lost Origin Trainer Gallery,TG03,Charizard,T3_TCGDEX_ENTITY_ABSENT,set_namespace_absent,,,,,,,,A0_NOT_APPLICABLE,ASSET_NOT_APPLICABLE,,
swsh11.5tg-TG04,swsh11.5tg,Lost Origin Trainer Gallery,TG04,Chandelure,T3_TCGDEX_ENTITY_ABSENT,set_namespace_absent,,,,,,,,A0_NOT_APPLICABLE,ASSET_NOT_APPLICABLE,,
swsh11.5tg-TG05,swsh11.5tg,Lost Origin Trainer Gallery,TG05,Pikachu,T3_TCGDEX_ENTITY_ABSENT,set_namespace_absent,,,,,,,,A0_NOT_APPLICABLE,ASSET_NOT_APPLICABLE,,
swsh11.5tg-TG06,swsh11.5tg,Lost Origin Trainer Gallery,TG06,Gengar,T3_TCGDEX_ENTITY_ABSENT,set_namespace_absent,,,,,,,,A0_NOT_APPLICABLE,ASSET_NOT_APPLICABLE,,
swsh11.5tg-TG07,swsh11.5tg,Lost Origin Trainer Gallery,TG07,Banette,T3_TCGDEX_ENTITY_ABSENT,set_namespace_absent,,,,,,,,A0_NOT_APPLICABLE,ASSET_NOT_APPLICABLE,,
swsh11.5tg-TG08,swsh11.5tg,Lost Origin Trainer Gallery,TG08,Hisuian Arcanine,T3_TCGDEX_ENTITY_ABSENT,set_namespace_absent,,,,,,,,A0_NOT_APPLICABLE,ASSET_NOT_APPLICABLE,,
swsh11.5tg-TG09,swsh11.5tg,Lost Origin Trainer Gallery,TG09,Spiritomb,T3_TCGDEX_ENTITY_ABSENT,set_namespace_absent,,,,,,,,A0_NOT_APPLICABLE,ASSET_NOT_APPLICABLE,,
swsh11.5tg-TG10,swsh11.5tg,Lost Origin Trainer Gallery,TG10,Snorlax,T3_TCGDEX_ENTITY_ABSENT,set_namespace_absent,,,,,,,,A0_NOT_APPLICABLE,ASSET_NOT_APPLICABLE,,
swsh11.5tg-TG11,swsh11.5tg,Lost Origin Trainer Gallery,TG11,Castform,T3_TCGDEX_ENTITY_ABSENT,set_namespace_absent,,,,,,,,A0_NOT_APPLICABLE,ASSET_NOT_APPLICABLE,,
swsh11.5tg-TG12,swsh11.5tg,Lost Origin Trainer Gallery,TG12,Orbeetle V,T3_TCGDEX_ENTITY_ABSENT,set_namespace_absent,,,,,,,,A0_NOT_APPLICABLE,ASSET_NOT_APPLICABLE,,
swsh11.5tg-TG13,swsh11.5tg,Lost Origin Trainer Gallery,TG13,Orbeetle VMAX,T3_TCGDEX_ENTITY_ABSENT,set_namespace_absent,,,,,,,,A0_NOT_APPLICABLE,ASSET_NOT_APPLICABLE,,
swsh11.5tg-TG14,swsh11.5tg,Lost Origin Trainer Gallery,TG14,Centiskorch V,T3_TCGDEX_ENTITY_ABSENT,set_namespace_absent,,,,,,,,A0_NOT_APPLICABLE,ASSET_NOT_APPLICABLE,,
swsh11.5tg-TG15,swsh11.5tg,Lost Origin Trainer Gallery,TG15,Centiskorch VMAX,T3_TCGDEX_ENTITY_ABSENT,set_namespace_absent,,,,,,,,A0_NOT_APPLICABLE,ASSET_NOT_APPLICABLE,,
swsh11.5tg-TG16,swsh11.5tg,Lost Origin Trainer Gallery,TG16,Pikachu V,T3_TCGDEX_ENTITY_ABSENT,set_namespace_absent,,,,,,,,A0_NOT_APPLICABLE,ASSET_NOT_APPLICABLE,,
swsh11.5tg-TG17,swsh11.5tg,Lost Origin Trainer Gallery,TG17,Pikachu VMAX,T3_TCGDEX_ENTITY_ABSENT,set_namespace_absent,,,,,,,,A0_NOT_APPLICABLE,ASSET_NOT_APPLICABLE,,
swsh11.5tg-TG18,swsh11.5tg,Lost Origin Trainer Gallery,TG18,Enamorus V,T3_TCGDEX_ENTITY_ABSENT,set_namespace_absent,,,,,,,,A0_NOT_APPLICABLE,ASSET_NOT_APPLICABLE,,
swsh11.5tg-TG19,swsh11.5tg,Lost Origin Trainer Gallery,TG19,Gallade V,T3_TCGDEX_ENTITY_ABSENT,set_namespace_absent,,,,,,,,A0_NOT_APPLICABLE,ASSET_NOT_APPLICABLE,,
swsh11.5tg-TG20,swsh11.5tg,Lost Origin Trainer Gallery,TG20,Crobat V,T3_TCGDEX_ENTITY_ABSENT,set_namespace_absent,,,,,,,,A0_NOT_APPLICABLE,ASSET_NOT_APPLICABLE,,
swsh11.5tg-TG21,swsh11.5tg,Lost Origin Trainer Gallery,TG21,Eternatus V,T3_TCGDEX_ENTITY_ABSENT,set_namespace_absent,,,,,,,,A0_NOT_APPLICABLE,ASSET_NOT_APPLICABLE,,
swsh11.5tg-TG22,swsh11.5tg,Lost Origin Trainer Gallery,TG22,Eternatus VMAX,T3_TCGDEX_ENTITY_ABSENT,set_namespace_absent,,,,,,,,A0_NOT_APPLICABLE,ASSET_NOT_APPLICABLE,,
swsh11.5tg-TG23,swsh11.5tg,Lost Origin Trainer Gallery,TG23,Adventurer's Discovery,T3_TCGDEX_ENTITY_ABSENT,set_namespace_absent,,,,,,,,A0_NOT_APPLICABLE,ASSET_NOT_APPLICABLE,,
swsh11.5tg-TG24,swsh11.5tg,Lost Origin Trainer Gallery,TG24,Boss's Orders,T3_TCGDEX_ENTITY_ABSENT,set_namespace_absent,,,,,,,,A0_NOT_APPLICABLE,ASSET_NOT_APPLICABLE,,
swsh11.5tg-TG25,swsh11.5tg,Lost Origin Trainer Gallery,TG25,Cook,T3_TCGDEX_ENTITY_ABSENT,set_namespace_absent,,,,,,,,A0_NOT_APPLICABLE,ASSET_NOT_APPLICABLE,,
swsh11.5tg-TG26,swsh11.5tg,Lost Origin Trainer Gallery,TG26,Kabu,T3_TCGDEX_ENTITY_ABSENT,set_namespace_absent,,,,,,,,A0_NOT_APPLICABLE,ASSET_NOT_APPLICABLE,,
swsh11.5tg-TG27,swsh11.5tg,Lost Origin Trainer Gallery,TG27,Nessa,T3_TCGDEX_ENTITY_ABSENT,set_namespace_absent,,,,,,,,A0_NOT_APPLICABLE,ASSET_NOT_APPLICABLE,,
swsh11.5tg-TG28,swsh11.5tg,Lost Origin Trainer Gallery,TG28,Opal,T3_TCGDEX_ENTITY_ABSENT,set_namespace_absent,,,,,,,,A0_NOT_APPLICABLE,ASSET_NOT_APPLICABLE,,
swsh11.5tg-TG29,swsh11.5tg,Lost Origin Trainer Gallery,TG29,Pikachu VMAX,T3_TCGDEX_ENTITY_ABSENT,set_namespace_absent,,,,,,,,A0_NOT_APPLICABLE,ASSET_NOT_APPLICABLE,,
swsh11.5tg-TG30,swsh11.5tg,Lost Origin Trainer Gallery,TG30,Mew VMAX,T3_TCGDEX_ENTITY_ABSENT,set_namespace_absent,,,,,,,,A0_NOT_APPLICABLE,ASSET_NOT_APPLICABLE,,
swsh12.5gg-GG01,swsh12.5gg,Crown Zenith Galarian Gallery,GG01,Hisuian Voltorb,T2_TCGDEX_ENTITY_PRESENT_IMAGE_ABSENT,card_image_absent,,,,,,,,A2_ALIAS_IMAGE_CANONICAL_MISSING,ASSET_LIVE,,
swsh12.5gg-GG02,swsh12.5gg,Crown Zenith Galarian Gallery,GG02,Kricketune,T2_TCGDEX_ENTITY_PRESENT_IMAGE_ABSENT,card_image_absent,,,,,,,,A2_ALIAS_IMAGE_CANONICAL_MISSING,ASSET_LIVE,,
swsh12.5gg-GG03,swsh12.5gg,Crown Zenith Galarian Gallery,GG03,Magmortar,T2_TCGDEX_ENTITY_PRESENT_IMAGE_ABSENT,card_image_absent,,,,,,,,A2_ALIAS_IMAGE_CANONICAL_MISSING,ASSET_LIVE,,
swsh12.5gg-GG04,swsh12.5gg,Crown Zenith Galarian Gallery,GG04,Oricorio,T2_TCGDEX_ENTITY_PRESENT_IMAGE_ABSENT,card_image_absent,,,,,,,,A2_ALIAS_IMAGE_CANONICAL_MISSING,ASSET_LIVE,,
swsh12.5gg-GG05,swsh12.5gg,Crown Zenith Galarian Gallery,GG05,Lapras,T2_TCGDEX_ENTITY_PRESENT_IMAGE_ABSENT,card_image_absent,,,,,,,,A2_ALIAS_IMAGE_CANONICAL_MISSING,ASSET_LIVE,,
swsh12.5gg-GG06,swsh12.5gg,Crown Zenith Galarian Gallery,GG06,Manaphy,T2_TCGDEX_ENTITY_PRESENT_IMAGE_ABSENT,card_image_absent,,,,,,,,A2_ALIAS_IMAGE_CANONICAL_MISSING,ASSET_LIVE,,
swsh12.5gg-GG07,swsh12.5gg,Crown Zenith Galarian Gallery,GG07,Keldeo,T2_TCGDEX_ENTITY_PRESENT_IMAGE_ABSENT,card_image_absent,,,,,,,,A2_ALIAS_IMAGE_CANONICAL_MISSING,ASSET_LIVE,,
swsh12.5gg-GG08,swsh12.5gg,Crown Zenith Galarian Gallery,GG08,Electivire,T2_TCGDEX_ENTITY_PRESENT_IMAGE_ABSENT,card_image_absent,,,,,,,,A2_ALIAS_IMAGE_CANONICAL_MISSING,ASSET_LIVE,,
swsh12.5gg-GG09,swsh12.5gg,Crown Zenith Galarian Gallery,GG09,Toxtricity,T2_TCGDEX_ENTITY_PRESENT_IMAGE_ABSENT,card_image_absent,,,,,,,,A2_ALIAS_IMAGE_CANONICAL_MISSING,ASSET_LIVE,,
swsh12.5gg-GG10,swsh12.5gg,Crown Zenith Galarian Gallery,GG10,Mew,T2_TCGDEX_ENTITY_PRESENT_IMAGE_ABSENT,card_image_absent,,,,,,,,A2_ALIAS_IMAGE_CANONICAL_MISSING,ASSET_LIVE,,
swsh12.5gg-GG11,swsh12.5gg,Crown Zenith Galarian Gallery,GG11,Lunatone,T2_TCGDEX_ENTITY_PRESENT_IMAGE_ABSENT,card_image_absent,,,,,,,,A2_ALIAS_IMAGE_CANONICAL_MISSING,ASSET_LIVE,,
swsh12.5gg-GG12,swsh12.5gg,Crown Zenith Galarian Gallery,GG12,Deoxys,T2_TCGDEX_ENTITY_PRESENT_IMAGE_ABSENT,card_image_absent,,,,,,,,A2_ALIAS_IMAGE_CANONICAL_MISSING,ASSET_LIVE,,
swsh12.5gg-GG13,swsh12.5gg,Crown Zenith Galarian Gallery,GG13,Diancie,T2_TCGDEX_ENTITY_PRESENT_IMAGE_ABSENT,card_image_absent,,,,,,,,A2_ALIAS_IMAGE_CANONICAL_MISSING,ASSET_LIVE,,
swsh12.5gg-GG14,swsh12.5gg,Crown Zenith Galarian Gallery,GG14,Comfey,T2_TCGDEX_ENTITY_PRESENT_IMAGE_ABSENT,card_image_absent,,,,,,,,A2_ALIAS_IMAGE_CANONICAL_MISSING,ASSET_LIVE,,
swsh12.5gg-GG15,swsh12.5gg,Crown Zenith Galarian Gallery,GG15,Solrock,T2_TCGDEX_ENTITY_PRESENT_IMAGE_ABSENT,card_image_absent,,,,,,,,A2_ALIAS_IMAGE_CANONICAL_MISSING,ASSET_LIVE,,
swsh12.5gg-GG16,swsh12.5gg,Crown Zenith Galarian Gallery,GG16,Absol,T2_TCGDEX_ENTITY_PRESENT_IMAGE_ABSENT,card_image_absent,,,,,,,,A2_ALIAS_IMAGE_CANONICAL_MISSING,ASSET_LIVE,,
swsh12.5gg-GG17,swsh12.5gg,Crown Zenith Galarian Gallery,GG17,Thievul,T2_TCGDEX_ENTITY_PRESENT_IMAGE_ABSENT,card_image_absent,,,,,,,,A2_ALIAS_IMAGE_CANONICAL_MISSING,ASSET_LIVE,,
swsh12.5gg-GG18,swsh12.5gg,Crown Zenith Galarian Gallery,GG18,Magnezone,T2_TCGDEX_ENTITY_PRESENT_IMAGE_ABSENT,card_image_absent,,,,,,,,A2_ALIAS_IMAGE_CANONICAL_MISSING,ASSET_LIVE,,
swsh12.5gg-GG19,swsh12.5gg,Crown Zenith Galarian Gallery,GG19,Altaria,T2_TCGDEX_ENTITY_PRESENT_IMAGE_ABSENT,card_image_absent,,,,,,,,A2_ALIAS_IMAGE_CANONICAL_MISSING,ASSET_LIVE,,
swsh12.5gg-GG20,swsh12.5gg,Crown Zenith Galarian Gallery,GG20,Latias,T2_TCGDEX_ENTITY_PRESENT_IMAGE_ABSENT,card_image_absent,,,,,,,,A2_ALIAS_IMAGE_CANONICAL_MISSING,ASSET_LIVE,,
swsh12.5gg-GG21,swsh12.5gg,Crown Zenith Galarian Gallery,GG21,Hisuian Goodra,T2_TCGDEX_ENTITY_PRESENT_IMAGE_ABSENT,card_image_absent,,,,,,,,A2_ALIAS_IMAGE_CANONICAL_MISSING,ASSET_LIVE,,
swsh12.5gg-GG22,swsh12.5gg,Crown Zenith Galarian Gallery,GG22,Ditto,T2_TCGDEX_ENTITY_PRESENT_IMAGE_ABSENT,card_image_absent,,,,,,,,A2_ALIAS_IMAGE_CANONICAL_MISSING,ASSET_LIVE,,
swsh12.5gg-GG23,swsh12.5gg,Crown Zenith Galarian Gallery,GG23,Dunsparce,T2_TCGDEX_ENTITY_PRESENT_IMAGE_ABSENT,card_image_absent,,,,,,,,A2_ALIAS_IMAGE_CANONICAL_MISSING,ASSET_LIVE,,
swsh12.5gg-GG24,swsh12.5gg,Crown Zenith Galarian Gallery,GG24,Miltank,T2_TCGDEX_ENTITY_PRESENT_IMAGE_ABSENT,card_image_absent,,,,,,,,A2_ALIAS_IMAGE_CANONICAL_MISSING,ASSET_LIVE,,
swsh12.5gg-GG25,swsh12.5gg,Crown Zenith Galarian Gallery,GG25,Bibarel,T2_TCGDEX_ENTITY_PRESENT_IMAGE_ABSENT,card_image_absent,,,,,,,,A2_ALIAS_IMAGE_CANONICAL_MISSING,ASSET_LIVE,,
swsh12.5gg-GG26,swsh12.5gg,Crown Zenith Galarian Gallery,GG26,Riolu,T2_TCGDEX_ENTITY_PRESENT_IMAGE_ABSENT,card_image_absent,,,,,,,,A2_ALIAS_IMAGE_CANONICAL_MISSING,ASSET_LIVE,,
swsh12.5gg-GG27,swsh12.5gg,Crown Zenith Galarian Gallery,GG27,Swablu,T2_TCGDEX_ENTITY_PRESENT_IMAGE_ABSENT,card_image_absent,,,,,,,,A2_ALIAS_IMAGE_CANONICAL_MISSING,ASSET_LIVE,,
swsh12.5gg-GG28,swsh12.5gg,Crown Zenith Galarian Gallery,GG28,Duskull,T2_TCGDEX_ENTITY_PRESENT_IMAGE_ABSENT,card_image_absent,,,,,,,,A2_ALIAS_IMAGE_CANONICAL_MISSING,ASSET_LIVE,,
swsh12.5gg-GG29,swsh12.5gg,Crown Zenith Galarian Gallery,GG29,Bidoof,T2_TCGDEX_ENTITY_PRESENT_IMAGE_ABSENT,card_image_absent,,,,,,,,A2_ALIAS_IMAGE_CANONICAL_MISSING,ASSET_LIVE,,
swsh12.5gg-GG30,swsh12.5gg,Crown Zenith Galarian Gallery,GG30,Pikachu,T2_TCGDEX_ENTITY_PRESENT_IMAGE_ABSENT,card_image_absent,,,,,,,,A2_ALIAS_IMAGE_CANONICAL_MISSING,ASSET_LIVE,,
swsh12.5gg-GG31,swsh12.5gg,Crown Zenith Galarian Gallery,GG31,Turtwig,T2_TCGDEX_ENTITY_PRESENT_IMAGE_ABSENT,card_image_absent,,,,,,,,A2_ALIAS_IMAGE_CANONICAL_MISSING,ASSET_LIVE,,
swsh12.5gg-GG32,swsh12.5gg,Crown Zenith Galarian Gallery,GG32,Paras,T2_TCGDEX_ENTITY_PRESENT_IMAGE_ABSENT,card_image_absent,,,,,,,,A2_ALIAS_IMAGE_CANONICAL_MISSING,ASSET_LIVE,,
swsh12.5gg-GG33,swsh12.5gg,Crown Zenith Galarian Gallery,GG33,Poochyena,T2_TCGDEX_ENTITY_PRESENT_IMAGE_ABSENT,card_image_absent,,,,,,,,A2_ALIAS_IMAGE_CANONICAL_MISSING,ASSET_LIVE,,
swsh12.5gg-GG34,swsh12.5gg,Crown Zenith Galarian Gallery,GG34,Mareep,T2_TCGDEX_ENTITY_PRESENT_IMAGE_ABSENT,card_image_absent,,,,,,,,A2_ALIAS_IMAGE_CANONICAL_MISSING,ASSET_LIVE,,
swsh12.5gg-GG35,swsh12.5gg,Crown Zenith Galarian Gallery,GG35,Leafeon VSTAR,T2_TCGDEX_ENTITY_PRESENT_IMAGE_ABSENT,card_image_absent,,,,,,,,A2_ALIAS_IMAGE_CANONICAL_MISSING,ASSET_LIVE,,
swsh12.5gg-GG36,swsh12.5gg,Crown Zenith Galarian Gallery,GG36,Entei V,T2_TCGDEX_ENTITY_PRESENT_IMAGE_ABSENT,card_image_absent,,,,,,,,A2_ALIAS_IMAGE_CANONICAL_MISSING,ASSET_LIVE,,
swsh12.5gg-GG37,swsh12.5gg,Crown Zenith Galarian Gallery,GG37,Simisear VSTAR,T2_TCGDEX_ENTITY_PRESENT_IMAGE_ABSENT,card_image_absent,,,,,,,,A2_ALIAS_IMAGE_CANONICAL_MISSING,ASSET_LIVE,,
swsh12.5gg-GG38,swsh12.5gg,Crown Zenith Galarian Gallery,GG38,Suicune V,T2_TCGDEX_ENTITY_PRESENT_IMAGE_ABSENT,card_image_absent,,,,,,,,A2_ALIAS_IMAGE_CANONICAL_MISSING,ASSET_LIVE,,
swsh12.5gg-GG39,swsh12.5gg,Crown Zenith Galarian Gallery,GG39,Lumineon V,T2_TCGDEX_ENTITY_PRESENT_IMAGE_ABSENT,card_image_absent,,,,,,,,A2_ALIAS_IMAGE_CANONICAL_MISSING,ASSET_LIVE,,
swsh12.5gg-GG40,swsh12.5gg,Crown Zenith Galarian Gallery,GG40,Glaceon VSTAR,T2_TCGDEX_ENTITY_PRESENT_IMAGE_ABSENT,card_image_absent,,,,,,,,A2_ALIAS_IMAGE_CANONICAL_MISSING,ASSET_LIVE,,
swsh12.5gg-GG41,swsh12.5gg,Crown Zenith Galarian Gallery,GG41,Raikou V,T2_TCGDEX_ENTITY_PRESENT_IMAGE_ABSENT,card_image_absent,,,,,,,,A2_ALIAS_IMAGE_CANONICAL_MISSING,ASSET_LIVE,,
swsh12.5gg-GG42,swsh12.5gg,Crown Zenith Galarian Gallery,GG42,Zeraora VMAX,T2_TCGDEX_ENTITY_PRESENT_IMAGE_ABSENT,card_image_absent,,,,,,,,A2_ALIAS_IMAGE_CANONICAL_MISSING,ASSET_LIVE,,
swsh12.5gg-GG43,swsh12.5gg,Crown Zenith Galarian Gallery,GG43,Zeraora VSTAR,T2_TCGDEX_ENTITY_PRESENT_IMAGE_ABSENT,card_image_absent,,,,,,,,A2_ALIAS_IMAGE_CANONICAL_MISSING,ASSET_LIVE,,
swsh12.5gg-GG44,swsh12.5gg,Crown Zenith Galarian Gallery,GG44,Mewtwo VSTAR,T2_TCGDEX_ENTITY_PRESENT_IMAGE_ABSENT,card_image_absent,,,,,,,,A2_ALIAS_IMAGE_CANONICAL_MISSING,ASSET_LIVE,,
swsh12.5gg-GG45,swsh12.5gg,Crown Zenith Galarian Gallery,GG45,Deoxys VMAX,T2_TCGDEX_ENTITY_PRESENT_IMAGE_ABSENT,card_image_absent,,,,,,,,A2_ALIAS_IMAGE_CANONICAL_MISSING,ASSET_LIVE,,
swsh12.5gg-GG46,swsh12.5gg,Crown Zenith Galarian Gallery,GG46,Deoxys VSTAR,T2_TCGDEX_ENTITY_PRESENT_IMAGE_ABSENT,card_image_absent,,,,,,,,A2_ALIAS_IMAGE_CANONICAL_MISSING,ASSET_LIVE,,
swsh12.5gg-GG47,swsh12.5gg,Crown Zenith Galarian Gallery,GG47,Hatterene VMAX,T2_TCGDEX_ENTITY_PRESENT_IMAGE_ABSENT,card_image_absent,,,,,,,,A2_ALIAS_IMAGE_CANONICAL_MISSING,ASSET_LIVE,,
swsh12.5gg-GG48,swsh12.5gg,Crown Zenith Galarian Gallery,GG48,Zacian V,T2_TCGDEX_ENTITY_PRESENT_IMAGE_ABSENT,card_image_absent,,,,,,,,A2_ALIAS_IMAGE_CANONICAL_MISSING,ASSET_LIVE,,
swsh12.5gg-GG49,swsh12.5gg,Crown Zenith Galarian Gallery,GG49,Drapion V,T2_TCGDEX_ENTITY_PRESENT_IMAGE_ABSENT,card_image_absent,,,,,,,,A2_ALIAS_IMAGE_CANONICAL_MISSING,ASSET_LIVE,,
swsh12.5gg-GG50,swsh12.5gg,Crown Zenith Galarian Gallery,GG50,Darkrai VSTAR,T2_TCGDEX_ENTITY_PRESENT_IMAGE_ABSENT,card_image_absent,,,,,,,,A2_ALIAS_IMAGE_CANONICAL_MISSING,ASSET_LIVE,,
swsh12.5gg-GG51,swsh12.5gg,Crown Zenith Galarian Gallery,GG51,Hisuian Samurott V,T2_TCGDEX_ENTITY_PRESENT_IMAGE_ABSENT,card_image_absent,,,,,,,,A2_ALIAS_IMAGE_CANONICAL_MISSING,ASSET_LIVE,,
swsh12.5gg-GG52,swsh12.5gg,Crown Zenith Galarian Gallery,GG52,Hisuian Samurott VSTAR,T2_TCGDEX_ENTITY_PRESENT_IMAGE_ABSENT,card_image_absent,,,,,,,,A2_ALIAS_IMAGE_CANONICAL_MISSING,ASSET_LIVE,,
swsh12.5gg-GG53,swsh12.5gg,Crown Zenith Galarian Gallery,GG53,Hoopa V,T2_TCGDEX_ENTITY_PRESENT_IMAGE_ABSENT,card_image_absent,,,,,,,,A2_ALIAS_IMAGE_CANONICAL_MISSING,ASSET_LIVE,,
swsh12.5gg-GG54,swsh12.5gg,Crown Zenith Galarian Gallery,GG54,Zamazenta V,T2_TCGDEX_ENTITY_PRESENT_IMAGE_ABSENT,card_image_absent,,,,,,,,A2_ALIAS_IMAGE_CANONICAL_MISSING,ASSET_LIVE,,
swsh12.5gg-GG55,swsh12.5gg,Crown Zenith Galarian Gallery,GG55,Regigigas VSTAR,T2_TCGDEX_ENTITY_PRESENT_IMAGE_ABSENT,card_image_absent,,,,,,,,A2_ALIAS_IMAGE_CANONICAL_MISSING,ASSET_LIVE,,
swsh12.5gg-GG56,swsh12.5gg,Crown Zenith Galarian Gallery,GG56,Hisuian Zoroark VSTAR,T2_TCGDEX_ENTITY_PRESENT_IMAGE_ABSENT,card_image_absent,,,,,,,,A2_ALIAS_IMAGE_CANONICAL_MISSING,ASSET_LIVE,,
swsh12.5gg-GG57,swsh12.5gg,Crown Zenith Galarian Gallery,GG57,Adaman,T2_TCGDEX_ENTITY_PRESENT_IMAGE_ABSENT,card_image_absent,,,,,,,,A2_ALIAS_IMAGE_CANONICAL_MISSING,ASSET_LIVE,,
swsh12.5gg-GG58,swsh12.5gg,Crown Zenith Galarian Gallery,GG58,Cheren's Care,T2_TCGDEX_ENTITY_PRESENT_IMAGE_ABSENT,card_image_absent,,,,,,,,A2_ALIAS_IMAGE_CANONICAL_MISSING,ASSET_LIVE,,
swsh12.5gg-GG59,swsh12.5gg,Crown Zenith Galarian Gallery,GG59,Colress's Experiment,T2_TCGDEX_ENTITY_PRESENT_IMAGE_ABSENT,card_image_absent,,,,,,,,A2_ALIAS_IMAGE_CANONICAL_MISSING,ASSET_LIVE,,
swsh12.5gg-GG60,swsh12.5gg,Crown Zenith Galarian Gallery,GG60,Cynthia's Ambition,T2_TCGDEX_ENTITY_PRESENT_IMAGE_ABSENT,card_image_absent,,,,,,,,A2_ALIAS_IMAGE_CANONICAL_MISSING,ASSET_LIVE,,
swsh12.5gg-GG61,swsh12.5gg,Crown Zenith Galarian Gallery,GG61,Gardenia's Vigor,T2_TCGDEX_ENTITY_PRESENT_IMAGE_ABSENT,card_image_absent,,,,,,,,A2_ALIAS_IMAGE_CANONICAL_MISSING,ASSET_LIVE,,
swsh12.5gg-GG62,swsh12.5gg,Crown Zenith Galarian Gallery,GG62,Grant,T2_TCGDEX_ENTITY_PRESENT_IMAGE_ABSENT,card_image_absent,,,,,,,,A2_ALIAS_IMAGE_CANONICAL_MISSING,ASSET_LIVE,,
swsh12.5gg-GG63,swsh12.5gg,Crown Zenith Galarian Gallery,GG63,Irida,T2_TCGDEX_ENTITY_PRESENT_IMAGE_ABSENT,card_image_absent,,,,,,,,A2_ALIAS_IMAGE_CANONICAL_MISSING,ASSET_LIVE,,
swsh12.5gg-GG64,swsh12.5gg,Crown Zenith Galarian Gallery,GG64,Melony,T2_TCGDEX_ENTITY_PRESENT_IMAGE_ABSENT,card_image_absent,,,,,,,,A2_ALIAS_IMAGE_CANONICAL_MISSING,ASSET_LIVE,,
swsh12.5gg-GG65,swsh12.5gg,Crown Zenith Galarian Gallery,GG65,Raihan,T2_TCGDEX_ENTITY_PRESENT_IMAGE_ABSENT,card_image_absent,,,,,,,,A2_ALIAS_IMAGE_CANONICAL_MISSING,ASSET_LIVE,,
swsh12.5gg-GG66,swsh12.5gg,Crown Zenith Galarian Gallery,GG66,Roxanne,T2_TCGDEX_ENTITY_PRESENT_IMAGE_ABSENT,card_image_absent,,,,,,,,A2_ALIAS_IMAGE_CANONICAL_MISSING,ASSET_LIVE,,
swsh12.5gg-GG67,swsh12.5gg,Crown Zenith Galarian Gallery,GG67,Origin Forme Palkia VSTAR,T2_TCGDEX_ENTITY_PRESENT_IMAGE_ABSENT,card_image_absent,,,,,,,,A2_ALIAS_IMAGE_CANONICAL_MISSING,ASSET_LIVE,,
swsh12.5gg-GG68,swsh12.5gg,Crown Zenith Galarian Gallery,GG68,Origin Forme Dialga VSTAR,T2_TCGDEX_ENTITY_PRESENT_IMAGE_ABSENT,card_image_absent,,,,,,,,A2_ALIAS_IMAGE_CANONICAL_MISSING,ASSET_LIVE,,
swsh12.5gg-GG69,swsh12.5gg,Crown Zenith Galarian Gallery,GG69,Giratina VSTAR,T2_TCGDEX_ENTITY_PRESENT_IMAGE_ABSENT,card_image_absent,,,,,,,,A2_ALIAS_IMAGE_CANONICAL_MISSING,ASSET_LIVE,,
swsh12.5gg-GG70,swsh12.5gg,Crown Zenith Galarian Gallery,GG70,Arceus VSTAR,T2_TCGDEX_ENTITY_PRESENT_IMAGE_ABSENT,card_image_absent,,,,,,,,A2_ALIAS_IMAGE_CANONICAL_MISSING,ASSET_LIVE,,
swsh12.5tg-TG01,swsh12.5tg,Silver Tempest Trainer Gallery,TG01,Braixen,T3_TCGDEX_ENTITY_ABSENT,set_namespace_absent,,,,,,,,A0_NOT_APPLICABLE,ASSET_NOT_APPLICABLE,,
swsh12.5tg-TG02,swsh12.5tg,Silver Tempest Trainer Gallery,TG02,Milotic,T3_TCGDEX_ENTITY_ABSENT,set_namespace_absent,,,,,,,,A0_NOT_APPLICABLE,ASSET_NOT_APPLICABLE,,
swsh12.5tg-TG03,swsh12.5tg,Silver Tempest Trainer Gallery,TG03,Flaaffy,T3_TCGDEX_ENTITY_ABSENT,set_namespace_absent,,,,,,,,A0_NOT_APPLICABLE,ASSET_NOT_APPLICABLE,,
swsh12.5tg-TG04,swsh12.5tg,Silver Tempest Trainer Gallery,TG04,Jynx,T3_TCGDEX_ENTITY_ABSENT,set_namespace_absent,,,,,,,,A0_NOT_APPLICABLE,ASSET_NOT_APPLICABLE,,
swsh12.5tg-TG05,swsh12.5tg,Silver Tempest Trainer Gallery,TG05,Gardevoir,T3_TCGDEX_ENTITY_ABSENT,set_namespace_absent,,,,,,,,A0_NOT_APPLICABLE,ASSET_NOT_APPLICABLE,,
swsh12.5tg-TG06,swsh12.5tg,Silver Tempest Trainer Gallery,TG06,Malamar,T3_TCGDEX_ENTITY_ABSENT,set_namespace_absent,,,,,,,,A0_NOT_APPLICABLE,ASSET_NOT_APPLICABLE,,
swsh12.5tg-TG07,swsh12.5tg,Silver Tempest Trainer Gallery,TG07,Rockruff,T3_TCGDEX_ENTITY_ABSENT,set_namespace_absent,,,,,,,,A0_NOT_APPLICABLE,ASSET_NOT_APPLICABLE,,
swsh12.5tg-TG08,swsh12.5tg,Silver Tempest Trainer Gallery,TG08,Passimian,T3_TCGDEX_ENTITY_ABSENT,set_namespace_absent,,,,,,,,A0_NOT_APPLICABLE,ASSET_NOT_APPLICABLE,,
swsh12.5tg-TG09,swsh12.5tg,Silver Tempest Trainer Gallery,TG09,Druddigon,T3_TCGDEX_ENTITY_ABSENT,set_namespace_absent,,,,,,,,A0_NOT_APPLICABLE,ASSET_NOT_APPLICABLE,,
swsh12.5tg-TG10,swsh12.5tg,Silver Tempest Trainer Gallery,TG10,Smeargle,T3_TCGDEX_ENTITY_ABSENT,set_namespace_absent,,,,,,,,A0_NOT_APPLICABLE,ASSET_NOT_APPLICABLE,,
swsh12.5tg-TG11,swsh12.5tg,Silver Tempest Trainer Gallery,TG11,Altaria,T3_TCGDEX_ENTITY_ABSENT,set_namespace_absent,,,,,,,,A0_NOT_APPLICABLE,ASSET_NOT_APPLICABLE,,
swsh12.5tg-TG12,swsh12.5tg,Silver Tempest Trainer Gallery,TG12,Kricketune V,T3_TCGDEX_ENTITY_ABSENT,set_namespace_absent,,,,,,,,A0_NOT_APPLICABLE,ASSET_NOT_APPLICABLE,,
swsh12.5tg-TG13,swsh12.5tg,Silver Tempest Trainer Gallery,TG13,Serperior V,T3_TCGDEX_ENTITY_ABSENT,set_namespace_absent,,,,,,,,A0_NOT_APPLICABLE,ASSET_NOT_APPLICABLE,,
swsh12.5tg-TG14,swsh12.5tg,Silver Tempest Trainer Gallery,TG14,Blaziken V,T3_TCGDEX_ENTITY_ABSENT,set_namespace_absent,,,,,,,,A0_NOT_APPLICABLE,ASSET_NOT_APPLICABLE,,
swsh12.5tg-TG15,swsh12.5tg,Silver Tempest Trainer Gallery,TG15,Blaziken VMAX,T3_TCGDEX_ENTITY_ABSENT,set_namespace_absent,,,,,,,,A0_NOT_APPLICABLE,ASSET_NOT_APPLICABLE,,
swsh12.5tg-TG16,swsh12.5tg,Silver Tempest Trainer Gallery,TG16,Zeraora V,T3_TCGDEX_ENTITY_ABSENT,set_namespace_absent,,,,,,,,A0_NOT_APPLICABLE,ASSET_NOT_APPLICABLE,,
swsh12.5tg-TG17,swsh12.5tg,Silver Tempest Trainer Gallery,TG17,Mawile V,T3_TCGDEX_ENTITY_ABSENT,set_namespace_absent,,,,,,,,A0_NOT_APPLICABLE,ASSET_NOT_APPLICABLE,,
swsh12.5tg-TG18,swsh12.5tg,Silver Tempest Trainer Gallery,TG18,Corviknight V,T3_TCGDEX_ENTITY_ABSENT,set_namespace_absent,,,,,,,,A0_NOT_APPLICABLE,ASSET_NOT_APPLICABLE,,
swsh12.5tg-TG19,swsh12.5tg,Silver Tempest Trainer Gallery,TG19,Corviknight VMAX,T3_TCGDEX_ENTITY_ABSENT,set_namespace_absent,,,,,,,,A0_NOT_APPLICABLE,ASSET_NOT_APPLICABLE,,
swsh12.5tg-TG20,swsh12.5tg,Silver Tempest Trainer Gallery,TG20,Rayquaza VMAX,T3_TCGDEX_ENTITY_ABSENT,set_namespace_absent,,,,,,,,A0_NOT_APPLICABLE,ASSET_NOT_APPLICABLE,,
swsh12.5tg-TG21,swsh12.5tg,Silver Tempest Trainer Gallery,TG21,Duraludon VMAX,T3_TCGDEX_ENTITY_ABSENT,set_namespace_absent,,,,,,,,A0_NOT_APPLICABLE,ASSET_NOT_APPLICABLE,,
swsh12.5tg-TG22,swsh12.5tg,Silver Tempest Trainer Gallery,TG22,Blissey V,T3_TCGDEX_ENTITY_ABSENT,set_namespace_absent,,,,,,,,A0_NOT_APPLICABLE,ASSET_NOT_APPLICABLE,,
swsh12.5tg-TG23,swsh12.5tg,Silver Tempest Trainer Gallery,TG23,Friends in Galar,T3_TCGDEX_ENTITY_ABSENT,set_namespace_absent,,,,,,,,A0_NOT_APPLICABLE,ASSET_NOT_APPLICABLE,,
swsh12.5tg-TG24,swsh12.5tg,Silver Tempest Trainer Gallery,TG24,Gordie,T3_TCGDEX_ENTITY_ABSENT,set_namespace_absent,,,,,,,,A0_NOT_APPLICABLE,ASSET_NOT_APPLICABLE,,
swsh12.5tg-TG25,swsh12.5tg,Silver Tempest Trainer Gallery,TG25,Judge,T3_TCGDEX_ENTITY_ABSENT,set_namespace_absent,,,,,,,,A0_NOT_APPLICABLE,ASSET_NOT_APPLICABLE,,
swsh12.5tg-TG26,swsh12.5tg,Silver Tempest Trainer Gallery,TG26,Professor Burnet,T3_TCGDEX_ENTITY_ABSENT,set_namespace_absent,,,,,,,,A0_NOT_APPLICABLE,ASSET_NOT_APPLICABLE,,
swsh12.5tg-TG27,swsh12.5tg,Silver Tempest Trainer Gallery,TG27,Raihan,T3_TCGDEX_ENTITY_ABSENT,set_namespace_absent,,,,,,,,A0_NOT_APPLICABLE,ASSET_NOT_APPLICABLE,,
swsh12.5tg-TG28,swsh12.5tg,Silver Tempest Trainer Gallery,TG28,Sordward & Shielbert,T3_TCGDEX_ENTITY_ABSENT,set_namespace_absent,,,,,,,,A0_NOT_APPLICABLE,ASSET_NOT_APPLICABLE,,
swsh12.5tg-TG29,swsh12.5tg,Silver Tempest Trainer Gallery,TG29,Rayquaza VMAX,T3_TCGDEX_ENTITY_ABSENT,set_namespace_absent,,,,,,,,A0_NOT_APPLICABLE,ASSET_NOT_APPLICABLE,,
swsh12.5tg-TG30,swsh12.5tg,Silver Tempest Trainer Gallery,TG30,Duraludon VMAX,T3_TCGDEX_ENTITY_ABSENT,set_namespace_absent,,,,,,,,A0_NOT_APPLICABLE,ASSET_NOT_APPLICABLE,,
swsh4.5sv-SV001,swsh4.5sv,Shining Fates Shiny Vault,SV001,Rowlet,T2_TCGDEX_ENTITY_PRESENT_IMAGE_ABSENT,card_image_absent,,,,,,,,A2_ALIAS_IMAGE_CANONICAL_MISSING,ASSET_LIVE,,
swsh4.5sv-SV002,swsh4.5sv,Shining Fates Shiny Vault,SV002,Dartrix,T2_TCGDEX_ENTITY_PRESENT_IMAGE_ABSENT,card_image_absent,,,,,,,,A2_ALIAS_IMAGE_CANONICAL_MISSING,ASSET_LIVE,,
swsh4.5sv-SV003,swsh4.5sv,Shining Fates Shiny Vault,SV003,Decidueye,T2_TCGDEX_ENTITY_PRESENT_IMAGE_ABSENT,card_image_absent,,,,,,,,A2_ALIAS_IMAGE_CANONICAL_MISSING,ASSET_LIVE,,
swsh4.5sv-SV004,swsh4.5sv,Shining Fates Shiny Vault,SV004,Grookey,T2_TCGDEX_ENTITY_PRESENT_IMAGE_ABSENT,card_image_absent,,,,,,,,A2_ALIAS_IMAGE_CANONICAL_MISSING,ASSET_LIVE,,
swsh4.5sv-SV005,swsh4.5sv,Shining Fates Shiny Vault,SV005,Thwackey,T2_TCGDEX_ENTITY_PRESENT_IMAGE_ABSENT,card_image_absent,,,,,,,,A2_ALIAS_IMAGE_CANONICAL_MISSING,ASSET_LIVE,,
swsh4.5sv-SV006,swsh4.5sv,Shining Fates Shiny Vault,SV006,Rillaboom,T2_TCGDEX_ENTITY_PRESENT_IMAGE_ABSENT,card_image_absent,,,,,,,,A2_ALIAS_IMAGE_CANONICAL_MISSING,ASSET_LIVE,,
swsh4.5sv-SV007,swsh4.5sv,Shining Fates Shiny Vault,SV007,Blipbug,T2_TCGDEX_ENTITY_PRESENT_IMAGE_ABSENT,card_image_absent,,,,,,,,A2_ALIAS_IMAGE_CANONICAL_MISSING,ASSET_LIVE,,
swsh4.5sv-SV008,swsh4.5sv,Shining Fates Shiny Vault,SV008,Dottler,T2_TCGDEX_ENTITY_PRESENT_IMAGE_ABSENT,card_image_absent,,,,,,,,A2_ALIAS_IMAGE_CANONICAL_MISSING,ASSET_LIVE,,
swsh4.5sv-SV009,swsh4.5sv,Shining Fates Shiny Vault,SV009,Orbeetle,T2_TCGDEX_ENTITY_PRESENT_IMAGE_ABSENT,card_image_absent,,,,,,,,A2_ALIAS_IMAGE_CANONICAL_MISSING,ASSET_LIVE,,
swsh4.5sv-SV010,swsh4.5sv,Shining Fates Shiny Vault,SV010,Gossifleur,T2_TCGDEX_ENTITY_PRESENT_IMAGE_ABSENT,card_image_absent,,,,,,,,A2_ALIAS_IMAGE_CANONICAL_MISSING,ASSET_LIVE,,
swsh4.5sv-SV011,swsh4.5sv,Shining Fates Shiny Vault,SV011,Eldegoss,T2_TCGDEX_ENTITY_PRESENT_IMAGE_ABSENT,card_image_absent,,,,,,,,A2_ALIAS_IMAGE_CANONICAL_MISSING,ASSET_LIVE,,
swsh4.5sv-SV012,swsh4.5sv,Shining Fates Shiny Vault,SV012,Applin,T2_TCGDEX_ENTITY_PRESENT_IMAGE_ABSENT,card_image_absent,,,,,,,,A2_ALIAS_IMAGE_CANONICAL_MISSING,ASSET_LIVE,,
swsh4.5sv-SV013,swsh4.5sv,Shining Fates Shiny Vault,SV013,Flapple,T2_TCGDEX_ENTITY_PRESENT_IMAGE_ABSENT,card_image_absent,,,,,,,,A2_ALIAS_IMAGE_CANONICAL_MISSING,ASSET_LIVE,,
swsh4.5sv-SV014,swsh4.5sv,Shining Fates Shiny Vault,SV014,Appletun,T2_TCGDEX_ENTITY_PRESENT_IMAGE_ABSENT,card_image_absent,,,,,,,,A2_ALIAS_IMAGE_CANONICAL_MISSING,ASSET_LIVE,,
swsh4.5sv-SV015,swsh4.5sv,Shining Fates Shiny Vault,SV015,Scorbunny,T2_TCGDEX_ENTITY_PRESENT_IMAGE_ABSENT,card_image_absent,,,,,,,,A2_ALIAS_IMAGE_CANONICAL_MISSING,ASSET_LIVE,,
swsh4.5sv-SV016,swsh4.5sv,Shining Fates Shiny Vault,SV016,Raboot,T2_TCGDEX_ENTITY_PRESENT_IMAGE_ABSENT,card_image_absent,,,,,,,,A2_ALIAS_IMAGE_CANONICAL_MISSING,ASSET_LIVE,,
swsh4.5sv-SV017,swsh4.5sv,Shining Fates Shiny Vault,SV017,Cinderace,T2_TCGDEX_ENTITY_PRESENT_IMAGE_ABSENT,card_image_absent,,,,,,,,A2_ALIAS_IMAGE_CANONICAL_MISSING,ASSET_LIVE,,
swsh4.5sv-SV018,swsh4.5sv,Shining Fates Shiny Vault,SV018,Sizzlipede,T2_TCGDEX_ENTITY_PRESENT_IMAGE_ABSENT,card_image_absent,,,,,,,,A2_ALIAS_IMAGE_CANONICAL_MISSING,ASSET_LIVE,,
swsh4.5sv-SV019,swsh4.5sv,Shining Fates Shiny Vault,SV019,Centiskorch,T2_TCGDEX_ENTITY_PRESENT_IMAGE_ABSENT,card_image_absent,,,,,,,,A2_ALIAS_IMAGE_CANONICAL_MISSING,ASSET_LIVE,,
swsh4.5sv-SV020,swsh4.5sv,Shining Fates Shiny Vault,SV020,Galarian Mr. Mime,T2_TCGDEX_ENTITY_PRESENT_IMAGE_ABSENT,card_image_absent,,,,,,,,A2_ALIAS_IMAGE_CANONICAL_MISSING,ASSET_LIVE,,
swsh4.5sv-SV021,swsh4.5sv,Shining Fates Shiny Vault,SV021,Galarian Mr. Rime,T2_TCGDEX_ENTITY_PRESENT_IMAGE_ABSENT,card_image_absent,,,,,,,,A2_ALIAS_IMAGE_CANONICAL_MISSING,ASSET_LIVE,,
swsh4.5sv-SV022,swsh4.5sv,Shining Fates Shiny Vault,SV022,Suicune,T2_TCGDEX_ENTITY_PRESENT_IMAGE_ABSENT,card_image_absent,,,,,,,,A2_ALIAS_IMAGE_CANONICAL_MISSING,ASSET_LIVE,,
swsh4.5sv-SV023,swsh4.5sv,Shining Fates Shiny Vault,SV023,Galarian Darumaka,T2_TCGDEX_ENTITY_PRESENT_IMAGE_ABSENT,card_image_absent,,,,,,,,A2_ALIAS_IMAGE_CANONICAL_MISSING,ASSET_LIVE,,
swsh4.5sv-SV024,swsh4.5sv,Shining Fates Shiny Vault,SV024,Galarian Darmanitan,T2_TCGDEX_ENTITY_PRESENT_IMAGE_ABSENT,card_image_absent,,,,,,,,A2_ALIAS_IMAGE_CANONICAL_MISSING,ASSET_LIVE,,
swsh4.5sv-SV025,swsh4.5sv,Shining Fates Shiny Vault,SV025,Sobble,T2_TCGDEX_ENTITY_PRESENT_IMAGE_ABSENT,card_image_absent,,,,,,,,A2_ALIAS_IMAGE_CANONICAL_MISSING,ASSET_LIVE,,
swsh4.5sv-SV026,swsh4.5sv,Shining Fates Shiny Vault,SV026,Drizzile,T2_TCGDEX_ENTITY_PRESENT_IMAGE_ABSENT,card_image_absent,,,,,,,,A2_ALIAS_IMAGE_CANONICAL_MISSING,ASSET_LIVE,,
swsh4.5sv-SV027,swsh4.5sv,Shining Fates Shiny Vault,SV027,Inteleon,T2_TCGDEX_ENTITY_PRESENT_IMAGE_ABSENT,card_image_absent,,,,,,,,A2_ALIAS_IMAGE_CANONICAL_MISSING,ASSET_LIVE,,
swsh4.5sv-SV028,swsh4.5sv,Shining Fates Shiny Vault,SV028,Chewtle,T2_TCGDEX_ENTITY_PRESENT_IMAGE_ABSENT,card_image_absent,,,,,,,,A2_ALIAS_IMAGE_CANONICAL_MISSING,ASSET_LIVE,,
swsh4.5sv-SV029,swsh4.5sv,Shining Fates Shiny Vault,SV029,Drednaw,T2_TCGDEX_ENTITY_PRESENT_IMAGE_ABSENT,card_image_absent,,,,,,,,A2_ALIAS_IMAGE_CANONICAL_MISSING,ASSET_LIVE,,
swsh4.5sv-SV030,swsh4.5sv,Shining Fates Shiny Vault,SV030,Cramorant,T2_TCGDEX_ENTITY_PRESENT_IMAGE_ABSENT,card_image_absent,,,,,,,,A2_ALIAS_IMAGE_CANONICAL_MISSING,ASSET_LIVE,,
swsh4.5sv-SV031,swsh4.5sv,Shining Fates Shiny Vault,SV031,Arrokuda,T2_TCGDEX_ENTITY_PRESENT_IMAGE_ABSENT,card_image_absent,,,,,,,,A2_ALIAS_IMAGE_CANONICAL_MISSING,ASSET_LIVE,,
swsh4.5sv-SV032,swsh4.5sv,Shining Fates Shiny Vault,SV032,Barraskewda,T2_TCGDEX_ENTITY_PRESENT_IMAGE_ABSENT,card_image_absent,,,,,,,,A2_ALIAS_IMAGE_CANONICAL_MISSING,ASSET_LIVE,,
swsh4.5sv-SV033,swsh4.5sv,Shining Fates Shiny Vault,SV033,Snom,T2_TCGDEX_ENTITY_PRESENT_IMAGE_ABSENT,card_image_absent,,,,,,,,A2_ALIAS_IMAGE_CANONICAL_MISSING,ASSET_LIVE,,
swsh4.5sv-SV034,swsh4.5sv,Shining Fates Shiny Vault,SV034,Frosmoth,T2_TCGDEX_ENTITY_PRESENT_IMAGE_ABSENT,card_image_absent,,,,,,,,A2_ALIAS_IMAGE_CANONICAL_MISSING,ASSET_LIVE,,
swsh4.5sv-SV035,swsh4.5sv,Shining Fates Shiny Vault,SV035,Eiscue,T2_TCGDEX_ENTITY_PRESENT_IMAGE_ABSENT,card_image_absent,,,,,,,,A2_ALIAS_IMAGE_CANONICAL_MISSING,ASSET_LIVE,,
swsh4.5sv-SV036,swsh4.5sv,Shining Fates Shiny Vault,SV036,Dracovish,T2_TCGDEX_ENTITY_PRESENT_IMAGE_ABSENT,card_image_absent,,,,,,,,A2_ALIAS_IMAGE_CANONICAL_MISSING,ASSET_LIVE,,
swsh4.5sv-SV037,swsh4.5sv,Shining Fates Shiny Vault,SV037,Arctovish,T2_TCGDEX_ENTITY_PRESENT_IMAGE_ABSENT,card_image_absent,,,,,,,,A2_ALIAS_IMAGE_CANONICAL_MISSING,ASSET_LIVE,,
swsh4.5sv-SV038,swsh4.5sv,Shining Fates Shiny Vault,SV038,Rotom,T2_TCGDEX_ENTITY_PRESENT_IMAGE_ABSENT,card_image_absent,,,,,,,,A2_ALIAS_IMAGE_CANONICAL_MISSING,ASSET_LIVE,,
swsh4.5sv-SV039,swsh4.5sv,Shining Fates Shiny Vault,SV039,Yamper,T2_TCGDEX_ENTITY_PRESENT_IMAGE_ABSENT,card_image_absent,,,,,,,,A2_ALIAS_IMAGE_CANONICAL_MISSING,ASSET_LIVE,,
swsh4.5sv-SV040,swsh4.5sv,Shining Fates Shiny Vault,SV040,Boltund,T2_TCGDEX_ENTITY_PRESENT_IMAGE_ABSENT,card_image_absent,,,,,,,,A2_ALIAS_IMAGE_CANONICAL_MISSING,ASSET_LIVE,,
swsh4.5sv-SV041,swsh4.5sv,Shining Fates Shiny Vault,SV041,Toxel,T2_TCGDEX_ENTITY_PRESENT_IMAGE_ABSENT,card_image_absent,,,,,,,,A2_ALIAS_IMAGE_CANONICAL_MISSING,ASSET_LIVE,,
swsh4.5sv-SV042,swsh4.5sv,Shining Fates Shiny Vault,SV042,Toxtricity,T2_TCGDEX_ENTITY_PRESENT_IMAGE_ABSENT,card_image_absent,,,,,,,,A2_ALIAS_IMAGE_CANONICAL_MISSING,ASSET_LIVE,,
swsh4.5sv-SV043,swsh4.5sv,Shining Fates Shiny Vault,SV043,Pincurchin,T2_TCGDEX_ENTITY_PRESENT_IMAGE_ABSENT,card_image_absent,,,,,,,,A2_ALIAS_IMAGE_CANONICAL_MISSING,ASSET_LIVE,,
swsh4.5sv-SV044,swsh4.5sv,Shining Fates Shiny Vault,SV044,Morpeko,T2_TCGDEX_ENTITY_PRESENT_IMAGE_ABSENT,card_image_absent,,,,,,,,A2_ALIAS_IMAGE_CANONICAL_MISSING,ASSET_LIVE,,
swsh4.5sv-SV045,swsh4.5sv,Shining Fates Shiny Vault,SV045,Dracozolt,T2_TCGDEX_ENTITY_PRESENT_IMAGE_ABSENT,card_image_absent,,,,,,,,A2_ALIAS_IMAGE_CANONICAL_MISSING,ASSET_LIVE,,
swsh4.5sv-SV046,swsh4.5sv,Shining Fates Shiny Vault,SV046,Arctozolt,T2_TCGDEX_ENTITY_PRESENT_IMAGE_ABSENT,card_image_absent,,,,,,,,A2_ALIAS_IMAGE_CANONICAL_MISSING,ASSET_LIVE,,
swsh4.5sv-SV047,swsh4.5sv,Shining Fates Shiny Vault,SV047,Galarian Ponyta,T2_TCGDEX_ENTITY_PRESENT_IMAGE_ABSENT,card_image_absent,,,,,,,,A2_ALIAS_IMAGE_CANONICAL_MISSING,ASSET_LIVE,,
swsh4.5sv-SV048,swsh4.5sv,Shining Fates Shiny Vault,SV048,Galarian Rapidash,T2_TCGDEX_ENTITY_PRESENT_IMAGE_ABSENT,card_image_absent,,,,,,,,A2_ALIAS_IMAGE_CANONICAL_MISSING,ASSET_LIVE,,
swsh4.5sv-SV049,swsh4.5sv,Shining Fates Shiny Vault,SV049,Galarian Corsola,T2_TCGDEX_ENTITY_PRESENT_IMAGE_ABSENT,card_image_absent,,,,,,,,A2_ALIAS_IMAGE_CANONICAL_MISSING,ASSET_LIVE,,
swsh4.5sv-SV050,swsh4.5sv,Shining Fates Shiny Vault,SV050,Galarian Cursola,T2_TCGDEX_ENTITY_PRESENT_IMAGE_ABSENT,card_image_absent,,,,,,,,A2_ALIAS_IMAGE_CANONICAL_MISSING,ASSET_LIVE,,
swsh4.5sv-SV051,swsh4.5sv,Shining Fates Shiny Vault,SV051,Dedenne,T2_TCGDEX_ENTITY_PRESENT_IMAGE_ABSENT,card_image_absent,,,,,,,,A2_ALIAS_IMAGE_CANONICAL_MISSING,ASSET_LIVE,,
swsh4.5sv-SV052,swsh4.5sv,Shining Fates Shiny Vault,SV052,Sinistea,T2_TCGDEX_ENTITY_PRESENT_IMAGE_ABSENT,card_image_absent,,,,,,,,A2_ALIAS_IMAGE_CANONICAL_MISSING,ASSET_LIVE,,
swsh4.5sv-SV053,swsh4.5sv,Shining Fates Shiny Vault,SV053,Polteageist,T2_TCGDEX_ENTITY_PRESENT_IMAGE_ABSENT,card_image_absent,,,,,,,,A2_ALIAS_IMAGE_CANONICAL_MISSING,ASSET_LIVE,,
swsh4.5sv-SV054,swsh4.5sv,Shining Fates Shiny Vault,SV054,Hatenna,T2_TCGDEX_ENTITY_PRESENT_IMAGE_ABSENT,card_image_absent,,,,,,,,A2_ALIAS_IMAGE_CANONICAL_MISSING,ASSET_LIVE,,
swsh4.5sv-SV055,swsh4.5sv,Shining Fates Shiny Vault,SV055,Hattrem,T2_TCGDEX_ENTITY_PRESENT_IMAGE_ABSENT,card_image_absent,,,,,,,,A2_ALIAS_IMAGE_CANONICAL_MISSING,ASSET_LIVE,,
swsh4.5sv-SV056,swsh4.5sv,Shining Fates Shiny Vault,SV056,Hatterene,T2_TCGDEX_ENTITY_PRESENT_IMAGE_ABSENT,card_image_absent,,,,,,,,A2_ALIAS_IMAGE_CANONICAL_MISSING,ASSET_LIVE,,
swsh4.5sv-SV057,swsh4.5sv,Shining Fates Shiny Vault,SV057,Milcery,T2_TCGDEX_ENTITY_PRESENT_IMAGE_ABSENT,card_image_absent,,,,,,,,A2_ALIAS_IMAGE_CANONICAL_MISSING,ASSET_LIVE,,
swsh4.5sv-SV058,swsh4.5sv,Shining Fates Shiny Vault,SV058,Alcremie,T2_TCGDEX_ENTITY_PRESENT_IMAGE_ABSENT,card_image_absent,,,,,,,,A2_ALIAS_IMAGE_CANONICAL_MISSING,ASSET_LIVE,,
swsh4.5sv-SV059,swsh4.5sv,Shining Fates Shiny Vault,SV059,Indeedee,T2_TCGDEX_ENTITY_PRESENT_IMAGE_ABSENT,card_image_absent,,,,,,,,A2_ALIAS_IMAGE_CANONICAL_MISSING,ASSET_LIVE,,
swsh4.5sv-SV060,swsh4.5sv,Shining Fates Shiny Vault,SV060,Dreepy,T2_TCGDEX_ENTITY_PRESENT_IMAGE_ABSENT,card_image_absent,,,,,,,,A2_ALIAS_IMAGE_CANONICAL_MISSING,ASSET_LIVE,,
swsh4.5sv-SV061,swsh4.5sv,Shining Fates Shiny Vault,SV061,Drakloak,T2_TCGDEX_ENTITY_PRESENT_IMAGE_ABSENT,card_image_absent,,,,,,,,A2_ALIAS_IMAGE_CANONICAL_MISSING,ASSET_LIVE,,
swsh4.5sv-SV062,swsh4.5sv,Shining Fates Shiny Vault,SV062,Dragapult,T2_TCGDEX_ENTITY_PRESENT_IMAGE_ABSENT,card_image_absent,,,,,,,,A2_ALIAS_IMAGE_CANONICAL_MISSING,ASSET_LIVE,,
swsh4.5sv-SV063,swsh4.5sv,Shining Fates Shiny Vault,SV063,Galarian Farfetch'd,T2_TCGDEX_ENTITY_PRESENT_IMAGE_ABSENT,card_image_absent,,,,,,,,A2_ALIAS_IMAGE_CANONICAL_MISSING,ASSET_LIVE,,
swsh4.5sv-SV064,swsh4.5sv,Shining Fates Shiny Vault,SV064,Galarian Sirfetch'd,T2_TCGDEX_ENTITY_PRESENT_IMAGE_ABSENT,card_image_absent,,,,,,,,A2_ALIAS_IMAGE_CANONICAL_MISSING,ASSET_LIVE,,
swsh4.5sv-SV065,swsh4.5sv,Shining Fates Shiny Vault,SV065,Galarian Yamask,T2_TCGDEX_ENTITY_PRESENT_IMAGE_ABSENT,card_image_absent,,,,,,,,A2_ALIAS_IMAGE_CANONICAL_MISSING,ASSET_LIVE,,
swsh4.5sv-SV066,swsh4.5sv,Shining Fates Shiny Vault,SV066,Galarian Runerigus,T2_TCGDEX_ENTITY_PRESENT_IMAGE_ABSENT,card_image_absent,,,,,,,,A2_ALIAS_IMAGE_CANONICAL_MISSING,ASSET_LIVE,,
swsh4.5sv-SV067,swsh4.5sv,Shining Fates Shiny Vault,SV067,Rolycoly,T2_TCGDEX_ENTITY_PRESENT_IMAGE_ABSENT,card_image_absent,,,,,,,,A2_ALIAS_IMAGE_CANONICAL_MISSING,ASSET_LIVE,,
swsh4.5sv-SV068,swsh4.5sv,Shining Fates Shiny Vault,SV068,Carkol,T2_TCGDEX_ENTITY_PRESENT_IMAGE_ABSENT,card_image_absent,,,,,,,,A2_ALIAS_IMAGE_CANONICAL_MISSING,ASSET_LIVE,,
swsh4.5sv-SV069,swsh4.5sv,Shining Fates Shiny Vault,SV069,Coalossal,T2_TCGDEX_ENTITY_PRESENT_IMAGE_ABSENT,card_image_absent,,,,,,,,A2_ALIAS_IMAGE_CANONICAL_MISSING,ASSET_LIVE,,
swsh4.5sv-SV070,swsh4.5sv,Shining Fates Shiny Vault,SV070,Silicobra,T2_TCGDEX_ENTITY_PRESENT_IMAGE_ABSENT,card_image_absent,,,,,,,,A2_ALIAS_IMAGE_CANONICAL_MISSING,ASSET_LIVE,,
swsh4.5sv-SV071,swsh4.5sv,Shining Fates Shiny Vault,SV071,Sandaconda,T2_TCGDEX_ENTITY_PRESENT_IMAGE_ABSENT,card_image_absent,,,,,,,,A2_ALIAS_IMAGE_CANONICAL_MISSING,ASSET_LIVE,,
swsh4.5sv-SV072,swsh4.5sv,Shining Fates Shiny Vault,SV072,Clobbopus,T2_TCGDEX_ENTITY_PRESENT_IMAGE_ABSENT,card_image_absent,,,,,,,,A2_ALIAS_IMAGE_CANONICAL_MISSING,ASSET_LIVE,,
swsh4.5sv-SV073,swsh4.5sv,Shining Fates Shiny Vault,SV073,Grapploct,T2_TCGDEX_ENTITY_PRESENT_IMAGE_ABSENT,card_image_absent,,,,,,,,A2_ALIAS_IMAGE_CANONICAL_MISSING,ASSET_LIVE,,
swsh4.5sv-SV074,swsh4.5sv,Shining Fates Shiny Vault,SV074,Falinks,T2_TCGDEX_ENTITY_PRESENT_IMAGE_ABSENT,card_image_absent,,,,,,,,A2_ALIAS_IMAGE_CANONICAL_MISSING,ASSET_LIVE,,
swsh4.5sv-SV075,swsh4.5sv,Shining Fates Shiny Vault,SV075,Stonjourner,T2_TCGDEX_ENTITY_PRESENT_IMAGE_ABSENT,card_image_absent,,,,,,,,A2_ALIAS_IMAGE_CANONICAL_MISSING,ASSET_LIVE,,
swsh4.5sv-SV076,swsh4.5sv,Shining Fates Shiny Vault,SV076,Koffing,T2_TCGDEX_ENTITY_PRESENT_IMAGE_ABSENT,card_image_absent,,,,,,,,A2_ALIAS_IMAGE_CANONICAL_MISSING,ASSET_LIVE,,
swsh4.5sv-SV077,swsh4.5sv,Shining Fates Shiny Vault,SV077,Galarian Weezing,T2_TCGDEX_ENTITY_PRESENT_IMAGE_ABSENT,card_image_absent,,,,,,,,A2_ALIAS_IMAGE_CANONICAL_MISSING,ASSET_LIVE,,
swsh4.5sv-SV078,swsh4.5sv,Shining Fates Shiny Vault,SV078,Galarian Zigzagoon,T2_TCGDEX_ENTITY_PRESENT_IMAGE_ABSENT,card_image_absent,,,,,,,,A2_ALIAS_IMAGE_CANONICAL_MISSING,ASSET_LIVE,,
swsh4.5sv-SV079,swsh4.5sv,Shining Fates Shiny Vault,SV079,Galarian Linoone,T2_TCGDEX_ENTITY_PRESENT_IMAGE_ABSENT,card_image_absent,,,,,,,,A2_ALIAS_IMAGE_CANONICAL_MISSING,ASSET_LIVE,,
swsh4.5sv-SV080,swsh4.5sv,Shining Fates Shiny Vault,SV080,Galarian Obstagoon,T2_TCGDEX_ENTITY_PRESENT_IMAGE_ABSENT,card_image_absent,,,,,,,,A2_ALIAS_IMAGE_CANONICAL_MISSING,ASSET_LIVE,,
swsh4.5sv-SV081,swsh4.5sv,Shining Fates Shiny Vault,SV081,Nickit,T2_TCGDEX_ENTITY_PRESENT_IMAGE_ABSENT,card_image_absent,,,,,,,,A2_ALIAS_IMAGE_CANONICAL_MISSING,ASSET_LIVE,,
swsh4.5sv-SV082,swsh4.5sv,Shining Fates Shiny Vault,SV082,Thievul,T2_TCGDEX_ENTITY_PRESENT_IMAGE_ABSENT,card_image_absent,,,,,,,,A2_ALIAS_IMAGE_CANONICAL_MISSING,ASSET_LIVE,,
swsh4.5sv-SV083,swsh4.5sv,Shining Fates Shiny Vault,SV083,Impidimp,T2_TCGDEX_ENTITY_PRESENT_IMAGE_ABSENT,card_image_absent,,,,,,,,A2_ALIAS_IMAGE_CANONICAL_MISSING,ASSET_LIVE,,
swsh4.5sv-SV084,swsh4.5sv,Shining Fates Shiny Vault,SV084,Morgrem,T2_TCGDEX_ENTITY_PRESENT_IMAGE_ABSENT,card_image_absent,,,,,,,,A2_ALIAS_IMAGE_CANONICAL_MISSING,ASSET_LIVE,,
swsh4.5sv-SV085,swsh4.5sv,Shining Fates Shiny Vault,SV085,Grimmsnarl,T2_TCGDEX_ENTITY_PRESENT_IMAGE_ABSENT,card_image_absent,,,,,,,,A2_ALIAS_IMAGE_CANONICAL_MISSING,ASSET_LIVE,,
swsh4.5sv-SV086,swsh4.5sv,Shining Fates Shiny Vault,SV086,Galarian Meowth,T2_TCGDEX_ENTITY_PRESENT_IMAGE_ABSENT,card_image_absent,,,,,,,,A2_ALIAS_IMAGE_CANONICAL_MISSING,ASSET_LIVE,,
swsh4.5sv-SV087,swsh4.5sv,Shining Fates Shiny Vault,SV087,Galarian Perrserker,T2_TCGDEX_ENTITY_PRESENT_IMAGE_ABSENT,card_image_absent,,,,,,,,A2_ALIAS_IMAGE_CANONICAL_MISSING,ASSET_LIVE,,
swsh4.5sv-SV088,swsh4.5sv,Shining Fates Shiny Vault,SV088,Galarian Stunfisk,T2_TCGDEX_ENTITY_PRESENT_IMAGE_ABSENT,card_image_absent,,,,,,,,A2_ALIAS_IMAGE_CANONICAL_MISSING,ASSET_LIVE,,
swsh4.5sv-SV089,swsh4.5sv,Shining Fates Shiny Vault,SV089,Corviknight,T2_TCGDEX_ENTITY_PRESENT_IMAGE_ABSENT,card_image_absent,,,,,,,,A2_ALIAS_IMAGE_CANONICAL_MISSING,ASSET_LIVE,,
swsh4.5sv-SV090,swsh4.5sv,Shining Fates Shiny Vault,SV090,Cufant,T2_TCGDEX_ENTITY_PRESENT_IMAGE_ABSENT,card_image_absent,,,,,,,,A2_ALIAS_IMAGE_CANONICAL_MISSING,ASSET_LIVE,,
swsh4.5sv-SV091,swsh4.5sv,Shining Fates Shiny Vault,SV091,Copperajah,T2_TCGDEX_ENTITY_PRESENT_IMAGE_ABSENT,card_image_absent,,,,,,,,A2_ALIAS_IMAGE_CANONICAL_MISSING,ASSET_LIVE,,
swsh4.5sv-SV092,swsh4.5sv,Shining Fates Shiny Vault,SV092,Duraludon,T2_TCGDEX_ENTITY_PRESENT_IMAGE_ABSENT,card_image_absent,,,,,,,,A2_ALIAS_IMAGE_CANONICAL_MISSING,ASSET_LIVE,,
swsh4.5sv-SV093,swsh4.5sv,Shining Fates Shiny Vault,SV093,Minccino,T2_TCGDEX_ENTITY_PRESENT_IMAGE_ABSENT,card_image_absent,,,,,,,,A2_ALIAS_IMAGE_CANONICAL_MISSING,ASSET_LIVE,,
swsh4.5sv-SV094,swsh4.5sv,Shining Fates Shiny Vault,SV094,Cinccino,T2_TCGDEX_ENTITY_PRESENT_IMAGE_ABSENT,card_image_absent,,,,,,,,A2_ALIAS_IMAGE_CANONICAL_MISSING,ASSET_LIVE,,
swsh4.5sv-SV095,swsh4.5sv,Shining Fates Shiny Vault,SV095,Ducklett,T2_TCGDEX_ENTITY_PRESENT_IMAGE_ABSENT,card_image_absent,,,,,,,,A2_ALIAS_IMAGE_CANONICAL_MISSING,ASSET_LIVE,,
swsh4.5sv-SV096,swsh4.5sv,Shining Fates Shiny Vault,SV096,Swanna,T2_TCGDEX_ENTITY_PRESENT_IMAGE_ABSENT,card_image_absent,,,,,,,,A2_ALIAS_IMAGE_CANONICAL_MISSING,ASSET_LIVE,,
swsh4.5sv-SV097,swsh4.5sv,Shining Fates Shiny Vault,SV097,Bunnelby,T2_TCGDEX_ENTITY_PRESENT_IMAGE_ABSENT,card_image_absent,,,,,,,,A2_ALIAS_IMAGE_CANONICAL_MISSING,ASSET_LIVE,,
swsh4.5sv-SV098,swsh4.5sv,Shining Fates Shiny Vault,SV098,Oranguru,T2_TCGDEX_ENTITY_PRESENT_IMAGE_ABSENT,card_image_absent,,,,,,,,A2_ALIAS_IMAGE_CANONICAL_MISSING,ASSET_LIVE,,
swsh4.5sv-SV099,swsh4.5sv,Shining Fates Shiny Vault,SV099,Skwovet,T2_TCGDEX_ENTITY_PRESENT_IMAGE_ABSENT,card_image_absent,,,,,,,,A2_ALIAS_IMAGE_CANONICAL_MISSING,ASSET_LIVE,,
swsh4.5sv-SV100,swsh4.5sv,Shining Fates Shiny Vault,SV100,Greedent,T2_TCGDEX_ENTITY_PRESENT_IMAGE_ABSENT,card_image_absent,,,,,,,,A2_ALIAS_IMAGE_CANONICAL_MISSING,ASSET_LIVE,,
swsh4.5sv-SV101,swsh4.5sv,Shining Fates Shiny Vault,SV101,Rookidee,T2_TCGDEX_ENTITY_PRESENT_IMAGE_ABSENT,card_image_absent,,,,,,,,A2_ALIAS_IMAGE_CANONICAL_MISSING,ASSET_LIVE,,
swsh4.5sv-SV102,swsh4.5sv,Shining Fates Shiny Vault,SV102,Corvisquire,T2_TCGDEX_ENTITY_PRESENT_IMAGE_ABSENT,card_image_absent,,,,,,,,A2_ALIAS_IMAGE_CANONICAL_MISSING,ASSET_LIVE,,
swsh4.5sv-SV103,swsh4.5sv,Shining Fates Shiny Vault,SV103,Wooloo,T2_TCGDEX_ENTITY_PRESENT_IMAGE_ABSENT,card_image_absent,,,,,,,,A2_ALIAS_IMAGE_CANONICAL_MISSING,ASSET_LIVE,,
swsh4.5sv-SV104,swsh4.5sv,Shining Fates Shiny Vault,SV104,Dubwool,T2_TCGDEX_ENTITY_PRESENT_IMAGE_ABSENT,card_image_absent,,,,,,,,A2_ALIAS_IMAGE_CANONICAL_MISSING,ASSET_LIVE,,
swsh4.5sv-SV105,swsh4.5sv,Shining Fates Shiny Vault,SV105,Rillaboom V,T2_TCGDEX_ENTITY_PRESENT_IMAGE_ABSENT,card_image_absent,,,,,,,,A2_ALIAS_IMAGE_CANONICAL_MISSING,ASSET_LIVE,,
swsh4.5sv-SV106,swsh4.5sv,Shining Fates Shiny Vault,SV106,Rillaboom VMAX,T2_TCGDEX_ENTITY_PRESENT_IMAGE_ABSENT,card_image_absent,,,,,,,,A2_ALIAS_IMAGE_CANONICAL_MISSING,ASSET_LIVE,,
swsh4.5sv-SV107,swsh4.5sv,Shining Fates Shiny Vault,SV107,Charizard VMAX,T2_TCGDEX_ENTITY_PRESENT_IMAGE_ABSENT,card_image_absent,,,,,,,,A2_ALIAS_IMAGE_CANONICAL_MISSING,ASSET_LIVE,,
swsh4.5sv-SV108,swsh4.5sv,Shining Fates Shiny Vault,SV108,Centiskorch V,T2_TCGDEX_ENTITY_PRESENT_IMAGE_ABSENT,card_image_absent,,,,,,,,A2_ALIAS_IMAGE_CANONICAL_MISSING,ASSET_LIVE,,
swsh4.5sv-SV109,swsh4.5sv,Shining Fates Shiny Vault,SV109,Centiskorch VMAX,T2_TCGDEX_ENTITY_PRESENT_IMAGE_ABSENT,card_image_absent,,,,,,,,A2_ALIAS_IMAGE_CANONICAL_MISSING,ASSET_LIVE,,
swsh4.5sv-SV110,swsh4.5sv,Shining Fates Shiny Vault,SV110,Lapras V,T2_TCGDEX_ENTITY_PRESENT_IMAGE_ABSENT,card_image_absent,,,,,,,,A2_ALIAS_IMAGE_CANONICAL_MISSING,ASSET_LIVE,,
swsh4.5sv-SV111,swsh4.5sv,Shining Fates Shiny Vault,SV111,Lapras VMAX,T2_TCGDEX_ENTITY_PRESENT_IMAGE_ABSENT,card_image_absent,,,,,,,,A2_ALIAS_IMAGE_CANONICAL_MISSING,ASSET_LIVE,,
swsh4.5sv-SV112,swsh4.5sv,Shining Fates Shiny Vault,SV112,Toxtricity V,T2_TCGDEX_ENTITY_PRESENT_IMAGE_ABSENT,card_image_absent,,,,,,,,A2_ALIAS_IMAGE_CANONICAL_MISSING,ASSET_LIVE,,
swsh4.5sv-SV113,swsh4.5sv,Shining Fates Shiny Vault,SV113,Toxtricity VMAX,T2_TCGDEX_ENTITY_PRESENT_IMAGE_ABSENT,card_image_absent,,,,,,,,A2_ALIAS_IMAGE_CANONICAL_MISSING,ASSET_LIVE,,
swsh4.5sv-SV114,swsh4.5sv,Shining Fates Shiny Vault,SV114,Indeedee V,T2_TCGDEX_ENTITY_PRESENT_IMAGE_ABSENT,card_image_absent,,,,,,,,A2_ALIAS_IMAGE_CANONICAL_MISSING,ASSET_LIVE,,
swsh4.5sv-SV115,swsh4.5sv,Shining Fates Shiny Vault,SV115,Falinks V,T2_TCGDEX_ENTITY_PRESENT_IMAGE_ABSENT,card_image_absent,,,,,,,,A2_ALIAS_IMAGE_CANONICAL_MISSING,ASSET_LIVE,,
swsh4.5sv-SV116,swsh4.5sv,Shining Fates Shiny Vault,SV116,Grimmsnarl V,T2_TCGDEX_ENTITY_PRESENT_IMAGE_ABSENT,card_image_absent,,,,,,,,A2_ALIAS_IMAGE_CANONICAL_MISSING,ASSET_LIVE,,
swsh4.5sv-SV117,swsh4.5sv,Shining Fates Shiny Vault,SV117,Grimmsnarl VMAX,T2_TCGDEX_ENTITY_PRESENT_IMAGE_ABSENT,card_image_absent,,,,,,,,A2_ALIAS_IMAGE_CANONICAL_MISSING,ASSET_LIVE,,
swsh4.5sv-SV118,swsh4.5sv,Shining Fates Shiny Vault,SV118,Ditto V,T2_TCGDEX_ENTITY_PRESENT_IMAGE_ABSENT,card_image_absent,,,,,,,,A2_ALIAS_IMAGE_CANONICAL_MISSING,ASSET_LIVE,,
swsh4.5sv-SV119,swsh4.5sv,Shining Fates Shiny Vault,SV119,Ditto VMAX,T2_TCGDEX_ENTITY_PRESENT_IMAGE_ABSENT,card_image_absent,,,,,,,,A2_ALIAS_IMAGE_CANONICAL_MISSING,ASSET_LIVE,,
swsh4.5sv-SV120,swsh4.5sv,Shining Fates Shiny Vault,SV120,Dubwool V,T2_TCGDEX_ENTITY_PRESENT_IMAGE_ABSENT,card_image_absent,,,,,,,,A2_ALIAS_IMAGE_CANONICAL_MISSING,ASSET_LIVE,,
swsh4.5sv-SV121,swsh4.5sv,Shining Fates Shiny Vault,SV121,Eternatus V,T2_TCGDEX_ENTITY_PRESENT_IMAGE_ABSENT,card_image_absent,,,,,,,,A2_ALIAS_IMAGE_CANONICAL_MISSING,ASSET_LIVE,,
swsh4.5sv-SV122,swsh4.5sv,Shining Fates Shiny Vault,SV122,Eternatus VMAX,T2_TCGDEX_ENTITY_PRESENT_IMAGE_ABSENT,card_image_absent,,,,,,,,A2_ALIAS_IMAGE_CANONICAL_MISSING,ASSET_LIVE,,
swsh9.5tg-TG01,swsh9.5tg,Brilliant Stars Trainer Gallery,TG01,Flareon,T3_TCGDEX_ENTITY_ABSENT,set_namespace_absent,,,,,,,,A0_NOT_APPLICABLE,ASSET_NOT_APPLICABLE,,
swsh9.5tg-TG02,swsh9.5tg,Brilliant Stars Trainer Gallery,TG02,Vaporeon,T3_TCGDEX_ENTITY_ABSENT,set_namespace_absent,,,,,,,,A0_NOT_APPLICABLE,ASSET_NOT_APPLICABLE,,
swsh9.5tg-TG03,swsh9.5tg,Brilliant Stars Trainer Gallery,TG03,Octillery,T3_TCGDEX_ENTITY_ABSENT,set_namespace_absent,,,,,,,,A0_NOT_APPLICABLE,ASSET_NOT_APPLICABLE,,
swsh9.5tg-TG04,swsh9.5tg,Brilliant Stars Trainer Gallery,TG04,Jolteon,T3_TCGDEX_ENTITY_ABSENT,set_namespace_absent,,,,,,,,A0_NOT_APPLICABLE,ASSET_NOT_APPLICABLE,,
swsh9.5tg-TG05,swsh9.5tg,Brilliant Stars Trainer Gallery,TG05,Zekrom,T3_TCGDEX_ENTITY_ABSENT,set_namespace_absent,,,,,,,,A0_NOT_APPLICABLE,ASSET_NOT_APPLICABLE,,
swsh9.5tg-TG06,swsh9.5tg,Brilliant Stars Trainer Gallery,TG06,Dusknoir,T3_TCGDEX_ENTITY_ABSENT,set_namespace_absent,,,,,,,,A0_NOT_APPLICABLE,ASSET_NOT_APPLICABLE,,
swsh9.5tg-TG07,swsh9.5tg,Brilliant Stars Trainer Gallery,TG07,Dedenne,T3_TCGDEX_ENTITY_ABSENT,set_namespace_absent,,,,,,,,A0_NOT_APPLICABLE,ASSET_NOT_APPLICABLE,,
swsh9.5tg-TG08,swsh9.5tg,Brilliant Stars Trainer Gallery,TG08,Alcremie,T3_TCGDEX_ENTITY_ABSENT,set_namespace_absent,,,,,,,,A0_NOT_APPLICABLE,ASSET_NOT_APPLICABLE,,
swsh9.5tg-TG09,swsh9.5tg,Brilliant Stars Trainer Gallery,TG09,Ariados,T3_TCGDEX_ENTITY_ABSENT,set_namespace_absent,,,,,,,,A0_NOT_APPLICABLE,ASSET_NOT_APPLICABLE,,
swsh9.5tg-TG10,swsh9.5tg,Brilliant Stars Trainer Gallery,TG10,Houndoom,T3_TCGDEX_ENTITY_ABSENT,set_namespace_absent,,,,,,,,A0_NOT_APPLICABLE,ASSET_NOT_APPLICABLE,,
swsh9.5tg-TG11,swsh9.5tg,Brilliant Stars Trainer Gallery,TG11,Eevee,T3_TCGDEX_ENTITY_ABSENT,set_namespace_absent,,,,,,,,A0_NOT_APPLICABLE,ASSET_NOT_APPLICABLE,,
swsh9.5tg-TG12,swsh9.5tg,Brilliant Stars Trainer Gallery,TG12,Oranguru,T3_TCGDEX_ENTITY_ABSENT,set_namespace_absent,,,,,,,,A0_NOT_APPLICABLE,ASSET_NOT_APPLICABLE,,
swsh9.5tg-TG13,swsh9.5tg,Brilliant Stars Trainer Gallery,TG13,Boltund V,T3_TCGDEX_ENTITY_ABSENT,set_namespace_absent,,,,,,,,A0_NOT_APPLICABLE,ASSET_NOT_APPLICABLE,,
swsh9.5tg-TG14,swsh9.5tg,Brilliant Stars Trainer Gallery,TG14,Sylveon V,T3_TCGDEX_ENTITY_ABSENT,set_namespace_absent,,,,,,,,A0_NOT_APPLICABLE,ASSET_NOT_APPLICABLE,,
swsh9.5tg-TG15,swsh9.5tg,Brilliant Stars Trainer Gallery,TG15,Sylveon VMAX,T3_TCGDEX_ENTITY_ABSENT,set_namespace_absent,,,,,,,,A0_NOT_APPLICABLE,ASSET_NOT_APPLICABLE,,
swsh9.5tg-TG16,swsh9.5tg,Brilliant Stars Trainer Gallery,TG16,Mimikyu V,T3_TCGDEX_ENTITY_ABSENT,set_namespace_absent,,,,,,,,A0_NOT_APPLICABLE,ASSET_NOT_APPLICABLE,,
swsh9.5tg-TG17,swsh9.5tg,Brilliant Stars Trainer Gallery,TG17,Mimikyu VMAX,T3_TCGDEX_ENTITY_ABSENT,set_namespace_absent,,,,,,,,A0_NOT_APPLICABLE,ASSET_NOT_APPLICABLE,,
swsh9.5tg-TG18,swsh9.5tg,Brilliant Stars Trainer Gallery,TG18,Single Strike Urshifu V,T3_TCGDEX_ENTITY_ABSENT,set_namespace_absent,,,,,,,,A0_NOT_APPLICABLE,ASSET_NOT_APPLICABLE,,
swsh9.5tg-TG19,swsh9.5tg,Brilliant Stars Trainer Gallery,TG19,Single Strike Urshifu VMAX,T3_TCGDEX_ENTITY_ABSENT,set_namespace_absent,,,,,,,,A0_NOT_APPLICABLE,ASSET_NOT_APPLICABLE,,
swsh9.5tg-TG20,swsh9.5tg,Brilliant Stars Trainer Gallery,TG20,Rapid Strike Urshifu V,T3_TCGDEX_ENTITY_ABSENT,set_namespace_absent,,,,,,,,A0_NOT_APPLICABLE,ASSET_NOT_APPLICABLE,,
swsh9.5tg-TG21,swsh9.5tg,Brilliant Stars Trainer Gallery,TG21,Rapid Strike Urshifu VMAX,T3_TCGDEX_ENTITY_ABSENT,set_namespace_absent,,,,,,,,A0_NOT_APPLICABLE,ASSET_NOT_APPLICABLE,,
swsh9.5tg-TG22,swsh9.5tg,Brilliant Stars Trainer Gallery,TG22,Umbreon V,T3_TCGDEX_ENTITY_ABSENT,set_namespace_absent,,,,,,,,A0_NOT_APPLICABLE,ASSET_NOT_APPLICABLE,,
swsh9.5tg-TG23,swsh9.5tg,Brilliant Stars Trainer Gallery,TG23,Umbreon VMAX,T3_TCGDEX_ENTITY_ABSENT,set_namespace_absent,,,,,,,,A0_NOT_APPLICABLE,ASSET_NOT_APPLICABLE,,
swsh9.5tg-TG24,swsh9.5tg,Brilliant Stars Trainer Gallery,TG24,Acerola's Premonition,T3_TCGDEX_ENTITY_ABSENT,set_namespace_absent,,,,,,,,A0_NOT_APPLICABLE,ASSET_NOT_APPLICABLE,,
swsh9.5tg-TG25,swsh9.5tg,Brilliant Stars Trainer Gallery,TG25,Café Master,T3_TCGDEX_ENTITY_ABSENT,set_namespace_absent,,,,,,,,A0_NOT_APPLICABLE,ASSET_NOT_APPLICABLE,,
swsh9.5tg-TG26,swsh9.5tg,Brilliant Stars Trainer Gallery,TG26,Gloria,T3_TCGDEX_ENTITY_ABSENT,set_namespace_absent,,,,,,,,A0_NOT_APPLICABLE,ASSET_NOT_APPLICABLE,,
swsh9.5tg-TG27,swsh9.5tg,Brilliant Stars Trainer Gallery,TG27,Rapid Strike Style Mustard,T3_TCGDEX_ENTITY_ABSENT,set_namespace_absent,,,,,,,,A0_NOT_APPLICABLE,ASSET_NOT_APPLICABLE,,
swsh9.5tg-TG28,swsh9.5tg,Brilliant Stars Trainer Gallery,TG28,Single Strike Style Mustard,T3_TCGDEX_ENTITY_ABSENT,set_namespace_absent,,,,,,,,A0_NOT_APPLICABLE,ASSET_NOT_APPLICABLE,,
swsh9.5tg-TG29,swsh9.5tg,Brilliant Stars Trainer Gallery,TG29,Single Strike Urshifu VMAX,T3_TCGDEX_ENTITY_ABSENT,set_namespace_absent,,,,,,,,A0_NOT_APPLICABLE,ASSET_NOT_APPLICABLE,,
swsh9.5tg-TG30,swsh9.5tg,Brilliant Stars Trainer Gallery,TG30,Rapid Strike Urshifu VMAX,T3_TCGDEX_ENTITY_ABSENT,set_namespace_absent,,,,,,,,A0_NOT_APPLICABLE,ASSET_NOT_APPLICABLE,,
swshp-SWSH074,swshp,SWSH Black Star Promos,SWSH074,Special Delivery Pikachu,T2_TCGDEX_ENTITY_PRESENT_IMAGE_ABSENT,brief_image_absent_field_projected,,,,,,,,A0_NOT_APPLICABLE,ASSET_NOT_APPLICABLE,,
swshp-SWSH075,swshp,SWSH Black Star Promos,SWSH075,Special Delivery Charizard,T2_TCGDEX_ENTITY_PRESENT_IMAGE_ABSENT,brief_image_absent_field_projected,,,,,,,,A0_NOT_APPLICABLE,ASSET_NOT_APPLICABLE,,
swshp-SWSH177,swshp,SWSH Black Star Promos,SWSH177,Special Delivery Bidoof,T2_TCGDEX_ENTITY_PRESENT_IMAGE_ABSENT,brief_image_absent_field_projected,,,,,,,,A0_NOT_APPLICABLE,ASSET_NOT_APPLICABLE,,
swshp-SWSH251,swshp,SWSH Black Star Promos,SWSH251,Boss's Orders,T2_TCGDEX_ENTITY_PRESENT_IMAGE_ABSENT,brief_image_absent_field_projected,,,,,,,,A0_NOT_APPLICABLE,ASSET_NOT_APPLICABLE,,
swshp-SWSH282,swshp,SWSH Black Star Promos,SWSH282,Galarian Articuno,T2_TCGDEX_ENTITY_PRESENT_IMAGE_ABSENT,brief_image_absent_field_projected,,,,,,,,A0_NOT_APPLICABLE,ASSET_NOT_APPLICABLE,,
swshp-SWSH283,swshp,SWSH Black Star Promos,SWSH283,Galarian Zapdos,T2_TCGDEX_ENTITY_PRESENT_IMAGE_ABSENT,brief_image_absent_field_projected,,,,,,,,A0_NOT_APPLICABLE,ASSET_NOT_APPLICABLE,,
swshp-SWSH284,swshp,SWSH Black Star Promos,SWSH284,Galarian Moltres,T2_TCGDEX_ENTITY_PRESENT_IMAGE_ABSENT,brief_image_absent_field_projected,,,,,,,,A0_NOT_APPLICABLE,ASSET_NOT_APPLICABLE,,
swshp-SWSH287,swshp,SWSH Black Star Promos,SWSH287,Morpeko V-UNION,T2_TCGDEX_ENTITY_PRESENT_IMAGE_ABSENT,brief_image_absent_field_projected,,,,,,,,A0_NOT_APPLICABLE,ASSET_NOT_APPLICABLE,,
swshp-SWSH288,swshp,SWSH Black Star Promos,SWSH288,Morpeko V-UNION,T2_TCGDEX_ENTITY_PRESENT_IMAGE_ABSENT,brief_image_absent_field_projected,,,,,,,,A0_NOT_APPLICABLE,ASSET_NOT_APPLICABLE,,
swshp-SWSH289,swshp,SWSH Black Star Promos,SWSH289,Morpeko V-UNION,T2_TCGDEX_ENTITY_PRESENT_IMAGE_ABSENT,brief_image_absent_field_projected,,,,,,,,A0_NOT_APPLICABLE,ASSET_NOT_APPLICABLE,,
swshp-SWSH290,swshp,SWSH Black Star Promos,SWSH290,Morpeko V-UNION,T2_TCGDEX_ENTITY_PRESENT_IMAGE_ABSENT,brief_image_absent_field_projected,,,,,,,,A0_NOT_APPLICABLE,ASSET_NOT_APPLICABLE,,
swshp-SWSH292,swshp,SWSH Black Star Promos,SWSH292,Zacian V,T2_TCGDEX_ENTITY_PRESENT_IMAGE_ABSENT,brief_image_absent_field_projected,,,,,,,,A0_NOT_APPLICABLE,ASSET_NOT_APPLICABLE,,
swshp-SWSH293,swshp,SWSH Black Star Promos,SWSH293,Zamazenta V,T2_TCGDEX_ENTITY_PRESENT_IMAGE_ABSENT,brief_image_absent_field_projected,,,,,,,,A0_NOT_APPLICABLE,ASSET_NOT_APPLICABLE,,
swshp-SWSH301,swshp,SWSH Black Star Promos,SWSH301,Lugia V,T2_TCGDEX_ENTITY_PRESENT_IMAGE_ABSENT,brief_image_absent_field_projected,,,,,,,,A0_NOT_APPLICABLE,ASSET_NOT_APPLICABLE,,
swshp-SWSH302,swshp,SWSH Black Star Promos,SWSH302,Klara,T2_TCGDEX_ENTITY_PRESENT_IMAGE_ABSENT,brief_image_absent_field_projected,,,,,,,,A0_NOT_APPLICABLE,ASSET_NOT_APPLICABLE,,
swshp-SWSH306,swshp,SWSH Black Star Promos,SWSH306,Arceus V,T2_TCGDEX_ENTITY_PRESENT_IMAGE_ABSENT,brief_image_absent_field_projected,,,,,,,,A0_NOT_APPLICABLE,ASSET_NOT_APPLICABLE,,
swshp-SWSH307,swshp,SWSH Black Star Promos,SWSH307,Arceus VSTAR,T2_TCGDEX_ENTITY_PRESENT_IMAGE_ABSENT,brief_image_absent_field_projected,,,,,,,,A0_NOT_APPLICABLE,ASSET_NOT_APPLICABLE,,
tk-bw-e-1,tk-bw-e,BW trainer Kit (Excadrill),1,Lillipup,T2_TCGDEX_ENTITY_PRESENT_IMAGE_ABSENT,card_image_absent,,,,,,,,A0_NOT_APPLICABLE,ASSET_NOT_APPLICABLE,,
tk-bw-e-10,tk-bw-e,BW trainer Kit (Excadrill),10,Fighting Energy,T2_TCGDEX_ENTITY_PRESENT_IMAGE_ABSENT,card_image_absent,,,,,,,,A0_NOT_APPLICABLE,ASSET_NOT_APPLICABLE,,
tk-bw-e-11,tk-bw-e,BW trainer Kit (Excadrill),11,Timburr,T2_TCGDEX_ENTITY_PRESENT_IMAGE_ABSENT,card_image_absent,,,,,,,,A0_NOT_APPLICABLE,ASSET_NOT_APPLICABLE,,
tk-bw-e-12,tk-bw-e,BW trainer Kit (Excadrill),12,Audino,T2_TCGDEX_ENTITY_PRESENT_IMAGE_ABSENT,card_image_absent,,,,,,,,A0_NOT_APPLICABLE,ASSET_NOT_APPLICABLE,,
tk-bw-e-13,tk-bw-e,BW trainer Kit (Excadrill),13,Drilbur,T2_TCGDEX_ENTITY_PRESENT_IMAGE_ABSENT,card_image_absent,,,,,,,,A0_NOT_APPLICABLE,ASSET_NOT_APPLICABLE,,
tk-bw-e-14,tk-bw-e,BW trainer Kit (Excadrill),14,Gurdurr,T2_TCGDEX_ENTITY_PRESENT_IMAGE_ABSENT,card_image_absent,,,,,,,,A0_NOT_APPLICABLE,ASSET_NOT_APPLICABLE,,
tk-bw-e-15,tk-bw-e,BW trainer Kit (Excadrill),15,Potion,T2_TCGDEX_ENTITY_PRESENT_IMAGE_ABSENT,card_image_absent,,,,,,,,A0_NOT_APPLICABLE,ASSET_NOT_APPLICABLE,,
tk-bw-e-16,tk-bw-e,BW trainer Kit (Excadrill),16,PlusPower,T2_TCGDEX_ENTITY_PRESENT_IMAGE_ABSENT,card_image_absent,,,,,,,,A0_NOT_APPLICABLE,ASSET_NOT_APPLICABLE,,
tk-bw-e-17,tk-bw-e,BW trainer Kit (Excadrill),17,Excadrill,T2_TCGDEX_ENTITY_PRESENT_IMAGE_ABSENT,card_image_absent,,,,,,,,A0_NOT_APPLICABLE,ASSET_NOT_APPLICABLE,,
tk-bw-e-18,tk-bw-e,BW trainer Kit (Excadrill),18,Audino,T2_TCGDEX_ENTITY_PRESENT_IMAGE_ABSENT,card_image_absent,,,,,,,,A0_NOT_APPLICABLE,ASSET_NOT_APPLICABLE,,
tk-bw-e-19,tk-bw-e,BW trainer Kit (Excadrill),19,Herdier,T2_TCGDEX_ENTITY_PRESENT_IMAGE_ABSENT,card_image_absent,,,,,,,,A0_NOT_APPLICABLE,ASSET_NOT_APPLICABLE,,
tk-bw-e-2,tk-bw-e,BW trainer Kit (Excadrill),2,Fighting Energy,T2_TCGDEX_ENTITY_PRESENT_IMAGE_ABSENT,card_image_absent,,,,,,,,A0_NOT_APPLICABLE,ASSET_NOT_APPLICABLE,,
tk-bw-e-20,tk-bw-e,BW trainer Kit (Excadrill),20,Fighting Energy,T2_TCGDEX_ENTITY_PRESENT_IMAGE_ABSENT,card_image_absent,,,,,,,,A0_NOT_APPLICABLE,ASSET_NOT_APPLICABLE,,
tk-bw-e-21,tk-bw-e,BW trainer Kit (Excadrill),21,Energy Search,T2_TCGDEX_ENTITY_PRESENT_IMAGE_ABSENT,card_image_absent,,,,,,,,A0_NOT_APPLICABLE,ASSET_NOT_APPLICABLE,,
tk-bw-e-22,tk-bw-e,BW trainer Kit (Excadrill),22,Fighting Energy,T2_TCGDEX_ENTITY_PRESENT_IMAGE_ABSENT,card_image_absent,,,,,,,,A0_NOT_APPLICABLE,ASSET_NOT_APPLICABLE,,
tk-bw-e-23,tk-bw-e,BW trainer Kit (Excadrill),23,Potion,T2_TCGDEX_ENTITY_PRESENT_IMAGE_ABSENT,card_image_absent,,,,,,,,A0_NOT_APPLICABLE,ASSET_NOT_APPLICABLE,,
tk-bw-e-24,tk-bw-e,BW trainer Kit (Excadrill),24,Pokémon Communication,T2_TCGDEX_ENTITY_PRESENT_IMAGE_ABSENT,card_image_absent,,,,,,,,A0_NOT_APPLICABLE,ASSET_NOT_APPLICABLE,,
tk-bw-e-25,tk-bw-e,BW trainer Kit (Excadrill),25,Drilbur,T2_TCGDEX_ENTITY_PRESENT_IMAGE_ABSENT,card_image_absent,,,,,,,,A0_NOT_APPLICABLE,ASSET_NOT_APPLICABLE,,
tk-bw-e-26,tk-bw-e,BW trainer Kit (Excadrill),26,Fighting Energy,T2_TCGDEX_ENTITY_PRESENT_IMAGE_ABSENT,card_image_absent,,,,,,,,A0_NOT_APPLICABLE,ASSET_NOT_APPLICABLE,,
tk-bw-e-27,tk-bw-e,BW trainer Kit (Excadrill),27,Lillipup,T2_TCGDEX_ENTITY_PRESENT_IMAGE_ABSENT,card_image_absent,,,,,,,,A0_NOT_APPLICABLE,ASSET_NOT_APPLICABLE,,
tk-bw-e-28,tk-bw-e,BW trainer Kit (Excadrill),28,Fighting Energy,T2_TCGDEX_ENTITY_PRESENT_IMAGE_ABSENT,card_image_absent,,,,,,,,A0_NOT_APPLICABLE,ASSET_NOT_APPLICABLE,,
tk-bw-e-29,tk-bw-e,BW trainer Kit (Excadrill),29,Timburr,T2_TCGDEX_ENTITY_PRESENT_IMAGE_ABSENT,card_image_absent,,,,,,,,A0_NOT_APPLICABLE,ASSET_NOT_APPLICABLE,,
tk-bw-e-3,tk-bw-e,BW trainer Kit (Excadrill),3,Fighting Energy,T2_TCGDEX_ENTITY_PRESENT_IMAGE_ABSENT,card_image_absent,,,,,,,,A0_NOT_APPLICABLE,ASSET_NOT_APPLICABLE,,
tk-bw-e-30,tk-bw-e,BW trainer Kit (Excadrill),30,Excadrill,T2_TCGDEX_ENTITY_PRESENT_IMAGE_ABSENT,card_image_absent,,,,,,,,A0_NOT_APPLICABLE,ASSET_NOT_APPLICABLE,,
tk-bw-e-4,tk-bw-e,BW trainer Kit (Excadrill),4,Energy Switch,T2_TCGDEX_ENTITY_PRESENT_IMAGE_ABSENT,card_image_absent,,,,,,,,A0_NOT_APPLICABLE,ASSET_NOT_APPLICABLE,,
tk-bw-e-5,tk-bw-e,BW trainer Kit (Excadrill),5,Fighting Energy,T2_TCGDEX_ENTITY_PRESENT_IMAGE_ABSENT,card_image_absent,,,,,,,,A0_NOT_APPLICABLE,ASSET_NOT_APPLICABLE,,
tk-bw-e-6,tk-bw-e,BW trainer Kit (Excadrill),6,Fighting Energy,T2_TCGDEX_ENTITY_PRESENT_IMAGE_ABSENT,card_image_absent,,,,,,,,A0_NOT_APPLICABLE,ASSET_NOT_APPLICABLE,,
tk-bw-e-7,tk-bw-e,BW trainer Kit (Excadrill),7,Fighting Energy,T2_TCGDEX_ENTITY_PRESENT_IMAGE_ABSENT,card_image_absent,,,,,,,,A0_NOT_APPLICABLE,ASSET_NOT_APPLICABLE,,
tk-bw-e-8,tk-bw-e,BW trainer Kit (Excadrill),8,Fighting Energy,T2_TCGDEX_ENTITY_PRESENT_IMAGE_ABSENT,card_image_absent,,,,,,,,A0_NOT_APPLICABLE,ASSET_NOT_APPLICABLE,,
tk-bw-e-9,tk-bw-e,BW trainer Kit (Excadrill),9,Fighting Energy,T2_TCGDEX_ENTITY_PRESENT_IMAGE_ABSENT,card_image_absent,,,,,,,,A0_NOT_APPLICABLE,ASSET_NOT_APPLICABLE,,
tk-bw-z-1,tk-bw-z,BW trainer Kit (Zoroark),1,Purrloin,T2_TCGDEX_ENTITY_PRESENT_IMAGE_ABSENT,card_image_absent,,,,,,,,A0_NOT_APPLICABLE,ASSET_NOT_APPLICABLE,,
tk-bw-z-10,tk-bw-z,BW trainer Kit (Zoroark),10,Darkness Energy,T2_TCGDEX_ENTITY_PRESENT_IMAGE_ABSENT,card_image_absent,,,,,,,,A0_NOT_APPLICABLE,ASSET_NOT_APPLICABLE,,
tk-bw-z-11,tk-bw-z,BW trainer Kit (Zoroark),11,PlusPower,T2_TCGDEX_ENTITY_PRESENT_IMAGE_ABSENT,card_image_absent,,,,,,,,A0_NOT_APPLICABLE,ASSET_NOT_APPLICABLE,,
tk-bw-z-12,tk-bw-z,BW trainer Kit (Zoroark),12,Patrat,T2_TCGDEX_ENTITY_PRESENT_IMAGE_ABSENT,card_image_absent,,,,,,,,A0_NOT_APPLICABLE,ASSET_NOT_APPLICABLE,,
tk-bw-z-13,tk-bw-z,BW trainer Kit (Zoroark),13,Zorua,T2_TCGDEX_ENTITY_PRESENT_IMAGE_ABSENT,card_image_absent,,,,,,,,A0_NOT_APPLICABLE,ASSET_NOT_APPLICABLE,,
tk-bw-z-14,tk-bw-z,BW trainer Kit (Zoroark),14,Pidove,T2_TCGDEX_ENTITY_PRESENT_IMAGE_ABSENT,card_image_absent,,,,,,,,A0_NOT_APPLICABLE,ASSET_NOT_APPLICABLE,,
tk-bw-z-15,tk-bw-z,BW trainer Kit (Zoroark),15,Tranquill,T2_TCGDEX_ENTITY_PRESENT_IMAGE_ABSENT,card_image_absent,,,,,,,,A0_NOT_APPLICABLE,ASSET_NOT_APPLICABLE,,
tk-bw-z-16,tk-bw-z,BW trainer Kit (Zoroark),16,Energy Retrieval,T2_TCGDEX_ENTITY_PRESENT_IMAGE_ABSENT,card_image_absent,,,,,,,,A0_NOT_APPLICABLE,ASSET_NOT_APPLICABLE,,
tk-bw-z-17,tk-bw-z,BW trainer Kit (Zoroark),17,Zoroark,T2_TCGDEX_ENTITY_PRESENT_IMAGE_ABSENT,card_image_absent,,,,,,,,A0_NOT_APPLICABLE,ASSET_NOT_APPLICABLE,,
tk-bw-z-18,tk-bw-z,BW trainer Kit (Zoroark),18,Pokémon Communication,T2_TCGDEX_ENTITY_PRESENT_IMAGE_ABSENT,card_image_absent,,,,,,,,A0_NOT_APPLICABLE,ASSET_NOT_APPLICABLE,,
tk-bw-z-19,tk-bw-z,BW trainer Kit (Zoroark),19,Minccino,T2_TCGDEX_ENTITY_PRESENT_IMAGE_ABSENT,card_image_absent,,,,,,,,A0_NOT_APPLICABLE,ASSET_NOT_APPLICABLE,,
tk-bw-z-2,tk-bw-z,BW trainer Kit (Zoroark),2,Watchog,T2_TCGDEX_ENTITY_PRESENT_IMAGE_ABSENT,card_image_absent,,,,,,,,A0_NOT_APPLICABLE,ASSET_NOT_APPLICABLE,,
tk-bw-z-20,tk-bw-z,BW trainer Kit (Zoroark),20,Darkness Energy,T2_TCGDEX_ENTITY_PRESENT_IMAGE_ABSENT,card_image_absent,,,,,,,,A0_NOT_APPLICABLE,ASSET_NOT_APPLICABLE,,
tk-bw-z-21,tk-bw-z,BW trainer Kit (Zoroark),21,Pidove,T2_TCGDEX_ENTITY_PRESENT_IMAGE_ABSENT,card_image_absent,,,,,,,,A0_NOT_APPLICABLE,ASSET_NOT_APPLICABLE,,
tk-bw-z-22,tk-bw-z,BW trainer Kit (Zoroark),22,Darkness Energy,T2_TCGDEX_ENTITY_PRESENT_IMAGE_ABSENT,card_image_absent,,,,,,,,A0_NOT_APPLICABLE,ASSET_NOT_APPLICABLE,,
tk-bw-z-23,tk-bw-z,BW trainer Kit (Zoroark),23,Zorua,T2_TCGDEX_ENTITY_PRESENT_IMAGE_ABSENT,card_image_absent,,,,,,,,A0_NOT_APPLICABLE,ASSET_NOT_APPLICABLE,,
tk-bw-z-24,tk-bw-z,BW trainer Kit (Zoroark),24,Darkness Energy,T2_TCGDEX_ENTITY_PRESENT_IMAGE_ABSENT,card_image_absent,,,,,,,,A0_NOT_APPLICABLE,ASSET_NOT_APPLICABLE,,
tk-bw-z-25,tk-bw-z,BW trainer Kit (Zoroark),25,Purrloin,T2_TCGDEX_ENTITY_PRESENT_IMAGE_ABSENT,card_image_absent,,,,,,,,A0_NOT_APPLICABLE,ASSET_NOT_APPLICABLE,,
tk-bw-z-26,tk-bw-z,BW trainer Kit (Zoroark),26,Darkness Energy,T2_TCGDEX_ENTITY_PRESENT_IMAGE_ABSENT,card_image_absent,,,,,,,,A0_NOT_APPLICABLE,ASSET_NOT_APPLICABLE,,
tk-bw-z-27,tk-bw-z,BW trainer Kit (Zoroark),27,Energy Search,T2_TCGDEX_ENTITY_PRESENT_IMAGE_ABSENT,card_image_absent,,,,,,,,A0_NOT_APPLICABLE,ASSET_NOT_APPLICABLE,,
tk-bw-z-28,tk-bw-z,BW trainer Kit (Zoroark),28,Darkness Energy,T2_TCGDEX_ENTITY_PRESENT_IMAGE_ABSENT,card_image_absent,,,,,,,,A0_NOT_APPLICABLE,ASSET_NOT_APPLICABLE,,
tk-bw-z-29,tk-bw-z,BW trainer Kit (Zoroark),29,Patrat,T2_TCGDEX_ENTITY_PRESENT_IMAGE_ABSENT,card_image_absent,,,,,,,,A0_NOT_APPLICABLE,ASSET_NOT_APPLICABLE,,
tk-bw-z-3,tk-bw-z,BW trainer Kit (Zoroark),3,Darkness Energy,T2_TCGDEX_ENTITY_PRESENT_IMAGE_ABSENT,card_image_absent,,,,,,,,A0_NOT_APPLICABLE,ASSET_NOT_APPLICABLE,,
tk-bw-z-30,tk-bw-z,BW trainer Kit (Zoroark),30,Zoroark,T2_TCGDEX_ENTITY_PRESENT_IMAGE_ABSENT,card_image_absent,,,,,,,,A0_NOT_APPLICABLE,ASSET_NOT_APPLICABLE,,
tk-bw-z-4,tk-bw-z,BW trainer Kit (Zoroark),4,Minccino,T2_TCGDEX_ENTITY_PRESENT_IMAGE_ABSENT,card_image_absent,,,,,,,,A0_NOT_APPLICABLE,ASSET_NOT_APPLICABLE,,
tk-bw-z-5,tk-bw-z,BW trainer Kit (Zoroark),5,Darkness Energy,T2_TCGDEX_ENTITY_PRESENT_IMAGE_ABSENT,card_image_absent,,,,,,,,A0_NOT_APPLICABLE,ASSET_NOT_APPLICABLE,,
tk-bw-z-6,tk-bw-z,BW trainer Kit (Zoroark),6,Darkness Energy,T2_TCGDEX_ENTITY_PRESENT_IMAGE_ABSENT,card_image_absent,,,,,,,,A0_NOT_APPLICABLE,ASSET_NOT_APPLICABLE,,
tk-bw-z-7,tk-bw-z,BW trainer Kit (Zoroark),7,Darkness Energy,T2_TCGDEX_ENTITY_PRESENT_IMAGE_ABSENT,card_image_absent,,,,,,,,A0_NOT_APPLICABLE,ASSET_NOT_APPLICABLE,,
tk-bw-z-8,tk-bw-z,BW trainer Kit (Zoroark),8,Darkness Energy,T2_TCGDEX_ENTITY_PRESENT_IMAGE_ABSENT,card_image_absent,,,,,,,,A0_NOT_APPLICABLE,ASSET_NOT_APPLICABLE,,
tk-bw-z-9,tk-bw-z,BW trainer Kit (Zoroark),9,Darkness Energy,T2_TCGDEX_ENTITY_PRESENT_IMAGE_ABSENT,card_image_absent,,,,,,,,A0_NOT_APPLICABLE,ASSET_NOT_APPLICABLE,,
tk-dp-l-1,tk-dp-l,DP trainer Kit (Lucario),1,Geodude,T2_TCGDEX_ENTITY_PRESENT_IMAGE_ABSENT,card_image_absent,,,,,,,,A0_NOT_APPLICABLE,ASSET_NOT_APPLICABLE,,
tk-dp-l-10,tk-dp-l,DP trainer Kit (Lucario),10,Quick Ball,T2_TCGDEX_ENTITY_PRESENT_IMAGE_ABSENT,card_image_absent,,,,,,,,A0_NOT_APPLICABLE,ASSET_NOT_APPLICABLE,,
tk-dp-l-11,tk-dp-l,DP trainer Kit (Lucario),11,Fighting Energy,T2_TCGDEX_ENTITY_PRESENT_IMAGE_ABSENT,card_image_absent,,,,,,,,A0_NOT_APPLICABLE,ASSET_NOT_APPLICABLE,,
tk-dp-l-2,tk-dp-l,DP trainer Kit (Lucario),2,Graveler,T2_TCGDEX_ENTITY_PRESENT_IMAGE_ABSENT,card_image_absent,,,,,,,,A0_NOT_APPLICABLE,ASSET_NOT_APPLICABLE,,
tk-dp-l-3,tk-dp-l,DP trainer Kit (Lucario),3,Lucario,T2_TCGDEX_ENTITY_PRESENT_IMAGE_ABSENT,card_image_absent,,,,,,,,A0_NOT_APPLICABLE,ASSET_NOT_APPLICABLE,,
tk-dp-l-4,tk-dp-l,DP trainer Kit (Lucario),4,Machoke,T2_TCGDEX_ENTITY_PRESENT_IMAGE_ABSENT,card_image_absent,,,,,,,,A0_NOT_APPLICABLE,ASSET_NOT_APPLICABLE,,
tk-dp-l-5,tk-dp-l,DP trainer Kit (Lucario),5,Machop,T2_TCGDEX_ENTITY_PRESENT_IMAGE_ABSENT,card_image_absent,,,,,,,,A0_NOT_APPLICABLE,ASSET_NOT_APPLICABLE,,
tk-dp-l-6,tk-dp-l,DP trainer Kit (Lucario),6,Riolu,T2_TCGDEX_ENTITY_PRESENT_IMAGE_ABSENT,card_image_absent,,,,,,,,A0_NOT_APPLICABLE,ASSET_NOT_APPLICABLE,,
tk-dp-l-7,tk-dp-l,DP trainer Kit (Lucario),7,Starly,T2_TCGDEX_ENTITY_PRESENT_IMAGE_ABSENT,card_image_absent,,,,,,,,A0_NOT_APPLICABLE,ASSET_NOT_APPLICABLE,,
tk-dp-l-8,tk-dp-l,DP trainer Kit (Lucario),8,Energy Search,T2_TCGDEX_ENTITY_PRESENT_IMAGE_ABSENT,card_image_absent,,,,,,,,A0_NOT_APPLICABLE,ASSET_NOT_APPLICABLE,,
tk-dp-l-9,tk-dp-l,DP trainer Kit (Lucario),9,Potion,T2_TCGDEX_ENTITY_PRESENT_IMAGE_ABSENT,card_image_absent,,,,,,,,A0_NOT_APPLICABLE,ASSET_NOT_APPLICABLE,,
tk-dp-m-1,tk-dp-m,DP trainer Kit (Manaphy),1,Buizel,T2_TCGDEX_ENTITY_PRESENT_IMAGE_ABSENT,card_image_absent,,,,,,,,A0_NOT_APPLICABLE,ASSET_NOT_APPLICABLE,,
tk-dp-m-10,tk-dp-m,DP trainer Kit (Manaphy),10,Energy Search,T2_TCGDEX_ENTITY_PRESENT_IMAGE_ABSENT,card_image_absent,,,,,,,,A0_NOT_APPLICABLE,ASSET_NOT_APPLICABLE,,
tk-dp-m-11,tk-dp-m,DP trainer Kit (Manaphy),11,Potion,T2_TCGDEX_ENTITY_PRESENT_IMAGE_ABSENT,card_image_absent,,,,,,,,A0_NOT_APPLICABLE,ASSET_NOT_APPLICABLE,,
tk-dp-m-12,tk-dp-m,DP trainer Kit (Manaphy),12,Water Energy,T2_TCGDEX_ENTITY_PRESENT_IMAGE_ABSENT,card_image_absent,,,,,,,,A0_NOT_APPLICABLE,ASSET_NOT_APPLICABLE,,
tk-dp-m-2,tk-dp-m,DP trainer Kit (Manaphy),2,Floatzel,T2_TCGDEX_ENTITY_PRESENT_IMAGE_ABSENT,card_image_absent,,,,,,,,A0_NOT_APPLICABLE,ASSET_NOT_APPLICABLE,,
tk-dp-m-3,tk-dp-m,DP trainer Kit (Manaphy),3,Goldeen,T2_TCGDEX_ENTITY_PRESENT_IMAGE_ABSENT,card_image_absent,,,,,,,,A0_NOT_APPLICABLE,ASSET_NOT_APPLICABLE,,
tk-dp-m-4,tk-dp-m,DP trainer Kit (Manaphy),4,Manaphy,T2_TCGDEX_ENTITY_PRESENT_IMAGE_ABSENT,card_image_absent,,,,,,,,A0_NOT_APPLICABLE,ASSET_NOT_APPLICABLE,,
tk-dp-m-5,tk-dp-m,DP trainer Kit (Manaphy),5,Piplup,T2_TCGDEX_ENTITY_PRESENT_IMAGE_ABSENT,card_image_absent,,,,,,,,A0_NOT_APPLICABLE,ASSET_NOT_APPLICABLE,,
tk-dp-m-6,tk-dp-m,DP trainer Kit (Manaphy),6,Prinplup,T2_TCGDEX_ENTITY_PRESENT_IMAGE_ABSENT,card_image_absent,,,,,,,,A0_NOT_APPLICABLE,ASSET_NOT_APPLICABLE,,
tk-dp-m-7,tk-dp-m,DP trainer Kit (Manaphy),7,Seaking,T2_TCGDEX_ENTITY_PRESENT_IMAGE_ABSENT,card_image_absent,,,,,,,,A0_NOT_APPLICABLE,ASSET_NOT_APPLICABLE,,
tk-dp-m-8,tk-dp-m,DP trainer Kit (Manaphy),8,Totodile,T2_TCGDEX_ENTITY_PRESENT_IMAGE_ABSENT,card_image_absent,,,,,,,,A0_NOT_APPLICABLE,ASSET_NOT_APPLICABLE,,
tk-dp-m-9,tk-dp-m,DP trainer Kit (Manaphy),9,Dusk Ball,T2_TCGDEX_ENTITY_PRESENT_IMAGE_ABSENT,card_image_absent,,,,,,,,A0_NOT_APPLICABLE,ASSET_NOT_APPLICABLE,,
tk-ex-latia-1,tk-ex-latia,EX trainer Kit (Latias),1,Bagon,T2_TCGDEX_ENTITY_PRESENT_IMAGE_ABSENT,card_image_absent,,,,,,,,A0_NOT_APPLICABLE,ASSET_NOT_APPLICABLE,,
tk-ex-latia-10,tk-ex-latia,EX trainer Kit (Latias),10,Fire Energy,T2_TCGDEX_ENTITY_PRESENT_IMAGE_ABSENT,card_image_absent,,,,,,,,A0_NOT_APPLICABLE,ASSET_NOT_APPLICABLE,,
tk-ex-latia-2,tk-ex-latia,EX trainer Kit (Latias),2,Combusken,T2_TCGDEX_ENTITY_PRESENT_IMAGE_ABSENT,card_image_absent,,,,,,,,A0_NOT_APPLICABLE,ASSET_NOT_APPLICABLE,,
tk-ex-latia-3,tk-ex-latia,EX trainer Kit (Latias),3,Delcatty,T2_TCGDEX_ENTITY_PRESENT_IMAGE_ABSENT,card_image_absent,,,,,,,,A0_NOT_APPLICABLE,ASSET_NOT_APPLICABLE,,
tk-ex-latia-4,tk-ex-latia,EX trainer Kit (Latias),4,Latias,T2_TCGDEX_ENTITY_PRESENT_IMAGE_ABSENT,card_image_absent,,,,,,,,A0_NOT_APPLICABLE,ASSET_NOT_APPLICABLE,,
tk-ex-latia-5,tk-ex-latia,EX trainer Kit (Latias),5,Numel,T2_TCGDEX_ENTITY_PRESENT_IMAGE_ABSENT,card_image_absent,,,,,,,,A0_NOT_APPLICABLE,ASSET_NOT_APPLICABLE,,
tk-ex-latia-6,tk-ex-latia,EX trainer Kit (Latias),6,Skitty,T2_TCGDEX_ENTITY_PRESENT_IMAGE_ABSENT,card_image_absent,,,,,,,,A0_NOT_APPLICABLE,ASSET_NOT_APPLICABLE,,
tk-ex-latia-7,tk-ex-latia,EX trainer Kit (Latias),7,Torchic,T2_TCGDEX_ENTITY_PRESENT_IMAGE_ABSENT,card_image_absent,,,,,,,,A0_NOT_APPLICABLE,ASSET_NOT_APPLICABLE,,
tk-ex-latia-8,tk-ex-latia,EX trainer Kit (Latias),8,Potion,T2_TCGDEX_ENTITY_PRESENT_IMAGE_ABSENT,card_image_absent,,,,,,,,A0_NOT_APPLICABLE,ASSET_NOT_APPLICABLE,,
tk-ex-latia-9,tk-ex-latia,EX trainer Kit (Latias),9,Energy Search,T2_TCGDEX_ENTITY_PRESENT_IMAGE_ABSENT,card_image_absent,,,,,,,,A0_NOT_APPLICABLE,ASSET_NOT_APPLICABLE,,
tk-ex-latio-1,tk-ex-latio,EX trainer Kit (Latios),1,Electrike,T2_TCGDEX_ENTITY_PRESENT_IMAGE_ABSENT,card_image_absent,,,,,,,,A0_NOT_APPLICABLE,ASSET_NOT_APPLICABLE,,
tk-ex-latio-10,tk-ex-latio,EX trainer Kit (Latios),10,Lightning Energy,T2_TCGDEX_ENTITY_PRESENT_IMAGE_ABSENT,card_image_absent,,,,,,,,A0_NOT_APPLICABLE,ASSET_NOT_APPLICABLE,,
tk-ex-latio-2,tk-ex-latio,EX trainer Kit (Latios),2,Latios,T2_TCGDEX_ENTITY_PRESENT_IMAGE_ABSENT,card_image_absent,,,,,,,,A0_NOT_APPLICABLE,ASSET_NOT_APPLICABLE,,
tk-ex-latio-3,tk-ex-latio,EX trainer Kit (Latios),3,Linoone,T2_TCGDEX_ENTITY_PRESENT_IMAGE_ABSENT,card_image_absent,,,,,,,,A0_NOT_APPLICABLE,ASSET_NOT_APPLICABLE,,
tk-ex-latio-4,tk-ex-latio,EX trainer Kit (Latios),4,Magnemite,T2_TCGDEX_ENTITY_PRESENT_IMAGE_ABSENT,card_image_absent,,,,,,,,A0_NOT_APPLICABLE,ASSET_NOT_APPLICABLE,,
tk-ex-latio-5,tk-ex-latio,EX trainer Kit (Latios),5,Magneton,T2_TCGDEX_ENTITY_PRESENT_IMAGE_ABSENT,card_image_absent,,,,,,,,A0_NOT_APPLICABLE,ASSET_NOT_APPLICABLE,,
tk-ex-latio-6,tk-ex-latio,EX trainer Kit (Latios),6,Pikachu,T2_TCGDEX_ENTITY_PRESENT_IMAGE_ABSENT,card_image_absent,,,,,,,,A0_NOT_APPLICABLE,ASSET_NOT_APPLICABLE,,
tk-ex-latio-7,tk-ex-latio,EX trainer Kit (Latios),7,Zigzagoon,T2_TCGDEX_ENTITY_PRESENT_IMAGE_ABSENT,card_image_absent,,,,,,,,A0_NOT_APPLICABLE,ASSET_NOT_APPLICABLE,,
tk-ex-latio-8,tk-ex-latio,EX trainer Kit (Latios),8,Potion,T2_TCGDEX_ENTITY_PRESENT_IMAGE_ABSENT,card_image_absent,,,,,,,,A0_NOT_APPLICABLE,ASSET_NOT_APPLICABLE,,
tk-ex-latio-9,tk-ex-latio,EX trainer Kit (Latios),9,Energy Search,T2_TCGDEX_ENTITY_PRESENT_IMAGE_ABSENT,card_image_absent,,,,,,,,A0_NOT_APPLICABLE,ASSET_NOT_APPLICABLE,,
tk-ex-m-1,tk-ex-m,EX trainer Kit 2 (Minun),1,Arcanine,T2_TCGDEX_ENTITY_PRESENT_IMAGE_ABSENT,card_image_absent,,,,,,,,A0_NOT_APPLICABLE,ASSET_NOT_APPLICABLE,,
tk-ex-m-10,tk-ex-m,EX trainer Kit 2 (Minun),10,Potion,T2_TCGDEX_ENTITY_PRESENT_IMAGE_ABSENT,card_image_absent,,,,,,,,A0_NOT_APPLICABLE,ASSET_NOT_APPLICABLE,,
tk-ex-m-11,tk-ex-m,EX trainer Kit 2 (Minun),11,Fire Energy,T2_TCGDEX_ENTITY_PRESENT_IMAGE_ABSENT,card_image_absent,,,,,,,,A0_NOT_APPLICABLE,ASSET_NOT_APPLICABLE,,
tk-ex-m-12,tk-ex-m,EX trainer Kit 2 (Minun),12,Lightning Energy,T2_TCGDEX_ENTITY_PRESENT_IMAGE_ABSENT,card_image_absent,,,,,,,,A0_NOT_APPLICABLE,ASSET_NOT_APPLICABLE,,
tk-ex-m-2,tk-ex-m,EX trainer Kit 2 (Minun),2,Charmander,T2_TCGDEX_ENTITY_PRESENT_IMAGE_ABSENT,card_image_absent,,,,,,,,A0_NOT_APPLICABLE,ASSET_NOT_APPLICABLE,,
tk-ex-m-3,tk-ex-m,EX trainer Kit 2 (Minun),3,Charmeleon,T2_TCGDEX_ENTITY_PRESENT_IMAGE_ABSENT,card_image_absent,,,,,,,,A0_NOT_APPLICABLE,ASSET_NOT_APPLICABLE,,
tk-ex-m-4,tk-ex-m,EX trainer Kit 2 (Minun),4,Growlithe,T2_TCGDEX_ENTITY_PRESENT_IMAGE_ABSENT,card_image_absent,,,,,,,,A0_NOT_APPLICABLE,ASSET_NOT_APPLICABLE,,
tk-ex-m-5,tk-ex-m,EX trainer Kit 2 (Minun),5,Mareep,T2_TCGDEX_ENTITY_PRESENT_IMAGE_ABSENT,card_image_absent,,,,,,,,A0_NOT_APPLICABLE,ASSET_NOT_APPLICABLE,,
tk-ex-m-6,tk-ex-m,EX trainer Kit 2 (Minun),6,Minun,T2_TCGDEX_ENTITY_PRESENT_IMAGE_ABSENT,card_image_absent,,,,,,,,A0_NOT_APPLICABLE,ASSET_NOT_APPLICABLE,,
tk-ex-m-7,tk-ex-m,EX trainer Kit 2 (Minun),7,Vulpix,T2_TCGDEX_ENTITY_PRESENT_IMAGE_ABSENT,card_image_absent,,,,,,,,A0_NOT_APPLICABLE,ASSET_NOT_APPLICABLE,,
tk-ex-m-8,tk-ex-m,EX trainer Kit 2 (Minun),8,Celio's Network,T2_TCGDEX_ENTITY_PRESENT_IMAGE_ABSENT,card_image_absent,,,,,,,,A0_NOT_APPLICABLE,ASSET_NOT_APPLICABLE,,
tk-ex-m-9,tk-ex-m,EX trainer Kit 2 (Minun),9,Energy Search,T2_TCGDEX_ENTITY_PRESENT_IMAGE_ABSENT,card_image_absent,,,,,,,,A0_NOT_APPLICABLE,ASSET_NOT_APPLICABLE,,
tk-ex-p-1,tk-ex-p,EX trainer Kit 2 (Plusle),1,Beldum,T2_TCGDEX_ENTITY_PRESENT_IMAGE_ABSENT,card_image_absent,,,,,,,,A0_NOT_APPLICABLE,ASSET_NOT_APPLICABLE,,
tk-ex-p-10,tk-ex-p,EX trainer Kit 2 (Plusle),10,Professor Cozmo's Discovery,T2_TCGDEX_ENTITY_PRESENT_IMAGE_ABSENT,card_image_absent,,,,,,,,A0_NOT_APPLICABLE,ASSET_NOT_APPLICABLE,,
tk-ex-p-11,tk-ex-p,EX trainer Kit 2 (Plusle),11,Lightning Energy,T2_TCGDEX_ENTITY_PRESENT_IMAGE_ABSENT,card_image_absent,,,,,,,,A0_NOT_APPLICABLE,ASSET_NOT_APPLICABLE,,
tk-ex-p-12,tk-ex-p,EX trainer Kit 2 (Plusle),12,Psychic Energy,T2_TCGDEX_ENTITY_PRESENT_IMAGE_ABSENT,card_image_absent,,,,,,,,A0_NOT_APPLICABLE,ASSET_NOT_APPLICABLE,,
tk-ex-p-2,tk-ex-p,EX trainer Kit 2 (Plusle),2,Electrike,T2_TCGDEX_ENTITY_PRESENT_IMAGE_ABSENT,card_image_absent,,,,,,,,A0_NOT_APPLICABLE,ASSET_NOT_APPLICABLE,,
tk-ex-p-3,tk-ex-p,EX trainer Kit 2 (Plusle),3,Grumpig,T2_TCGDEX_ENTITY_PRESENT_IMAGE_ABSENT,card_image_absent,,,,,,,,A0_NOT_APPLICABLE,ASSET_NOT_APPLICABLE,,
tk-ex-p-4,tk-ex-p,EX trainer Kit 2 (Plusle),4,Meowth,T2_TCGDEX_ENTITY_PRESENT_IMAGE_ABSENT,card_image_absent,,,,,,,,A0_NOT_APPLICABLE,ASSET_NOT_APPLICABLE,,
tk-ex-p-5,tk-ex-p,EX trainer Kit 2 (Plusle),5,Metang,T2_TCGDEX_ENTITY_PRESENT_IMAGE_ABSENT,card_image_absent,,,,,,,,A0_NOT_APPLICABLE,ASSET_NOT_APPLICABLE,,
tk-ex-p-6,tk-ex-p,EX trainer Kit 2 (Plusle),6,Plusle,T2_TCGDEX_ENTITY_PRESENT_IMAGE_ABSENT,card_image_absent,,,,,,,,A0_NOT_APPLICABLE,ASSET_NOT_APPLICABLE,,
tk-ex-p-7,tk-ex-p,EX trainer Kit 2 (Plusle),7,Spoink,T2_TCGDEX_ENTITY_PRESENT_IMAGE_ABSENT,card_image_absent,,,,,,,,A0_NOT_APPLICABLE,ASSET_NOT_APPLICABLE,,
tk-ex-p-8,tk-ex-p,EX trainer Kit 2 (Plusle),8,Energy Search,T2_TCGDEX_ENTITY_PRESENT_IMAGE_ABSENT,card_image_absent,,,,,,,,A0_NOT_APPLICABLE,ASSET_NOT_APPLICABLE,,
tk-ex-p-9,tk-ex-p,EX trainer Kit 2 (Plusle),9,Potion,T2_TCGDEX_ENTITY_PRESENT_IMAGE_ABSENT,card_image_absent,,,,,,,,A0_NOT_APPLICABLE,ASSET_NOT_APPLICABLE,,
tk-hs-g-20,tk-hs-g,HS trainer Kit (Gyarados),20,Gyarados,T2_TCGDEX_ENTITY_PRESENT_IMAGE_ABSENT,card_image_absent,,,,,,,,A0_NOT_APPLICABLE,ASSET_NOT_APPLICABLE,,
tk-hs-r-19,tk-hs-r,HS trainer Kit (Raichu),19,Raichu,T2_TCGDEX_ENTITY_PRESENT_IMAGE_ABSENT,card_image_absent,,,,,,,,A0_NOT_APPLICABLE,ASSET_NOT_APPLICABLE,,
tk-sm-l-1,tk-sm-l,SM trainer Kit (Lycanroc),1,Caterpie,T2_TCGDEX_ENTITY_PRESENT_IMAGE_ABSENT,card_image_absent,,,,,,,,A0_NOT_APPLICABLE,ASSET_NOT_APPLICABLE,,
tk-sm-l-11,tk-sm-l,SM trainer Kit (Lycanroc),11,Fletchling,T2_TCGDEX_ENTITY_PRESENT_IMAGE_ABSENT,card_image_absent,,,,,,,,A0_NOT_APPLICABLE,ASSET_NOT_APPLICABLE,,
tk-sm-l-12,tk-sm-l,SM trainer Kit (Lycanroc),12,Yungoos,T2_TCGDEX_ENTITY_PRESENT_IMAGE_ABSENT,card_image_absent,,,,,,,,A0_NOT_APPLICABLE,ASSET_NOT_APPLICABLE,,
tk-sm-l-13,tk-sm-l,SM trainer Kit (Lycanroc),13,Fletchinder,T2_TCGDEX_ENTITY_PRESENT_IMAGE_ABSENT,card_image_absent,,,,,,,,A0_NOT_APPLICABLE,ASSET_NOT_APPLICABLE,,
tk-sm-l-14,tk-sm-l,SM trainer Kit (Lycanroc),14,Rockruff,T2_TCGDEX_ENTITY_PRESENT_IMAGE_ABSENT,card_image_absent,,,,,,,,A0_NOT_APPLICABLE,ASSET_NOT_APPLICABLE,,
tk-sm-l-15,tk-sm-l,SM trainer Kit (Lycanroc),15,Pikipek,T2_TCGDEX_ENTITY_PRESENT_IMAGE_ABSENT,card_image_absent,,,,,,,,A0_NOT_APPLICABLE,ASSET_NOT_APPLICABLE,,
tk-sm-l-16,tk-sm-l,SM trainer Kit (Lycanroc),16,Lycanroc,T2_TCGDEX_ENTITY_PRESENT_IMAGE_ABSENT,card_image_absent,,,,,,,,A0_NOT_APPLICABLE,ASSET_NOT_APPLICABLE,,
tk-sm-l-18,tk-sm-l,SM trainer Kit (Lycanroc),18,Makuhita,T2_TCGDEX_ENTITY_PRESENT_IMAGE_ABSENT,card_image_absent,,,,,,,,A0_NOT_APPLICABLE,ASSET_NOT_APPLICABLE,,
tk-sm-l-19,tk-sm-l,SM trainer Kit (Lycanroc),19,Hau,T2_TCGDEX_ENTITY_PRESENT_IMAGE_ABSENT,card_image_absent,,,,,,,,A0_NOT_APPLICABLE,ASSET_NOT_APPLICABLE,,
tk-sm-l-21,tk-sm-l,SM trainer Kit (Lycanroc),21,Great Ball,T2_TCGDEX_ENTITY_PRESENT_IMAGE_ABSENT,card_image_absent,,,,,,,,A0_NOT_APPLICABLE,ASSET_NOT_APPLICABLE,,
tk-sm-l-22,tk-sm-l,SM trainer Kit (Lycanroc),22,Toucannon,T2_TCGDEX_ENTITY_PRESENT_IMAGE_ABSENT,card_image_absent,,,,,,,,A0_NOT_APPLICABLE,ASSET_NOT_APPLICABLE,,
tk-sm-l-23,tk-sm-l,SM trainer Kit (Lycanroc),23,Hau,T2_TCGDEX_ENTITY_PRESENT_IMAGE_ABSENT,card_image_absent,,,,,,,,A0_NOT_APPLICABLE,ASSET_NOT_APPLICABLE,,
tk-sm-l-25,tk-sm-l,SM trainer Kit (Lycanroc),25,Great Ball,T2_TCGDEX_ENTITY_PRESENT_IMAGE_ABSENT,card_image_absent,,,,,,,,A0_NOT_APPLICABLE,ASSET_NOT_APPLICABLE,,
tk-sm-l-27,tk-sm-l,SM trainer Kit (Lycanroc),27,Big Malasada,T2_TCGDEX_ENTITY_PRESENT_IMAGE_ABSENT,card_image_absent,,,,,,,,A0_NOT_APPLICABLE,ASSET_NOT_APPLICABLE,,
tk-sm-l-29,tk-sm-l,SM trainer Kit (Lycanroc),29,Rockruff,T2_TCGDEX_ENTITY_PRESENT_IMAGE_ABSENT,card_image_absent,,,,,,,,A0_NOT_APPLICABLE,ASSET_NOT_APPLICABLE,,
tk-sm-l-30,tk-sm-l,SM trainer Kit (Lycanroc),30,Lycanroc,T2_TCGDEX_ENTITY_PRESENT_IMAGE_ABSENT,card_image_absent,,,,,,,,A0_NOT_APPLICABLE,ASSET_NOT_APPLICABLE,,
tk-sm-l-4,tk-sm-l,SM trainer Kit (Lycanroc),4,Trumbeak,T2_TCGDEX_ENTITY_PRESENT_IMAGE_ABSENT,card_image_absent,,,,,,,,A0_NOT_APPLICABLE,ASSET_NOT_APPLICABLE,,
tk-sm-l-5,tk-sm-l,SM trainer Kit (Lycanroc),5,Fighting Energy,T2_TCGDEX_ENTITY_PRESENT_IMAGE_ABSENT,card_image_absent,,,,,,,,A0_NOT_APPLICABLE,ASSET_NOT_APPLICABLE,,
tk-sm-r-11,tk-sm-r,SM trainer Kit (Alolan Raichu),11,Zubat,T2_TCGDEX_ENTITY_PRESENT_IMAGE_ABSENT,card_image_absent,,,,,,,,A0_NOT_APPLICABLE,ASSET_NOT_APPLICABLE,,
tk-sm-r-13,tk-sm-r,SM trainer Kit (Alolan Raichu),13,Spearow,T2_TCGDEX_ENTITY_PRESENT_IMAGE_ABSENT,card_image_absent,,,,,,,,A0_NOT_APPLICABLE,ASSET_NOT_APPLICABLE,,
tk-sm-r-14,tk-sm-r,SM trainer Kit (Alolan Raichu),14,Pikachu,T2_TCGDEX_ENTITY_PRESENT_IMAGE_ABSENT,card_image_absent,,,,,,,,A0_NOT_APPLICABLE,ASSET_NOT_APPLICABLE,,
tk-sm-r-15,tk-sm-r,SM trainer Kit (Alolan Raichu),15,Potion,T2_TCGDEX_ENTITY_PRESENT_IMAGE_ABSENT,card_image_absent,,,,,,,,A0_NOT_APPLICABLE,ASSET_NOT_APPLICABLE,,
tk-sm-r-16,tk-sm-r,SM trainer Kit (Alolan Raichu),16,Grubbin,T2_TCGDEX_ENTITY_PRESENT_IMAGE_ABSENT,card_image_absent,,,,,,,,A0_NOT_APPLICABLE,ASSET_NOT_APPLICABLE,,
tk-sm-r-17,tk-sm-r,SM trainer Kit (Alolan Raichu),17,Alolan Raichu,T2_TCGDEX_ENTITY_PRESENT_IMAGE_ABSENT,card_image_absent,,,,,,,,A0_NOT_APPLICABLE,ASSET_NOT_APPLICABLE,,
tk-sm-r-18,tk-sm-r,SM trainer Kit (Alolan Raichu),18,Bewear,T2_TCGDEX_ENTITY_PRESENT_IMAGE_ABSENT,card_image_absent,,,,,,,,A0_NOT_APPLICABLE,ASSET_NOT_APPLICABLE,,
tk-sm-r-19,tk-sm-r,SM trainer Kit (Alolan Raichu),19,Hau,T2_TCGDEX_ENTITY_PRESENT_IMAGE_ABSENT,card_image_absent,,,,,,,,A0_NOT_APPLICABLE,ASSET_NOT_APPLICABLE,,
tk-sm-r-2,tk-sm-r,SM trainer Kit (Alolan Raichu),2,Lightning Energy,T2_TCGDEX_ENTITY_PRESENT_IMAGE_ABSENT,card_image_absent,,,,,,,,A0_NOT_APPLICABLE,ASSET_NOT_APPLICABLE,,
tk-sm-r-20,tk-sm-r,SM trainer Kit (Alolan Raichu),20,Psychic Energy,T2_TCGDEX_ENTITY_PRESENT_IMAGE_ABSENT,card_image_absent,,,,,,,,A0_NOT_APPLICABLE,ASSET_NOT_APPLICABLE,,
tk-sm-r-21,tk-sm-r,SM trainer Kit (Alolan Raichu),21,Great Ball,T2_TCGDEX_ENTITY_PRESENT_IMAGE_ABSENT,card_image_absent,,,,,,,,A0_NOT_APPLICABLE,ASSET_NOT_APPLICABLE,,
tk-sm-r-22,tk-sm-r,SM trainer Kit (Alolan Raichu),22,Drowzee,T2_TCGDEX_ENTITY_PRESENT_IMAGE_ABSENT,card_image_absent,,,,,,,,A0_NOT_APPLICABLE,ASSET_NOT_APPLICABLE,,
tk-sm-r-23,tk-sm-r,SM trainer Kit (Alolan Raichu),23,Hau,T2_TCGDEX_ENTITY_PRESENT_IMAGE_ABSENT,card_image_absent,,,,,,,,A0_NOT_APPLICABLE,ASSET_NOT_APPLICABLE,,
tk-sm-r-25,tk-sm-r,SM trainer Kit (Alolan Raichu),25,Great Ball,T2_TCGDEX_ENTITY_PRESENT_IMAGE_ABSENT,card_image_absent,,,,,,,,A0_NOT_APPLICABLE,ASSET_NOT_APPLICABLE,,
tk-sm-r-26,tk-sm-r,SM trainer Kit (Alolan Raichu),26,Togedemaru,T2_TCGDEX_ENTITY_PRESENT_IMAGE_ABSENT,card_image_absent,,,,,,,,A0_NOT_APPLICABLE,ASSET_NOT_APPLICABLE,,
tk-sm-r-29,tk-sm-r,SM trainer Kit (Alolan Raichu),29,Pikachu,T2_TCGDEX_ENTITY_PRESENT_IMAGE_ABSENT,card_image_absent,,,,,,,,A0_NOT_APPLICABLE,ASSET_NOT_APPLICABLE,,
tk-sm-r-30,tk-sm-r,SM trainer Kit (Alolan Raichu),30,Alolan Raichu,T2_TCGDEX_ENTITY_PRESENT_IMAGE_ABSENT,card_image_absent,,,,,,,,A0_NOT_APPLICABLE,ASSET_NOT_APPLICABLE,,
tk-sm-r-4,tk-sm-r,SM trainer Kit (Alolan Raichu),4,Stufful,T2_TCGDEX_ENTITY_PRESENT_IMAGE_ABSENT,card_image_absent,,,,,,,,A0_NOT_APPLICABLE,ASSET_NOT_APPLICABLE,,
tk-sm-r-6,tk-sm-r,SM trainer Kit (Alolan Raichu),6,Golbat,T2_TCGDEX_ENTITY_PRESENT_IMAGE_ABSENT,card_image_absent,,,,,,,,A0_NOT_APPLICABLE,ASSET_NOT_APPLICABLE,,
tk-xy-b-1,tk-xy-b,XY trainer Kit (Bisharp),1,Fletchling,T2_TCGDEX_ENTITY_PRESENT_IMAGE_ABSENT,card_image_absent,,,,,,,,A0_NOT_APPLICABLE,ASSET_NOT_APPLICABLE,,
tk-xy-b-10,tk-xy-b,XY trainer Kit (Bisharp),10,Metal Energy,T2_TCGDEX_ENTITY_PRESENT_IMAGE_ABSENT,card_image_absent,,,,,,,,A0_NOT_APPLICABLE,ASSET_NOT_APPLICABLE,,
tk-xy-b-11,tk-xy-b,XY trainer Kit (Bisharp),11,Honedge,T2_TCGDEX_ENTITY_PRESENT_IMAGE_ABSENT,card_image_absent,,,,,,,,A0_NOT_APPLICABLE,ASSET_NOT_APPLICABLE,,
tk-xy-b-12,tk-xy-b,XY trainer Kit (Bisharp),12,Bidoof,T2_TCGDEX_ENTITY_PRESENT_IMAGE_ABSENT,card_image_absent,,,,,,,,A0_NOT_APPLICABLE,ASSET_NOT_APPLICABLE,,
tk-xy-b-13,tk-xy-b,XY trainer Kit (Bisharp),13,Pawniard,T2_TCGDEX_ENTITY_PRESENT_IMAGE_ABSENT,card_image_absent,,,,,,,,A0_NOT_APPLICABLE,ASSET_NOT_APPLICABLE,,
tk-xy-b-14,tk-xy-b,XY trainer Kit (Bisharp),14,Doublade,T2_TCGDEX_ENTITY_PRESENT_IMAGE_ABSENT,card_image_absent,,,,,,,,A0_NOT_APPLICABLE,ASSET_NOT_APPLICABLE,,
tk-xy-b-15,tk-xy-b,XY trainer Kit (Bisharp),15,Slakoth,T2_TCGDEX_ENTITY_PRESENT_IMAGE_ABSENT,card_image_absent,,,,,,,,A0_NOT_APPLICABLE,ASSET_NOT_APPLICABLE,,
tk-xy-b-16,tk-xy-b,XY trainer Kit (Bisharp),16,Bisharp,T2_TCGDEX_ENTITY_PRESENT_IMAGE_ABSENT,card_image_absent,,,,,,,,A0_NOT_APPLICABLE,ASSET_NOT_APPLICABLE,,
tk-xy-b-17,tk-xy-b,XY trainer Kit (Bisharp),17,Patrat,T2_TCGDEX_ENTITY_PRESENT_IMAGE_ABSENT,card_image_absent,,,,,,,,A0_NOT_APPLICABLE,ASSET_NOT_APPLICABLE,,
tk-xy-b-18,tk-xy-b,XY trainer Kit (Bisharp),18,Metal Energy,T2_TCGDEX_ENTITY_PRESENT_IMAGE_ABSENT,card_image_absent,,,,,,,,A0_NOT_APPLICABLE,ASSET_NOT_APPLICABLE,,
tk-xy-b-19,tk-xy-b,XY trainer Kit (Bisharp),19,Tierno,T2_TCGDEX_ENTITY_PRESENT_IMAGE_ABSENT,card_image_absent,,,,,,,,A0_NOT_APPLICABLE,ASSET_NOT_APPLICABLE,,
tk-xy-b-2,tk-xy-b,XY trainer Kit (Bisharp),2,Metal Energy,T2_TCGDEX_ENTITY_PRESENT_IMAGE_ABSENT,card_image_absent,,,,,,,,A0_NOT_APPLICABLE,ASSET_NOT_APPLICABLE,,
tk-xy-b-20,tk-xy-b,XY trainer Kit (Bisharp),20,Trevor,T2_TCGDEX_ENTITY_PRESENT_IMAGE_ABSENT,card_image_absent,,,,,,,,A0_NOT_APPLICABLE,ASSET_NOT_APPLICABLE,,
tk-xy-b-21,tk-xy-b,XY trainer Kit (Bisharp),21,Pawniard,T2_TCGDEX_ENTITY_PRESENT_IMAGE_ABSENT,card_image_absent,,,,,,,,A0_NOT_APPLICABLE,ASSET_NOT_APPLICABLE,,
tk-xy-b-22,tk-xy-b,XY trainer Kit (Bisharp),22,Metal Energy,T2_TCGDEX_ENTITY_PRESENT_IMAGE_ABSENT,card_image_absent,,,,,,,,A0_NOT_APPLICABLE,ASSET_NOT_APPLICABLE,,
tk-xy-b-23,tk-xy-b,XY trainer Kit (Bisharp),23,Doublade,T2_TCGDEX_ENTITY_PRESENT_IMAGE_ABSENT,card_image_absent,,,,,,,,A0_NOT_APPLICABLE,ASSET_NOT_APPLICABLE,,
tk-xy-b-24,tk-xy-b,XY trainer Kit (Bisharp),24,Metal Energy,T2_TCGDEX_ENTITY_PRESENT_IMAGE_ABSENT,card_image_absent,,,,,,,,A0_NOT_APPLICABLE,ASSET_NOT_APPLICABLE,,
tk-xy-b-25,tk-xy-b,XY trainer Kit (Bisharp),25,Potion,T2_TCGDEX_ENTITY_PRESENT_IMAGE_ABSENT,card_image_absent,,,,,,,,A0_NOT_APPLICABLE,ASSET_NOT_APPLICABLE,,
tk-xy-b-26,tk-xy-b,XY trainer Kit (Bisharp),26,Slakoth,T2_TCGDEX_ENTITY_PRESENT_IMAGE_ABSENT,card_image_absent,,,,,,,,A0_NOT_APPLICABLE,ASSET_NOT_APPLICABLE,,
tk-xy-b-27,tk-xy-b,XY trainer Kit (Bisharp),27,Honedge,T2_TCGDEX_ENTITY_PRESENT_IMAGE_ABSENT,card_image_absent,,,,,,,,A0_NOT_APPLICABLE,ASSET_NOT_APPLICABLE,,
tk-xy-b-28,tk-xy-b,XY trainer Kit (Bisharp),28,Vigoroth,T2_TCGDEX_ENTITY_PRESENT_IMAGE_ABSENT,card_image_absent,,,,,,,,A0_NOT_APPLICABLE,ASSET_NOT_APPLICABLE,,
tk-xy-b-29,tk-xy-b,XY trainer Kit (Bisharp),29,Potion,T2_TCGDEX_ENTITY_PRESENT_IMAGE_ABSENT,card_image_absent,,,,,,,,A0_NOT_APPLICABLE,ASSET_NOT_APPLICABLE,,
tk-xy-b-3,tk-xy-b,XY trainer Kit (Bisharp),3,Metal Energy,T2_TCGDEX_ENTITY_PRESENT_IMAGE_ABSENT,card_image_absent,,,,,,,,A0_NOT_APPLICABLE,ASSET_NOT_APPLICABLE,,
tk-xy-b-30,tk-xy-b,XY trainer Kit (Bisharp),30,Bisharp,T2_TCGDEX_ENTITY_PRESENT_IMAGE_ABSENT,card_image_absent,,,,,,,,A0_NOT_APPLICABLE,ASSET_NOT_APPLICABLE,,
tk-xy-b-4,tk-xy-b,XY trainer Kit (Bisharp),4,Vigoroth,T2_TCGDEX_ENTITY_PRESENT_IMAGE_ABSENT,card_image_absent,,,,,,,,A0_NOT_APPLICABLE,ASSET_NOT_APPLICABLE,,
tk-xy-b-5,tk-xy-b,XY trainer Kit (Bisharp),5,Metal Energy,T2_TCGDEX_ENTITY_PRESENT_IMAGE_ABSENT,card_image_absent,,,,,,,,A0_NOT_APPLICABLE,ASSET_NOT_APPLICABLE,,
tk-xy-b-6,tk-xy-b,XY trainer Kit (Bisharp),6,Metal Energy,T2_TCGDEX_ENTITY_PRESENT_IMAGE_ABSENT,card_image_absent,,,,,,,,A0_NOT_APPLICABLE,ASSET_NOT_APPLICABLE,,
tk-xy-b-7,tk-xy-b,XY trainer Kit (Bisharp),7,Metal Energy,T2_TCGDEX_ENTITY_PRESENT_IMAGE_ABSENT,card_image_absent,,,,,,,,A0_NOT_APPLICABLE,ASSET_NOT_APPLICABLE,,
tk-xy-b-8,tk-xy-b,XY trainer Kit (Bisharp),8,Metal Energy,T2_TCGDEX_ENTITY_PRESENT_IMAGE_ABSENT,card_image_absent,,,,,,,,A0_NOT_APPLICABLE,ASSET_NOT_APPLICABLE,,
tk-xy-b-9,tk-xy-b,XY trainer Kit (Bisharp),9,Metal Energy,T2_TCGDEX_ENTITY_PRESENT_IMAGE_ABSENT,card_image_absent,,,,,,,,A0_NOT_APPLICABLE,ASSET_NOT_APPLICABLE,,
tk-xy-latia-1,tk-xy-latia,XY trainer Kit (Latias),1,Grass Energy,T2_TCGDEX_ENTITY_PRESENT_IMAGE_ABSENT,card_image_absent,,,,,,,,A0_NOT_APPLICABLE,ASSET_NOT_APPLICABLE,,
tk-xy-latia-10,tk-xy-latia,XY trainer Kit (Latias),10,Psychic Energy,T2_TCGDEX_ENTITY_PRESENT_IMAGE_ABSENT,card_image_absent,,,,,,,,A0_NOT_APPLICABLE,ASSET_NOT_APPLICABLE,,
tk-xy-latia-11,tk-xy-latia,XY trainer Kit (Latias),11,Lotad,T2_TCGDEX_ENTITY_PRESENT_IMAGE_ABSENT,card_image_absent,,,,,,,,A0_NOT_APPLICABLE,ASSET_NOT_APPLICABLE,,
tk-xy-latia-12,tk-xy-latia,XY trainer Kit (Latias),12,Tangrowth,T2_TCGDEX_ENTITY_PRESENT_IMAGE_ABSENT,card_image_absent,,,,,,,,A0_NOT_APPLICABLE,ASSET_NOT_APPLICABLE,,
tk-xy-latia-13,tk-xy-latia,XY trainer Kit (Latias),13,Tangela,T2_TCGDEX_ENTITY_PRESENT_IMAGE_ABSENT,card_image_absent,,,,,,,,A0_NOT_APPLICABLE,ASSET_NOT_APPLICABLE,,
tk-xy-latia-14,tk-xy-latia,XY trainer Kit (Latias),14,Latias,T2_TCGDEX_ENTITY_PRESENT_IMAGE_ABSENT,card_image_absent,,,,,,,,A0_NOT_APPLICABLE,ASSET_NOT_APPLICABLE,,
tk-xy-latia-15,tk-xy-latia,XY trainer Kit (Latias),15,Potion,T2_TCGDEX_ENTITY_PRESENT_IMAGE_ABSENT,card_image_absent,,,,,,,,A0_NOT_APPLICABLE,ASSET_NOT_APPLICABLE,,
tk-xy-latia-16,tk-xy-latia,XY trainer Kit (Latias),16,Surskit,T2_TCGDEX_ENTITY_PRESENT_IMAGE_ABSENT,card_image_absent,,,,,,,,A0_NOT_APPLICABLE,ASSET_NOT_APPLICABLE,,
tk-xy-latia-17,tk-xy-latia,XY trainer Kit (Latias),17,Psychic Energy,T2_TCGDEX_ENTITY_PRESENT_IMAGE_ABSENT,card_image_absent,,,,,,,,A0_NOT_APPLICABLE,ASSET_NOT_APPLICABLE,,
tk-xy-latia-18,tk-xy-latia,XY trainer Kit (Latias),18,Grovyle,T2_TCGDEX_ENTITY_PRESENT_IMAGE_ABSENT,card_image_absent,,,,,,,,A0_NOT_APPLICABLE,ASSET_NOT_APPLICABLE,,
tk-xy-latia-19,tk-xy-latia,XY trainer Kit (Latias),19,Grass Energy,T2_TCGDEX_ENTITY_PRESENT_IMAGE_ABSENT,card_image_absent,,,,,,,,A0_NOT_APPLICABLE,ASSET_NOT_APPLICABLE,,
tk-xy-latia-2,tk-xy-latia,XY trainer Kit (Latias),2,Grass Energy,T2_TCGDEX_ENTITY_PRESENT_IMAGE_ABSENT,card_image_absent,,,,,,,,A0_NOT_APPLICABLE,ASSET_NOT_APPLICABLE,,
tk-xy-latia-20,tk-xy-latia,XY trainer Kit (Latias),20,Acro Bike,T2_TCGDEX_ENTITY_PRESENT_IMAGE_ABSENT,card_image_absent,,,,,,,,A0_NOT_APPLICABLE,ASSET_NOT_APPLICABLE,,
tk-xy-latia-21,tk-xy-latia,XY trainer Kit (Latias),21,Lombre,T2_TCGDEX_ENTITY_PRESENT_IMAGE_ABSENT,card_image_absent,,,,,,,,A0_NOT_APPLICABLE,ASSET_NOT_APPLICABLE,,
tk-xy-latia-22,tk-xy-latia,XY trainer Kit (Latias),22,Psychic Energy,T2_TCGDEX_ENTITY_PRESENT_IMAGE_ABSENT,card_image_absent,,,,,,,,A0_NOT_APPLICABLE,ASSET_NOT_APPLICABLE,,
tk-xy-latia-23,tk-xy-latia,XY trainer Kit (Latias),23,Lotad,T2_TCGDEX_ENTITY_PRESENT_IMAGE_ABSENT,card_image_absent,,,,,,,,A0_NOT_APPLICABLE,ASSET_NOT_APPLICABLE,,
tk-xy-latia-24,tk-xy-latia,XY trainer Kit (Latias),24,Treecko,T2_TCGDEX_ENTITY_PRESENT_IMAGE_ABSENT,card_image_absent,,,,,,,,A0_NOT_APPLICABLE,ASSET_NOT_APPLICABLE,,
tk-xy-latia-25,tk-xy-latia,XY trainer Kit (Latias),25,Tangrowth,T2_TCGDEX_ENTITY_PRESENT_IMAGE_ABSENT,card_image_absent,,,,,,,,A0_NOT_APPLICABLE,ASSET_NOT_APPLICABLE,,
tk-xy-latia-26,tk-xy-latia,XY trainer Kit (Latias),26,Tangela,T2_TCGDEX_ENTITY_PRESENT_IMAGE_ABSENT,card_image_absent,,,,,,,,A0_NOT_APPLICABLE,ASSET_NOT_APPLICABLE,,
tk-xy-latia-27,tk-xy-latia,XY trainer Kit (Latias),27,Grovyle,T2_TCGDEX_ENTITY_PRESENT_IMAGE_ABSENT,card_image_absent,,,,,,,,A0_NOT_APPLICABLE,ASSET_NOT_APPLICABLE,,
tk-xy-latia-28,tk-xy-latia,XY trainer Kit (Latias),28,Psychic Energy,T2_TCGDEX_ENTITY_PRESENT_IMAGE_ABSENT,card_image_absent,,,,,,,,A0_NOT_APPLICABLE,ASSET_NOT_APPLICABLE,,
tk-xy-latia-29,tk-xy-latia,XY trainer Kit (Latias),29,Acro Bike,T2_TCGDEX_ENTITY_PRESENT_IMAGE_ABSENT,card_image_absent,,,,,,,,A0_NOT_APPLICABLE,ASSET_NOT_APPLICABLE,,
tk-xy-latia-3,tk-xy-latia,XY trainer Kit (Latias),3,Grass Energy,T2_TCGDEX_ENTITY_PRESENT_IMAGE_ABSENT,card_image_absent,,,,,,,,A0_NOT_APPLICABLE,ASSET_NOT_APPLICABLE,,
tk-xy-latia-30,tk-xy-latia,XY trainer Kit (Latias),30,Latias,T2_TCGDEX_ENTITY_PRESENT_IMAGE_ABSENT,card_image_absent,,,,,,,,A0_NOT_APPLICABLE,ASSET_NOT_APPLICABLE,,
tk-xy-latia-4,tk-xy-latia,XY trainer Kit (Latias),4,Fletchling,T2_TCGDEX_ENTITY_PRESENT_IMAGE_ABSENT,card_image_absent,,,,,,,,A0_NOT_APPLICABLE,ASSET_NOT_APPLICABLE,,
tk-xy-latia-5,tk-xy-latia,XY trainer Kit (Latias),5,Grass Energy,T2_TCGDEX_ENTITY_PRESENT_IMAGE_ABSENT,card_image_absent,,,,,,,,A0_NOT_APPLICABLE,ASSET_NOT_APPLICABLE,,
tk-xy-latia-6,tk-xy-latia,XY trainer Kit (Latias),6,Lombre,T2_TCGDEX_ENTITY_PRESENT_IMAGE_ABSENT,card_image_absent,,,,,,,,A0_NOT_APPLICABLE,ASSET_NOT_APPLICABLE,,
tk-xy-latia-7,tk-xy-latia,XY trainer Kit (Latias),7,Treecko,T2_TCGDEX_ENTITY_PRESENT_IMAGE_ABSENT,card_image_absent,,,,,,,,A0_NOT_APPLICABLE,ASSET_NOT_APPLICABLE,,
tk-xy-latia-8,tk-xy-latia,XY trainer Kit (Latias),8,Psychic Energy,T2_TCGDEX_ENTITY_PRESENT_IMAGE_ABSENT,card_image_absent,,,,,,,,A0_NOT_APPLICABLE,ASSET_NOT_APPLICABLE,,
tk-xy-latia-9,tk-xy-latia,XY trainer Kit (Latias),9,Psychic Energy,T2_TCGDEX_ENTITY_PRESENT_IMAGE_ABSENT,card_image_absent,,,,,,,,A0_NOT_APPLICABLE,ASSET_NOT_APPLICABLE,,
tk-xy-latio-1,tk-xy-latio,XY trainer Kit (Latios),1,Skitty,T2_TCGDEX_ENTITY_PRESENT_IMAGE_ABSENT,card_image_absent,,,,,,,,A0_NOT_APPLICABLE,ASSET_NOT_APPLICABLE,,
tk-xy-latio-10,tk-xy-latio,XY trainer Kit (Latios),10,Fighting Energy,T2_TCGDEX_ENTITY_PRESENT_IMAGE_ABSENT,card_image_absent,,,,,,,,A0_NOT_APPLICABLE,ASSET_NOT_APPLICABLE,,
tk-xy-latio-11,tk-xy-latio,XY trainer Kit (Latios),11,Machop,T2_TCGDEX_ENTITY_PRESENT_IMAGE_ABSENT,card_image_absent,,,,,,,,A0_NOT_APPLICABLE,ASSET_NOT_APPLICABLE,,
tk-xy-latio-12,tk-xy-latio,XY trainer Kit (Latios),12,Solrock,T2_TCGDEX_ENTITY_PRESENT_IMAGE_ABSENT,card_image_absent,,,,,,,,A0_NOT_APPLICABLE,ASSET_NOT_APPLICABLE,,
tk-xy-latio-13,tk-xy-latio,XY trainer Kit (Latios),13,Latios,T2_TCGDEX_ENTITY_PRESENT_IMAGE_ABSENT,card_image_absent,,,,,,,,A0_NOT_APPLICABLE,ASSET_NOT_APPLICABLE,,
tk-xy-latio-14,tk-xy-latio,XY trainer Kit (Latios),14,Machoke,T2_TCGDEX_ENTITY_PRESENT_IMAGE_ABSENT,card_image_absent,,,,,,,,A0_NOT_APPLICABLE,ASSET_NOT_APPLICABLE,,
tk-xy-latio-15,tk-xy-latio,XY trainer Kit (Latios),15,Rhyhorn,T2_TCGDEX_ENTITY_PRESENT_IMAGE_ABSENT,card_image_absent,,,,,,,,A0_NOT_APPLICABLE,ASSET_NOT_APPLICABLE,,
tk-xy-latio-16,tk-xy-latio,XY trainer Kit (Latios),16,Psychic Energy,T2_TCGDEX_ENTITY_PRESENT_IMAGE_ABSENT,card_image_absent,,,,,,,,A0_NOT_APPLICABLE,ASSET_NOT_APPLICABLE,,
tk-xy-latio-17,tk-xy-latio,XY trainer Kit (Latios),17,Fighting Energy,T2_TCGDEX_ENTITY_PRESENT_IMAGE_ABSENT,card_image_absent,,,,,,,,A0_NOT_APPLICABLE,ASSET_NOT_APPLICABLE,,
tk-xy-latio-18,tk-xy-latio,XY trainer Kit (Latios),18,Psychic Energy,T2_TCGDEX_ENTITY_PRESENT_IMAGE_ABSENT,card_image_absent,,,,,,,,A0_NOT_APPLICABLE,ASSET_NOT_APPLICABLE,,
tk-xy-latio-19,tk-xy-latio,XY trainer Kit (Latios),19,Delcatty,T2_TCGDEX_ENTITY_PRESENT_IMAGE_ABSENT,card_image_absent,,,,,,,,A0_NOT_APPLICABLE,ASSET_NOT_APPLICABLE,,
tk-xy-latio-2,tk-xy-latio,XY trainer Kit (Latios),2,Fighting Energy,T2_TCGDEX_ENTITY_PRESENT_IMAGE_ABSENT,card_image_absent,,,,,,,,A0_NOT_APPLICABLE,ASSET_NOT_APPLICABLE,,
tk-xy-latio-20,tk-xy-latio,XY trainer Kit (Latios),20,Acro Bike,T2_TCGDEX_ENTITY_PRESENT_IMAGE_ABSENT,card_image_absent,,,,,,,,A0_NOT_APPLICABLE,ASSET_NOT_APPLICABLE,,
tk-xy-latio-21,tk-xy-latio,XY trainer Kit (Latios),21,Potion,T2_TCGDEX_ENTITY_PRESENT_IMAGE_ABSENT,card_image_absent,,,,,,,,A0_NOT_APPLICABLE,ASSET_NOT_APPLICABLE,,
tk-xy-latio-22,tk-xy-latio,XY trainer Kit (Latios),22,Machoke,T2_TCGDEX_ENTITY_PRESENT_IMAGE_ABSENT,card_image_absent,,,,,,,,A0_NOT_APPLICABLE,ASSET_NOT_APPLICABLE,,
tk-xy-latio-23,tk-xy-latio,XY trainer Kit (Latios),23,Rhyhorn,T2_TCGDEX_ENTITY_PRESENT_IMAGE_ABSENT,card_image_absent,,,,,,,,A0_NOT_APPLICABLE,ASSET_NOT_APPLICABLE,,
tk-xy-latio-24,tk-xy-latio,XY trainer Kit (Latios),24,Delcatty,T2_TCGDEX_ENTITY_PRESENT_IMAGE_ABSENT,card_image_absent,,,,,,,,A0_NOT_APPLICABLE,ASSET_NOT_APPLICABLE,,
tk-xy-latio-25,tk-xy-latio,XY trainer Kit (Latios),25,Rhydon,T2_TCGDEX_ENTITY_PRESENT_IMAGE_ABSENT,card_image_absent,,,,,,,,A0_NOT_APPLICABLE,ASSET_NOT_APPLICABLE,,
tk-xy-latio-26,tk-xy-latio,XY trainer Kit (Latios),26,Solrock,T2_TCGDEX_ENTITY_PRESENT_IMAGE_ABSENT,card_image_absent,,,,,,,,A0_NOT_APPLICABLE,ASSET_NOT_APPLICABLE,,
tk-xy-latio-27,tk-xy-latio,XY trainer Kit (Latios),27,Skitty,T2_TCGDEX_ENTITY_PRESENT_IMAGE_ABSENT,card_image_absent,,,,,,,,A0_NOT_APPLICABLE,ASSET_NOT_APPLICABLE,,
tk-xy-latio-28,tk-xy-latio,XY trainer Kit (Latios),28,Machop,T2_TCGDEX_ENTITY_PRESENT_IMAGE_ABSENT,card_image_absent,,,,,,,,A0_NOT_APPLICABLE,ASSET_NOT_APPLICABLE,,
tk-xy-latio-29,tk-xy-latio,XY trainer Kit (Latios),29,Psychic Energy,T2_TCGDEX_ENTITY_PRESENT_IMAGE_ABSENT,card_image_absent,,,,,,,,A0_NOT_APPLICABLE,ASSET_NOT_APPLICABLE,,
tk-xy-latio-3,tk-xy-latio,XY trainer Kit (Latios),3,Fighting Energy,T2_TCGDEX_ENTITY_PRESENT_IMAGE_ABSENT,card_image_absent,,,,,,,,A0_NOT_APPLICABLE,ASSET_NOT_APPLICABLE,,
tk-xy-latio-30,tk-xy-latio,XY trainer Kit (Latios),30,Latios,T2_TCGDEX_ENTITY_PRESENT_IMAGE_ABSENT,card_image_absent,,,,,,,,A0_NOT_APPLICABLE,ASSET_NOT_APPLICABLE,,
tk-xy-latio-4,tk-xy-latio,XY trainer Kit (Latios),4,Rhydon,T2_TCGDEX_ENTITY_PRESENT_IMAGE_ABSENT,card_image_absent,,,,,,,,A0_NOT_APPLICABLE,ASSET_NOT_APPLICABLE,,
tk-xy-latio-5,tk-xy-latio,XY trainer Kit (Latios),5,Fighting Energy,T2_TCGDEX_ENTITY_PRESENT_IMAGE_ABSENT,card_image_absent,,,,,,,,A0_NOT_APPLICABLE,ASSET_NOT_APPLICABLE,,
tk-xy-latio-6,tk-xy-latio,XY trainer Kit (Latios),6,Fighting Energy,T2_TCGDEX_ENTITY_PRESENT_IMAGE_ABSENT,card_image_absent,,,,,,,,A0_NOT_APPLICABLE,ASSET_NOT_APPLICABLE,,
tk-xy-latio-7,tk-xy-latio,XY trainer Kit (Latios),7,Fighting Energy,T2_TCGDEX_ENTITY_PRESENT_IMAGE_ABSENT,card_image_absent,,,,,,,,A0_NOT_APPLICABLE,ASSET_NOT_APPLICABLE,,
tk-xy-latio-8,tk-xy-latio,XY trainer Kit (Latios),8,Fighting Energy,T2_TCGDEX_ENTITY_PRESENT_IMAGE_ABSENT,card_image_absent,,,,,,,,A0_NOT_APPLICABLE,ASSET_NOT_APPLICABLE,,
tk-xy-latio-9,tk-xy-latio,XY trainer Kit (Latios),9,Fighting Energy,T2_TCGDEX_ENTITY_PRESENT_IMAGE_ABSENT,card_image_absent,,,,,,,,A0_NOT_APPLICABLE,ASSET_NOT_APPLICABLE,,
tk-xy-n-1,tk-xy-n,XY trainer Kit (Noivern),1,Spoink,T2_TCGDEX_ENTITY_PRESENT_IMAGE_ABSENT,card_image_absent,,,,,,,,A0_NOT_APPLICABLE,ASSET_NOT_APPLICABLE,,
tk-xy-n-10,tk-xy-n,XY trainer Kit (Noivern),10,Psychic Energy,T2_TCGDEX_ENTITY_PRESENT_IMAGE_ABSENT,card_image_absent,,,,,,,,A0_NOT_APPLICABLE,ASSET_NOT_APPLICABLE,,
tk-xy-n-11,tk-xy-n,XY trainer Kit (Noivern),11,Pumpkaboo,T2_TCGDEX_ENTITY_PRESENT_IMAGE_ABSENT,card_image_absent,,,,,,,,A0_NOT_APPLICABLE,ASSET_NOT_APPLICABLE,,
tk-xy-n-12,tk-xy-n,XY trainer Kit (Noivern),12,Noibat,T2_TCGDEX_ENTITY_PRESENT_IMAGE_ABSENT,card_image_absent,,,,,,,,A0_NOT_APPLICABLE,ASSET_NOT_APPLICABLE,,
tk-xy-n-13,tk-xy-n,XY trainer Kit (Noivern),13,Noivern,T2_TCGDEX_ENTITY_PRESENT_IMAGE_ABSENT,card_image_absent,,,,,,,,A0_NOT_APPLICABLE,ASSET_NOT_APPLICABLE,,
tk-xy-n-14,tk-xy-n,XY trainer Kit (Noivern),14,Pokémon Catcher,T2_TCGDEX_ENTITY_PRESENT_IMAGE_ABSENT,card_image_absent,,,,,,,,A0_NOT_APPLICABLE,ASSET_NOT_APPLICABLE,,
tk-xy-n-15,tk-xy-n,XY trainer Kit (Noivern),15,Potion,T2_TCGDEX_ENTITY_PRESENT_IMAGE_ABSENT,card_image_absent,,,,,,,,A0_NOT_APPLICABLE,ASSET_NOT_APPLICABLE,,
tk-xy-n-16,tk-xy-n,XY trainer Kit (Noivern),16,Ekans,T2_TCGDEX_ENTITY_PRESENT_IMAGE_ABSENT,card_image_absent,,,,,,,,A0_NOT_APPLICABLE,ASSET_NOT_APPLICABLE,,
tk-xy-n-17,tk-xy-n,XY trainer Kit (Noivern),17,Psychic Energy,T2_TCGDEX_ENTITY_PRESENT_IMAGE_ABSENT,card_image_absent,,,,,,,,A0_NOT_APPLICABLE,ASSET_NOT_APPLICABLE,,
tk-xy-n-18,tk-xy-n,XY trainer Kit (Noivern),18,Pumpkaboo,T2_TCGDEX_ENTITY_PRESENT_IMAGE_ABSENT,card_image_absent,,,,,,,,A0_NOT_APPLICABLE,ASSET_NOT_APPLICABLE,,
tk-xy-n-19,tk-xy-n,XY trainer Kit (Noivern),19,Darkness Energy,T2_TCGDEX_ENTITY_PRESENT_IMAGE_ABSENT,card_image_absent,,,,,,,,A0_NOT_APPLICABLE,ASSET_NOT_APPLICABLE,,
tk-xy-n-2,tk-xy-n,XY trainer Kit (Noivern),2,Gourgeist,T2_TCGDEX_ENTITY_PRESENT_IMAGE_ABSENT,card_image_absent,,,,,,,,A0_NOT_APPLICABLE,ASSET_NOT_APPLICABLE,,
tk-xy-n-20,tk-xy-n,XY trainer Kit (Noivern),20,Furfrou,T2_TCGDEX_ENTITY_PRESENT_IMAGE_ABSENT,card_image_absent,,,,,,,,A0_NOT_APPLICABLE,ASSET_NOT_APPLICABLE,,
tk-xy-n-21,tk-xy-n,XY trainer Kit (Noivern),21,Poké Ball,T2_TCGDEX_ENTITY_PRESENT_IMAGE_ABSENT,card_image_absent,,,,,,,,A0_NOT_APPLICABLE,ASSET_NOT_APPLICABLE,,
tk-xy-n-22,tk-xy-n,XY trainer Kit (Noivern),22,Darkness Energy,T2_TCGDEX_ENTITY_PRESENT_IMAGE_ABSENT,card_image_absent,,,,,,,,A0_NOT_APPLICABLE,ASSET_NOT_APPLICABLE,,
tk-xy-n-23,tk-xy-n,XY trainer Kit (Noivern),23,Noibat,T2_TCGDEX_ENTITY_PRESENT_IMAGE_ABSENT,card_image_absent,,,,,,,,A0_NOT_APPLICABLE,ASSET_NOT_APPLICABLE,,
tk-xy-n-24,tk-xy-n,XY trainer Kit (Noivern),24,Professor’s Letter,T2_TCGDEX_ENTITY_PRESENT_IMAGE_ABSENT,card_image_absent,,,,,,,,A0_NOT_APPLICABLE,ASSET_NOT_APPLICABLE,,
tk-xy-n-25,tk-xy-n,XY trainer Kit (Noivern),25,Psychic Energy,T2_TCGDEX_ENTITY_PRESENT_IMAGE_ABSENT,card_image_absent,,,,,,,,A0_NOT_APPLICABLE,ASSET_NOT_APPLICABLE,,
tk-xy-n-26,tk-xy-n,XY trainer Kit (Noivern),26,Darkness Energy,T2_TCGDEX_ENTITY_PRESENT_IMAGE_ABSENT,card_image_absent,,,,,,,,A0_NOT_APPLICABLE,ASSET_NOT_APPLICABLE,,
tk-xy-n-27,tk-xy-n,XY trainer Kit (Noivern),27,Potion,T2_TCGDEX_ENTITY_PRESENT_IMAGE_ABSENT,card_image_absent,,,,,,,,A0_NOT_APPLICABLE,ASSET_NOT_APPLICABLE,,
tk-xy-n-28,tk-xy-n,XY trainer Kit (Noivern),28,Darkness Energy,T2_TCGDEX_ENTITY_PRESENT_IMAGE_ABSENT,card_image_absent,,,,,,,,A0_NOT_APPLICABLE,ASSET_NOT_APPLICABLE,,
tk-xy-n-29,tk-xy-n,XY trainer Kit (Noivern),29,Switch,T2_TCGDEX_ENTITY_PRESENT_IMAGE_ABSENT,card_image_absent,,,,,,,,A0_NOT_APPLICABLE,ASSET_NOT_APPLICABLE,,
tk-xy-n-3,tk-xy-n,XY trainer Kit (Noivern),3,Arbok,T2_TCGDEX_ENTITY_PRESENT_IMAGE_ABSENT,card_image_absent,,,,,,,,A0_NOT_APPLICABLE,ASSET_NOT_APPLICABLE,,
tk-xy-n-30,tk-xy-n,XY trainer Kit (Noivern),30,Noivern,T2_TCGDEX_ENTITY_PRESENT_IMAGE_ABSENT,card_image_absent,,,,,,,,A0_NOT_APPLICABLE,ASSET_NOT_APPLICABLE,,
tk-xy-n-4,tk-xy-n,XY trainer Kit (Noivern),4,Bunnelby,T2_TCGDEX_ENTITY_PRESENT_IMAGE_ABSENT,card_image_absent,,,,,,,,A0_NOT_APPLICABLE,ASSET_NOT_APPLICABLE,,
tk-xy-n-5,tk-xy-n,XY trainer Kit (Noivern),5,Psychic Energy,T2_TCGDEX_ENTITY_PRESENT_IMAGE_ABSENT,card_image_absent,,,,,,,,A0_NOT_APPLICABLE,ASSET_NOT_APPLICABLE,,
tk-xy-n-6,tk-xy-n,XY trainer Kit (Noivern),6,Psychic Energy,T2_TCGDEX_ENTITY_PRESENT_IMAGE_ABSENT,card_image_absent,,,,,,,,A0_NOT_APPLICABLE,ASSET_NOT_APPLICABLE,,
tk-xy-n-7,tk-xy-n,XY trainer Kit (Noivern),7,Psychic Energy,T2_TCGDEX_ENTITY_PRESENT_IMAGE_ABSENT,card_image_absent,,,,,,,,A0_NOT_APPLICABLE,ASSET_NOT_APPLICABLE,,
tk-xy-n-8,tk-xy-n,XY trainer Kit (Noivern),8,Psychic Energy,T2_TCGDEX_ENTITY_PRESENT_IMAGE_ABSENT,card_image_absent,,,,,,,,A0_NOT_APPLICABLE,ASSET_NOT_APPLICABLE,,
tk-xy-n-9,tk-xy-n,XY trainer Kit (Noivern),9,Psychic Energy,T2_TCGDEX_ENTITY_PRESENT_IMAGE_ABSENT,card_image_absent,,,,,,,,A0_NOT_APPLICABLE,ASSET_NOT_APPLICABLE,,
tk-xy-p-1,tk-xy-p,XY trainer Kit (Pikachu Libre),1,Glameow,T2_TCGDEX_ENTITY_PRESENT_IMAGE_ABSENT,card_image_absent,,,,,,,,A0_NOT_APPLICABLE,ASSET_NOT_APPLICABLE,,
tk-xy-p-10,tk-xy-p,XY trainer Kit (Pikachu Libre),10,Lightning Energy,T2_TCGDEX_ENTITY_PRESENT_IMAGE_ABSENT,card_image_absent,,,,,,,,A0_NOT_APPLICABLE,ASSET_NOT_APPLICABLE,,
tk-xy-p-11,tk-xy-p,XY trainer Kit (Pikachu Libre),11,Electrike,T2_TCGDEX_ENTITY_PRESENT_IMAGE_ABSENT,card_image_absent,,,,,,,,A0_NOT_APPLICABLE,ASSET_NOT_APPLICABLE,,
tk-xy-p-12,tk-xy-p,XY trainer Kit (Pikachu Libre),12,Blitzle,T2_TCGDEX_ENTITY_PRESENT_IMAGE_ABSENT,card_image_absent,,,,,,,,A0_NOT_APPLICABLE,ASSET_NOT_APPLICABLE,,
tk-xy-p-13,tk-xy-p,XY trainer Kit (Pikachu Libre),13,Manectric,T2_TCGDEX_ENTITY_PRESENT_IMAGE_ABSENT,card_image_absent,,,,,,,,A0_NOT_APPLICABLE,ASSET_NOT_APPLICABLE,,
tk-xy-p-14,tk-xy-p,XY trainer Kit (Pikachu Libre),14,Pikachu Libre,T2_TCGDEX_ENTITY_PRESENT_IMAGE_ABSENT,card_image_absent,,,,,,,,A0_NOT_APPLICABLE,ASSET_NOT_APPLICABLE,,
tk-xy-p-15,tk-xy-p,XY trainer Kit (Pikachu Libre),15,Electabuzz,T2_TCGDEX_ENTITY_PRESENT_IMAGE_ABSENT,card_image_absent,,,,,,,,A0_NOT_APPLICABLE,ASSET_NOT_APPLICABLE,,
tk-xy-p-16,tk-xy-p,XY trainer Kit (Pikachu Libre),16,Fletchling,T2_TCGDEX_ENTITY_PRESENT_IMAGE_ABSENT,card_image_absent,,,,,,,,A0_NOT_APPLICABLE,ASSET_NOT_APPLICABLE,,
tk-xy-p-17,tk-xy-p,XY trainer Kit (Pikachu Libre),17,Lightning Energy,T2_TCGDEX_ENTITY_PRESENT_IMAGE_ABSENT,card_image_absent,,,,,,,,A0_NOT_APPLICABLE,ASSET_NOT_APPLICABLE,,
tk-xy-p-18,tk-xy-p,XY trainer Kit (Pikachu Libre),18,Lightning Energy,T2_TCGDEX_ENTITY_PRESENT_IMAGE_ABSENT,card_image_absent,,,,,,,,A0_NOT_APPLICABLE,ASSET_NOT_APPLICABLE,,
tk-xy-p-19,tk-xy-p,XY trainer Kit (Pikachu Libre),19,Purugly,T2_TCGDEX_ENTITY_PRESENT_IMAGE_ABSENT,card_image_absent,,,,,,,,A0_NOT_APPLICABLE,ASSET_NOT_APPLICABLE,,
tk-xy-p-2,tk-xy-p,XY trainer Kit (Pikachu Libre),2,Lightning Energy,T2_TCGDEX_ENTITY_PRESENT_IMAGE_ABSENT,card_image_absent,,,,,,,,A0_NOT_APPLICABLE,ASSET_NOT_APPLICABLE,,
tk-xy-p-20,tk-xy-p,XY trainer Kit (Pikachu Libre),20,Tierno,T2_TCGDEX_ENTITY_PRESENT_IMAGE_ABSENT,card_image_absent,,,,,,,,A0_NOT_APPLICABLE,ASSET_NOT_APPLICABLE,,
tk-xy-p-21,tk-xy-p,XY trainer Kit (Pikachu Libre),21,Potion,T2_TCGDEX_ENTITY_PRESENT_IMAGE_ABSENT,card_image_absent,,,,,,,,A0_NOT_APPLICABLE,ASSET_NOT_APPLICABLE,,
tk-xy-p-22,tk-xy-p,XY trainer Kit (Pikachu Libre),22,Manectric,T2_TCGDEX_ENTITY_PRESENT_IMAGE_ABSENT,card_image_absent,,,,,,,,A0_NOT_APPLICABLE,ASSET_NOT_APPLICABLE,,
tk-xy-p-23,tk-xy-p,XY trainer Kit (Pikachu Libre),23,Electabuzz,T2_TCGDEX_ENTITY_PRESENT_IMAGE_ABSENT,card_image_absent,,,,,,,,A0_NOT_APPLICABLE,ASSET_NOT_APPLICABLE,,
tk-xy-p-24,tk-xy-p,XY trainer Kit (Pikachu Libre),24,Purugly,T2_TCGDEX_ENTITY_PRESENT_IMAGE_ABSENT,card_image_absent,,,,,,,,A0_NOT_APPLICABLE,ASSET_NOT_APPLICABLE,,
tk-xy-p-25,tk-xy-p,XY trainer Kit (Pikachu Libre),25,Electivire,T2_TCGDEX_ENTITY_PRESENT_IMAGE_ABSENT,card_image_absent,,,,,,,,A0_NOT_APPLICABLE,ASSET_NOT_APPLICABLE,,
tk-xy-p-26,tk-xy-p,XY trainer Kit (Pikachu Libre),26,Blitzle,T2_TCGDEX_ENTITY_PRESENT_IMAGE_ABSENT,card_image_absent,,,,,,,,A0_NOT_APPLICABLE,ASSET_NOT_APPLICABLE,,
tk-xy-p-27,tk-xy-p,XY trainer Kit (Pikachu Libre),27,Glameow,T2_TCGDEX_ENTITY_PRESENT_IMAGE_ABSENT,card_image_absent,,,,,,,,A0_NOT_APPLICABLE,ASSET_NOT_APPLICABLE,,
tk-xy-p-28,tk-xy-p,XY trainer Kit (Pikachu Libre),28,Electrike,T2_TCGDEX_ENTITY_PRESENT_IMAGE_ABSENT,card_image_absent,,,,,,,,A0_NOT_APPLICABLE,ASSET_NOT_APPLICABLE,,
tk-xy-p-29,tk-xy-p,XY trainer Kit (Pikachu Libre),29,Lightning Energy,T2_TCGDEX_ENTITY_PRESENT_IMAGE_ABSENT,card_image_absent,,,,,,,,A0_NOT_APPLICABLE,ASSET_NOT_APPLICABLE,,
tk-xy-p-3,tk-xy-p,XY trainer Kit (Pikachu Libre),3,Lightning Energy,T2_TCGDEX_ENTITY_PRESENT_IMAGE_ABSENT,card_image_absent,,,,,,,,A0_NOT_APPLICABLE,ASSET_NOT_APPLICABLE,,
tk-xy-p-30,tk-xy-p,XY trainer Kit (Pikachu Libre),30,Pikachu Libre,T2_TCGDEX_ENTITY_PRESENT_IMAGE_ABSENT,card_image_absent,,,,,,,,A0_NOT_APPLICABLE,ASSET_NOT_APPLICABLE,,
tk-xy-p-4,tk-xy-p,XY trainer Kit (Pikachu Libre),4,Electivire,T2_TCGDEX_ENTITY_PRESENT_IMAGE_ABSENT,card_image_absent,,,,,,,,A0_NOT_APPLICABLE,ASSET_NOT_APPLICABLE,,
tk-xy-p-5,tk-xy-p,XY trainer Kit (Pikachu Libre),5,Lightning Energy,T2_TCGDEX_ENTITY_PRESENT_IMAGE_ABSENT,card_image_absent,,,,,,,,A0_NOT_APPLICABLE,ASSET_NOT_APPLICABLE,,
tk-xy-p-6,tk-xy-p,XY trainer Kit (Pikachu Libre),6,Lightning Energy,T2_TCGDEX_ENTITY_PRESENT_IMAGE_ABSENT,card_image_absent,,,,,,,,A0_NOT_APPLICABLE,ASSET_NOT_APPLICABLE,,
tk-xy-p-7,tk-xy-p,XY trainer Kit (Pikachu Libre),7,Taillow,T2_TCGDEX_ENTITY_PRESENT_IMAGE_ABSENT,card_image_absent,,,,,,,,A0_NOT_APPLICABLE,ASSET_NOT_APPLICABLE,,
tk-xy-p-8,tk-xy-p,XY trainer Kit (Pikachu Libre),8,Lightning Energy,T2_TCGDEX_ENTITY_PRESENT_IMAGE_ABSENT,card_image_absent,,,,,,,,A0_NOT_APPLICABLE,ASSET_NOT_APPLICABLE,,
tk-xy-p-9,tk-xy-p,XY trainer Kit (Pikachu Libre),9,Lightning Energy,T2_TCGDEX_ENTITY_PRESENT_IMAGE_ABSENT,card_image_absent,,,,,,,,A0_NOT_APPLICABLE,ASSET_NOT_APPLICABLE,,
tk-xy-su-1,tk-xy-su,XY trainer Kit (Suicune),1,Water Energy,T2_TCGDEX_ENTITY_PRESENT_IMAGE_ABSENT,card_image_absent,,,,,,,,A0_NOT_APPLICABLE,ASSET_NOT_APPLICABLE,,
tk-xy-su-10,tk-xy-su,XY trainer Kit (Suicune),10,Water Energy,T2_TCGDEX_ENTITY_PRESENT_IMAGE_ABSENT,card_image_absent,,,,,,,,A0_NOT_APPLICABLE,ASSET_NOT_APPLICABLE,,
tk-xy-su-11,tk-xy-su,XY trainer Kit (Suicune),11,Froakie,T2_TCGDEX_ENTITY_PRESENT_IMAGE_ABSENT,card_image_absent,,,,,,,,A0_NOT_APPLICABLE,ASSET_NOT_APPLICABLE,,
tk-xy-su-12,tk-xy-su,XY trainer Kit (Suicune),12,Seaking,T2_TCGDEX_ENTITY_PRESENT_IMAGE_ABSENT,card_image_absent,,,,,,,,A0_NOT_APPLICABLE,ASSET_NOT_APPLICABLE,,
tk-xy-su-13,tk-xy-su,XY trainer Kit (Suicune),13,Goldeen,T2_TCGDEX_ENTITY_PRESENT_IMAGE_ABSENT,card_image_absent,,,,,,,,A0_NOT_APPLICABLE,ASSET_NOT_APPLICABLE,,
tk-xy-su-14,tk-xy-su,XY trainer Kit (Suicune),14,Suicune,T2_TCGDEX_ENTITY_PRESENT_IMAGE_ABSENT,card_image_absent,,,,,,,,A0_NOT_APPLICABLE,ASSET_NOT_APPLICABLE,,
tk-xy-su-15,tk-xy-su,XY trainer Kit (Suicune),15,Potion,T2_TCGDEX_ENTITY_PRESENT_IMAGE_ABSENT,card_image_absent,,,,,,,,A0_NOT_APPLICABLE,ASSET_NOT_APPLICABLE,,
tk-xy-su-16,tk-xy-su,XY trainer Kit (Suicune),16,Piplup,T2_TCGDEX_ENTITY_PRESENT_IMAGE_ABSENT,card_image_absent,,,,,,,,A0_NOT_APPLICABLE,ASSET_NOT_APPLICABLE,,
tk-xy-su-17,tk-xy-su,XY trainer Kit (Suicune),17,Water Energy,T2_TCGDEX_ENTITY_PRESENT_IMAGE_ABSENT,card_image_absent,,,,,,,,A0_NOT_APPLICABLE,ASSET_NOT_APPLICABLE,,
tk-xy-su-18,tk-xy-su,XY trainer Kit (Suicune),18,Swanna,T2_TCGDEX_ENTITY_PRESENT_IMAGE_ABSENT,card_image_absent,,,,,,,,A0_NOT_APPLICABLE,ASSET_NOT_APPLICABLE,,
tk-xy-su-19,tk-xy-su,XY trainer Kit (Suicune),19,Water Energy,T2_TCGDEX_ENTITY_PRESENT_IMAGE_ABSENT,card_image_absent,,,,,,,,A0_NOT_APPLICABLE,ASSET_NOT_APPLICABLE,,
tk-xy-su-2,tk-xy-su,XY trainer Kit (Suicune),2,Water Energy,T2_TCGDEX_ENTITY_PRESENT_IMAGE_ABSENT,card_image_absent,,,,,,,,A0_NOT_APPLICABLE,ASSET_NOT_APPLICABLE,,
tk-xy-su-20,tk-xy-su,XY trainer Kit (Suicune),20,Tierno,T2_TCGDEX_ENTITY_PRESENT_IMAGE_ABSENT,card_image_absent,,,,,,,,A0_NOT_APPLICABLE,ASSET_NOT_APPLICABLE,,
tk-xy-su-21,tk-xy-su,XY trainer Kit (Suicune),21,Frogadier,T2_TCGDEX_ENTITY_PRESENT_IMAGE_ABSENT,card_image_absent,,,,,,,,A0_NOT_APPLICABLE,ASSET_NOT_APPLICABLE,,
tk-xy-su-22,tk-xy-su,XY trainer Kit (Suicune),22,Water Energy,T2_TCGDEX_ENTITY_PRESENT_IMAGE_ABSENT,card_image_absent,,,,,,,,A0_NOT_APPLICABLE,ASSET_NOT_APPLICABLE,,
tk-xy-su-23,tk-xy-su,XY trainer Kit (Suicune),23,Froakie,T2_TCGDEX_ENTITY_PRESENT_IMAGE_ABSENT,card_image_absent,,,,,,,,A0_NOT_APPLICABLE,ASSET_NOT_APPLICABLE,,
tk-xy-su-24,tk-xy-su,XY trainer Kit (Suicune),24,Ducklett,T2_TCGDEX_ENTITY_PRESENT_IMAGE_ABSENT,card_image_absent,,,,,,,,A0_NOT_APPLICABLE,ASSET_NOT_APPLICABLE,,
tk-xy-su-25,tk-xy-su,XY trainer Kit (Suicune),25,Seaking,T2_TCGDEX_ENTITY_PRESENT_IMAGE_ABSENT,card_image_absent,,,,,,,,A0_NOT_APPLICABLE,ASSET_NOT_APPLICABLE,,
tk-xy-su-26,tk-xy-su,XY trainer Kit (Suicune),26,Goldeen,T2_TCGDEX_ENTITY_PRESENT_IMAGE_ABSENT,card_image_absent,,,,,,,,A0_NOT_APPLICABLE,ASSET_NOT_APPLICABLE,,
tk-xy-su-27,tk-xy-su,XY trainer Kit (Suicune),27,Swanna,T2_TCGDEX_ENTITY_PRESENT_IMAGE_ABSENT,card_image_absent,,,,,,,,A0_NOT_APPLICABLE,ASSET_NOT_APPLICABLE,,
tk-xy-su-28,tk-xy-su,XY trainer Kit (Suicune),28,Water Energy,T2_TCGDEX_ENTITY_PRESENT_IMAGE_ABSENT,card_image_absent,,,,,,,,A0_NOT_APPLICABLE,ASSET_NOT_APPLICABLE,,
tk-xy-su-29,tk-xy-su,XY trainer Kit (Suicune),29,Tierno,T2_TCGDEX_ENTITY_PRESENT_IMAGE_ABSENT,card_image_absent,,,,,,,,A0_NOT_APPLICABLE,ASSET_NOT_APPLICABLE,,
tk-xy-su-3,tk-xy-su,XY trainer Kit (Suicune),3,Water Energy,T2_TCGDEX_ENTITY_PRESENT_IMAGE_ABSENT,card_image_absent,,,,,,,,A0_NOT_APPLICABLE,ASSET_NOT_APPLICABLE,,
tk-xy-su-30,tk-xy-su,XY trainer Kit (Suicune),30,Suicune,T2_TCGDEX_ENTITY_PRESENT_IMAGE_ABSENT,card_image_absent,,,,,,,,A0_NOT_APPLICABLE,ASSET_NOT_APPLICABLE,,
tk-xy-su-4,tk-xy-su,XY trainer Kit (Suicune),4,Eevee,T2_TCGDEX_ENTITY_PRESENT_IMAGE_ABSENT,card_image_absent,,,,,,,,A0_NOT_APPLICABLE,ASSET_NOT_APPLICABLE,,
tk-xy-su-5,tk-xy-su,XY trainer Kit (Suicune),5,Water Energy,T2_TCGDEX_ENTITY_PRESENT_IMAGE_ABSENT,card_image_absent,,,,,,,,A0_NOT_APPLICABLE,ASSET_NOT_APPLICABLE,,
tk-xy-su-6,tk-xy-su,XY trainer Kit (Suicune),6,Frogadier,T2_TCGDEX_ENTITY_PRESENT_IMAGE_ABSENT,card_image_absent,,,,,,,,A0_NOT_APPLICABLE,ASSET_NOT_APPLICABLE,,
tk-xy-su-7,tk-xy-su,XY trainer Kit (Suicune),7,Ducklett,T2_TCGDEX_ENTITY_PRESENT_IMAGE_ABSENT,card_image_absent,,,,,,,,A0_NOT_APPLICABLE,ASSET_NOT_APPLICABLE,,
tk-xy-su-8,tk-xy-su,XY trainer Kit (Suicune),8,Water Energy,T2_TCGDEX_ENTITY_PRESENT_IMAGE_ABSENT,card_image_absent,,,,,,,,A0_NOT_APPLICABLE,ASSET_NOT_APPLICABLE,,
tk-xy-su-9,tk-xy-su,XY trainer Kit (Suicune),9,Water Energy,T2_TCGDEX_ENTITY_PRESENT_IMAGE_ABSENT,card_image_absent,,,,,,,,A0_NOT_APPLICABLE,ASSET_NOT_APPLICABLE,,
tk-xy-sy-1,tk-xy-sy,XY trainer Kit (Sylveon),1,Fletchling,T2_TCGDEX_ENTITY_PRESENT_IMAGE_ABSENT,card_image_absent,,,,,,,,A0_NOT_APPLICABLE,ASSET_NOT_APPLICABLE,,
tk-xy-sy-10,tk-xy-sy,XY trainer Kit (Sylveon),10,Fairy Energy,T2_TCGDEX_ENTITY_PRESENT_IMAGE_ABSENT,card_image_absent,,,,,,,,A0_NOT_APPLICABLE,ASSET_NOT_APPLICABLE,,
tk-xy-sy-11,tk-xy-sy,XY trainer Kit (Sylveon),11,Snubbull,T2_TCGDEX_ENTITY_PRESENT_IMAGE_ABSENT,card_image_absent,,,,,,,,A0_NOT_APPLICABLE,ASSET_NOT_APPLICABLE,,
tk-xy-sy-12,tk-xy-sy,XY trainer Kit (Sylveon),12,Fairy Energy,T2_TCGDEX_ENTITY_PRESENT_IMAGE_ABSENT,card_image_absent,,,,,,,,A0_NOT_APPLICABLE,ASSET_NOT_APPLICABLE,,
tk-xy-sy-13,tk-xy-sy,XY trainer Kit (Sylveon),13,Eevee,T2_TCGDEX_ENTITY_PRESENT_IMAGE_ABSENT,card_image_absent,,,,,,,,A0_NOT_APPLICABLE,ASSET_NOT_APPLICABLE,,
tk-xy-sy-14,tk-xy-sy,XY trainer Kit (Sylveon),14,Granbull,T2_TCGDEX_ENTITY_PRESENT_IMAGE_ABSENT,card_image_absent,,,,,,,,A0_NOT_APPLICABLE,ASSET_NOT_APPLICABLE,,
tk-xy-sy-15,tk-xy-sy,XY trainer Kit (Sylveon),15,Sylveon,T2_TCGDEX_ENTITY_PRESENT_IMAGE_ABSENT,card_image_absent,,,,,,,,A0_NOT_APPLICABLE,ASSET_NOT_APPLICABLE,,
tk-xy-sy-16,tk-xy-sy,XY trainer Kit (Sylveon),16,Furfrou,T2_TCGDEX_ENTITY_PRESENT_IMAGE_ABSENT,card_image_absent,,,,,,,,A0_NOT_APPLICABLE,ASSET_NOT_APPLICABLE,,
tk-xy-sy-17,tk-xy-sy,XY trainer Kit (Sylveon),17,Fairy Energy,T2_TCGDEX_ENTITY_PRESENT_IMAGE_ABSENT,card_image_absent,,,,,,,,A0_NOT_APPLICABLE,ASSET_NOT_APPLICABLE,,
tk-xy-sy-18,tk-xy-sy,XY trainer Kit (Sylveon),18,Fairy Energy,T2_TCGDEX_ENTITY_PRESENT_IMAGE_ABSENT,card_image_absent,,,,,,,,A0_NOT_APPLICABLE,ASSET_NOT_APPLICABLE,,
tk-xy-sy-19,tk-xy-sy,XY trainer Kit (Sylveon),19,Fletchling,T2_TCGDEX_ENTITY_PRESENT_IMAGE_ABSENT,card_image_absent,,,,,,,,A0_NOT_APPLICABLE,ASSET_NOT_APPLICABLE,,
tk-xy-sy-2,tk-xy-sy,XY trainer Kit (Sylveon),2,Fairy Energy,T2_TCGDEX_ENTITY_PRESENT_IMAGE_ABSENT,card_image_absent,,,,,,,,A0_NOT_APPLICABLE,ASSET_NOT_APPLICABLE,,
tk-xy-sy-20,tk-xy-sy,XY trainer Kit (Sylveon),20,Potion,T2_TCGDEX_ENTITY_PRESENT_IMAGE_ABSENT,card_image_absent,,,,,,,,A0_NOT_APPLICABLE,ASSET_NOT_APPLICABLE,,
tk-xy-sy-21,tk-xy-sy,XY trainer Kit (Sylveon),21,Eevee,T2_TCGDEX_ENTITY_PRESENT_IMAGE_ABSENT,card_image_absent,,,,,,,,A0_NOT_APPLICABLE,ASSET_NOT_APPLICABLE,,
tk-xy-sy-22,tk-xy-sy,XY trainer Kit (Sylveon),22,Furfrou,T2_TCGDEX_ENTITY_PRESENT_IMAGE_ABSENT,card_image_absent,,,,,,,,A0_NOT_APPLICABLE,ASSET_NOT_APPLICABLE,,
tk-xy-sy-23,tk-xy-sy,XY trainer Kit (Sylveon),23,Pokémon Catcher,T2_TCGDEX_ENTITY_PRESENT_IMAGE_ABSENT,card_image_absent,,,,,,,,A0_NOT_APPLICABLE,ASSET_NOT_APPLICABLE,,
tk-xy-sy-24,tk-xy-sy,XY trainer Kit (Sylveon),24,Potion,T2_TCGDEX_ENTITY_PRESENT_IMAGE_ABSENT,card_image_absent,,,,,,,,A0_NOT_APPLICABLE,ASSET_NOT_APPLICABLE,,
tk-xy-sy-25,tk-xy-sy,XY trainer Kit (Sylveon),25,Fairy Energy,T2_TCGDEX_ENTITY_PRESENT_IMAGE_ABSENT,card_image_absent,,,,,,,,A0_NOT_APPLICABLE,ASSET_NOT_APPLICABLE,,
tk-xy-sy-26,tk-xy-sy,XY trainer Kit (Sylveon),26,Poké Ball,T2_TCGDEX_ENTITY_PRESENT_IMAGE_ABSENT,card_image_absent,,,,,,,,A0_NOT_APPLICABLE,ASSET_NOT_APPLICABLE,,
tk-xy-sy-27,tk-xy-sy,XY trainer Kit (Sylveon),27,Snubbull,T2_TCGDEX_ENTITY_PRESENT_IMAGE_ABSENT,card_image_absent,,,,,,,,A0_NOT_APPLICABLE,ASSET_NOT_APPLICABLE,,
tk-xy-sy-28,tk-xy-sy,XY trainer Kit (Sylveon),28,Professor’s Letter,T2_TCGDEX_ENTITY_PRESENT_IMAGE_ABSENT,card_image_absent,,,,,,,,A0_NOT_APPLICABLE,ASSET_NOT_APPLICABLE,,
tk-xy-sy-29,tk-xy-sy,XY trainer Kit (Sylveon),29,Granbull,T2_TCGDEX_ENTITY_PRESENT_IMAGE_ABSENT,card_image_absent,,,,,,,,A0_NOT_APPLICABLE,ASSET_NOT_APPLICABLE,,
tk-xy-sy-3,tk-xy-sy,XY trainer Kit (Sylveon),3,Fairy Energy,T2_TCGDEX_ENTITY_PRESENT_IMAGE_ABSENT,card_image_absent,,,,,,,,A0_NOT_APPLICABLE,ASSET_NOT_APPLICABLE,,
tk-xy-sy-30,tk-xy-sy,XY trainer Kit (Sylveon),30,Sylveon,T2_TCGDEX_ENTITY_PRESENT_IMAGE_ABSENT,card_image_absent,,,,,,,,A0_NOT_APPLICABLE,ASSET_NOT_APPLICABLE,,
tk-xy-sy-4,tk-xy-sy,XY trainer Kit (Sylveon),4,Switch,T2_TCGDEX_ENTITY_PRESENT_IMAGE_ABSENT,card_image_absent,,,,,,,,A0_NOT_APPLICABLE,ASSET_NOT_APPLICABLE,,
tk-xy-sy-5,tk-xy-sy,XY trainer Kit (Sylveon),5,Fairy Energy,T2_TCGDEX_ENTITY_PRESENT_IMAGE_ABSENT,card_image_absent,,,,,,,,A0_NOT_APPLICABLE,ASSET_NOT_APPLICABLE,,
tk-xy-sy-6,tk-xy-sy,XY trainer Kit (Sylveon),6,Fairy Energy,T2_TCGDEX_ENTITY_PRESENT_IMAGE_ABSENT,card_image_absent,,,,,,,,A0_NOT_APPLICABLE,ASSET_NOT_APPLICABLE,,
tk-xy-sy-7,tk-xy-sy,XY trainer Kit (Sylveon),7,Fairy Energy,T2_TCGDEX_ENTITY_PRESENT_IMAGE_ABSENT,card_image_absent,,,,,,,,A0_NOT_APPLICABLE,ASSET_NOT_APPLICABLE,,
tk-xy-sy-8,tk-xy-sy,XY trainer Kit (Sylveon),8,Fairy Energy,T2_TCGDEX_ENTITY_PRESENT_IMAGE_ABSENT,card_image_absent,,,,,,,,A0_NOT_APPLICABLE,ASSET_NOT_APPLICABLE,,
tk-xy-sy-9,tk-xy-sy,XY trainer Kit (Sylveon),9,Fairy Energy,T2_TCGDEX_ENTITY_PRESENT_IMAGE_ABSENT,card_image_absent,,,,,,,,A0_NOT_APPLICABLE,ASSET_NOT_APPLICABLE,,
tk-xy-w-1,tk-xy-w,XY trainer Kit (Wigglytuff),1,Swirlix,T2_TCGDEX_ENTITY_PRESENT_IMAGE_ABSENT,card_image_absent,,,,,,,,A0_NOT_APPLICABLE,ASSET_NOT_APPLICABLE,,
tk-xy-w-10,tk-xy-w,XY trainer Kit (Wigglytuff),10,Fairy Energy,T2_TCGDEX_ENTITY_PRESENT_IMAGE_ABSENT,card_image_absent,,,,,,,,A0_NOT_APPLICABLE,ASSET_NOT_APPLICABLE,,
tk-xy-w-11,tk-xy-w,XY trainer Kit (Wigglytuff),11,Pidgey,T2_TCGDEX_ENTITY_PRESENT_IMAGE_ABSENT,card_image_absent,,,,,,,,A0_NOT_APPLICABLE,ASSET_NOT_APPLICABLE,,
tk-xy-w-12,tk-xy-w,XY trainer Kit (Wigglytuff),12,Jigglypuff,T2_TCGDEX_ENTITY_PRESENT_IMAGE_ABSENT,card_image_absent,,,,,,,,A0_NOT_APPLICABLE,ASSET_NOT_APPLICABLE,,
tk-xy-w-13,tk-xy-w,XY trainer Kit (Wigglytuff),13,Clefairy,T2_TCGDEX_ENTITY_PRESENT_IMAGE_ABSENT,card_image_absent,,,,,,,,A0_NOT_APPLICABLE,ASSET_NOT_APPLICABLE,,
tk-xy-w-14,tk-xy-w,XY trainer Kit (Wigglytuff),14,Wigglytuff,T2_TCGDEX_ENTITY_PRESENT_IMAGE_ABSENT,card_image_absent,,,,,,,,A0_NOT_APPLICABLE,ASSET_NOT_APPLICABLE,,
tk-xy-w-15,tk-xy-w,XY trainer Kit (Wigglytuff),15,Potion,T2_TCGDEX_ENTITY_PRESENT_IMAGE_ABSENT,card_image_absent,,,,,,,,A0_NOT_APPLICABLE,ASSET_NOT_APPLICABLE,,
tk-xy-w-16,tk-xy-w,XY trainer Kit (Wigglytuff),16,Clefable,T2_TCGDEX_ENTITY_PRESENT_IMAGE_ABSENT,card_image_absent,,,,,,,,A0_NOT_APPLICABLE,ASSET_NOT_APPLICABLE,,
tk-xy-w-17,tk-xy-w,XY trainer Kit (Wigglytuff),17,Fairy Energy,T2_TCGDEX_ENTITY_PRESENT_IMAGE_ABSENT,card_image_absent,,,,,,,,A0_NOT_APPLICABLE,ASSET_NOT_APPLICABLE,,
tk-xy-w-18,tk-xy-w,XY trainer Kit (Wigglytuff),18,Swirlix,T2_TCGDEX_ENTITY_PRESENT_IMAGE_ABSENT,card_image_absent,,,,,,,,A0_NOT_APPLICABLE,ASSET_NOT_APPLICABLE,,
tk-xy-w-19,tk-xy-w,XY trainer Kit (Wigglytuff),19,Clefairy,T2_TCGDEX_ENTITY_PRESENT_IMAGE_ABSENT,card_image_absent,,,,,,,,A0_NOT_APPLICABLE,ASSET_NOT_APPLICABLE,,
tk-xy-w-2,tk-xy-w,XY trainer Kit (Wigglytuff),2,Pidgeotto,T2_TCGDEX_ENTITY_PRESENT_IMAGE_ABSENT,card_image_absent,,,,,,,,A0_NOT_APPLICABLE,ASSET_NOT_APPLICABLE,,
tk-xy-w-20,tk-xy-w,XY trainer Kit (Wigglytuff),20,Potion,T2_TCGDEX_ENTITY_PRESENT_IMAGE_ABSENT,card_image_absent,,,,,,,,A0_NOT_APPLICABLE,ASSET_NOT_APPLICABLE,,
tk-xy-w-21,tk-xy-w,XY trainer Kit (Wigglytuff),21,Fairy Energy,T2_TCGDEX_ENTITY_PRESENT_IMAGE_ABSENT,card_image_absent,,,,,,,,A0_NOT_APPLICABLE,ASSET_NOT_APPLICABLE,,
tk-xy-w-22,tk-xy-w,XY trainer Kit (Wigglytuff),22,Fairy Energy,T2_TCGDEX_ENTITY_PRESENT_IMAGE_ABSENT,card_image_absent,,,,,,,,A0_NOT_APPLICABLE,ASSET_NOT_APPLICABLE,,
tk-xy-w-23,tk-xy-w,XY trainer Kit (Wigglytuff),23,Pidgeotto,T2_TCGDEX_ENTITY_PRESENT_IMAGE_ABSENT,card_image_absent,,,,,,,,A0_NOT_APPLICABLE,ASSET_NOT_APPLICABLE,,
tk-xy-w-24,tk-xy-w,XY trainer Kit (Wigglytuff),24,Trevor,T2_TCGDEX_ENTITY_PRESENT_IMAGE_ABSENT,card_image_absent,,,,,,,,A0_NOT_APPLICABLE,ASSET_NOT_APPLICABLE,,
tk-xy-w-25,tk-xy-w,XY trainer Kit (Wigglytuff),25,Jigglypuff,T2_TCGDEX_ENTITY_PRESENT_IMAGE_ABSENT,card_image_absent,,,,,,,,A0_NOT_APPLICABLE,ASSET_NOT_APPLICABLE,,
tk-xy-w-26,tk-xy-w,XY trainer Kit (Wigglytuff),26,Tierno,T2_TCGDEX_ENTITY_PRESENT_IMAGE_ABSENT,card_image_absent,,,,,,,,A0_NOT_APPLICABLE,ASSET_NOT_APPLICABLE,,
tk-xy-w-27,tk-xy-w,XY trainer Kit (Wigglytuff),27,Fairy Energy,T2_TCGDEX_ENTITY_PRESENT_IMAGE_ABSENT,card_image_absent,,,,,,,,A0_NOT_APPLICABLE,ASSET_NOT_APPLICABLE,,
tk-xy-w-28,tk-xy-w,XY trainer Kit (Wigglytuff),28,Clefable,T2_TCGDEX_ENTITY_PRESENT_IMAGE_ABSENT,card_image_absent,,,,,,,,A0_NOT_APPLICABLE,ASSET_NOT_APPLICABLE,,
tk-xy-w-29,tk-xy-w,XY trainer Kit (Wigglytuff),29,Pidgey,T2_TCGDEX_ENTITY_PRESENT_IMAGE_ABSENT,card_image_absent,,,,,,,,A0_NOT_APPLICABLE,ASSET_NOT_APPLICABLE,,
tk-xy-w-3,tk-xy-w,XY trainer Kit (Wigglytuff),3,Fairy Energy,T2_TCGDEX_ENTITY_PRESENT_IMAGE_ABSENT,card_image_absent,,,,,,,,A0_NOT_APPLICABLE,ASSET_NOT_APPLICABLE,,
tk-xy-w-30,tk-xy-w,XY trainer Kit (Wigglytuff),30,Wigglytuff,T2_TCGDEX_ENTITY_PRESENT_IMAGE_ABSENT,card_image_absent,,,,,,,,A0_NOT_APPLICABLE,ASSET_NOT_APPLICABLE,,
tk-xy-w-4,tk-xy-w,XY trainer Kit (Wigglytuff),4,Sentret,T2_TCGDEX_ENTITY_PRESENT_IMAGE_ABSENT,card_image_absent,,,,,,,,A0_NOT_APPLICABLE,ASSET_NOT_APPLICABLE,,
tk-xy-w-5,tk-xy-w,XY trainer Kit (Wigglytuff),5,Fairy Energy,T2_TCGDEX_ENTITY_PRESENT_IMAGE_ABSENT,card_image_absent,,,,,,,,A0_NOT_APPLICABLE,ASSET_NOT_APPLICABLE,,
tk-xy-w-6,tk-xy-w,XY trainer Kit (Wigglytuff),6,Fairy Energy,T2_TCGDEX_ENTITY_PRESENT_IMAGE_ABSENT,card_image_absent,,,,,,,,A0_NOT_APPLICABLE,ASSET_NOT_APPLICABLE,,
tk-xy-w-7,tk-xy-w,XY trainer Kit (Wigglytuff),7,Fairy Energy,T2_TCGDEX_ENTITY_PRESENT_IMAGE_ABSENT,card_image_absent,,,,,,,,A0_NOT_APPLICABLE,ASSET_NOT_APPLICABLE,,
tk-xy-w-8,tk-xy-w,XY trainer Kit (Wigglytuff),8,Fairy Energy,T2_TCGDEX_ENTITY_PRESENT_IMAGE_ABSENT,card_image_absent,,,,,,,,A0_NOT_APPLICABLE,ASSET_NOT_APPLICABLE,,
tk-xy-w-9,tk-xy-w,XY trainer Kit (Wigglytuff),9,Fairy Energy,T2_TCGDEX_ENTITY_PRESENT_IMAGE_ABSENT,card_image_absent,,,,,,,,A0_NOT_APPLICABLE,ASSET_NOT_APPLICABLE,,
xy8-146a,xy8,BREAKthrough,146a,Professor's Letter,T2_TCGDEX_ENTITY_PRESENT_IMAGE_ABSENT,brief_image_absent_field_projected,,,,,,,,A0_NOT_APPLICABLE,ASSET_NOT_APPLICABLE,,
xya-107a,xya,Yellow A Alternate,107a,Professor Sycamore,T2_TCGDEX_ENTITY_PRESENT_IMAGE_ABSENT,card_image_absent,,,,,,,,A0_NOT_APPLICABLE,ASSET_NOT_APPLICABLE,,
xya-24a,xya,Yellow A Alternate,24a,M Manectric-EX,T2_TCGDEX_ENTITY_PRESENT_IMAGE_ABSENT,card_image_absent,,,,,,,,A0_NOT_APPLICABLE,ASSET_NOT_APPLICABLE,,
xya-28a,xya,Yellow A Alternate,28a,Jolteon-EX,T2_TCGDEX_ENTITY_PRESENT_IMAGE_ABSENT,card_image_absent,,,,,,,,A0_NOT_APPLICABLE,ASSET_NOT_APPLICABLE,,
xya-54a,xya,Yellow A Alternate,54a,Zygarde-EX,T2_TCGDEX_ENTITY_PRESENT_IMAGE_ABSENT,card_image_absent,,,,,,,,A0_NOT_APPLICABLE,ASSET_NOT_APPLICABLE,,
xya-55a,xya,Yellow A Alternate,55a,M Lucario-EX,T2_TCGDEX_ENTITY_PRESENT_IMAGE_ABSENT,card_image_absent,,,,,,,,A0_NOT_APPLICABLE,ASSET_NOT_APPLICABLE,,
xya-92a,xya,Yellow A Alternate,92a,Trainers’ Mail,T2_TCGDEX_ENTITY_PRESENT_IMAGE_ABSENT,card_image_absent,,,,,,,,A0_NOT_APPLICABLE,ASSET_NOT_APPLICABLE,,
xyp-XY39,xyp,XY Black Star Promos,XY39,Kingdra,T2_TCGDEX_ENTITY_PRESENT_IMAGE_ABSENT,brief_image_absent_field_projected,,,,,,,,A0_NOT_APPLICABLE,ASSET_NOT_APPLICABLE,,
xyp-XY46,xyp,XY Black Star Promos,XY46,Altaria,T2_TCGDEX_ENTITY_PRESENT_IMAGE_ABSENT,brief_image_absent_field_projected,,,,,,,,A0_NOT_APPLICABLE,ASSET_NOT_APPLICABLE,,
xyp-XY68,xyp,XY Black Star Promos,XY68,Chesnaught,T2_TCGDEX_ENTITY_PRESENT_IMAGE_ABSENT,brief_image_absent_field_projected,,,,,,,,A0_NOT_APPLICABLE,ASSET_NOT_APPLICABLE,,
